# vtk DataFile Version 3.0
Generated by iGameMesh-VTK-IO
ASCII
DATASET UNSTRUCTURED_GRID
POINTS 8499 float
0 -0.377976 1
0 -0.570437 1
0 -0.416468 1
0 -0.45496 1
0 -0.493452 1
0 -0.531944 1
0 0.570437 1
0.0990553 -0.56177 1
0.195101 -0.536035 1
0.285218 -0.494013 1
0.36667 -0.43698 1
0.43698 -0.36667 1
0.494013 -0.285218 1
0.536035 -0.195101 1
0.56177 -0.0990553 1
0.570437 2.53325e-16 1
0.56177 0.0990553 1
0.536035 0.195101 1
0.494013 0.285218 1
0.43698 0.36667 1
0.36667 0.43698 1
0.285218 0.494013 1
0.195101 0.536035 1
0.0990553 0.56177 1
0 0.377976 1
0 0.531944 1
0 0.493452 1
0 0.45496 1
0 0.416468 1
0.0656349 0.372234 1
0.129275 0.355181 1
0.188988 0.327337 1
0.242958 0.289547 1
0.289547 0.242958 1
0.327337 0.188988 1
0.355181 0.129275 1
0.372234 0.0656349 1
0.377976 -1.67855e-16 1
0.372234 -0.0656349 1
0.355181 -0.129275 1
0.327337 -0.188988 1
0.289547 -0.242958 1
0.242958 -0.289547 1
0.188988 -0.327337 1
0.129275 -0.355181 1
0.0656349 -0.372234 1
0.0923712 -0.523863 1
0.181936 -0.499864 1
0.265972 -0.460677 1
0.341927 -0.407493 1
0.407493 -0.341927 1
0.460677 -0.265972 1
0.499864 -0.181936 1
0.523863 -0.0923712 1
0.531944 1.92747e-16 1
0.523863 0.0923712 1
0.499864 0.181936 1
0.460677 0.265972 1
0.407493 0.341927 1
0.341927 0.407493 1
0.265972 0.460677 1
0.181936 0.499864 1
0.0923712 0.523863 1
0.0856871 -0.485956 1
0.168771 -0.463694 1
0.246726 -0.427342 1
0.317185 -0.378006 1
0.378006 -0.317185 1
0.427342 -0.246726 1
0.463694 -0.168771 1
0.485956 -0.0856871 1
0.493452 9.91271e-17 1
0.485956 0.0856871 1
0.463694 0.168771 1
0.427342 0.246726 1
0.378006 0.317185 1
0.317185 0.378006 1
0.246726 0.427342 1
0.168771 0.463694 1
0.0856871 0.485956 1
0.079003 -0.448048 1
0.155606 -0.427523 1
0.22748 -0.394007 1
0.292443 -0.34852 1
0.34852 -0.292443 1
0.394007 -0.22748 1
0.427523 -0.155606 1
0.448048 -0.079003 1
0.45496 0 1
0.448048 0.079003 1
0.427523 0.155606 1
0.394007 0.22748 1
0.34852 0.292443 1
0.292443 0.34852 1
0.22748 0.394007 1
0.155606 0.427523 1
0.079003 0.448048 1
0.072319 -0.410141 1
0.142441 -0.391352 1
0.208234 -0.360672 1
0.267701 -0.319033 1
0.319033 -0.267701 1
0.360672 -0.208234 1
0.391352 -0.142441 1
0.410141 -0.072319 1
0.416468 -6.60847e-17 1
0.410141 0.072319 1
0.391352 0.142441 1
0.360672 0.208234 1
0.319033 0.267701 1
0.267701 0.319033 1
0.208234 0.360672 1
0.142441 0.391352 1
0.072319 0.410141 1
0 -0.377976 -0.0079365
0 -0.377976 0.0465393
0 -0.377976 0.103285
0 -0.377976 0.162395
0 -0.377976 0.223968
0 -0.377976 0.288106
0 -0.377976 0.354917
0 -0.377976 0.424512
0 -0.377976 0.497007
0 -0.377976 0.572522
0 -0.377976 0.651183
0 -0.377976 0.733123
0 -0.377976 0.818476
0 -0.377976 0.907386
0 -0.570437 -0.0079365
0 -0.570437 0.907386
0 -0.570437 0.818476
0 -0.570437 0.733123
0 -0.570437 0.651184
0 -0.570437 0.572522
0 -0.570437 0.497007
0 -0.570437 0.424512
0 -0.570437 0.354917
0 -0.570437 0.288107
0 -0.570437 0.223968
0 -0.570437 0.162395
0 -0.570437 0.103285
0 -0.570437 0.0465393
0 0.570437 -0.0079365
0 0.570437 0.907386
0 0.570437 0.818476
0 0.570437 0.733123
0 0.570437 0.651184
0 0.570437 0.572522
0 0.570437 0.497007
0 0.570437 0.424512
0 0.570437 0.354917
0 0.570437 0.288107
0 0.570437 0.223968
0 0.570437 0.162395
0 0.570437 0.103285
0 0.570437 0.0465393
0 0.377976 -0.0079365
0 0.377976 0.907386
0 0.377976 0.818476
0 0.377976 0.733123
0 0.377976 0.651184
0 0.377976 0.572522
0 0.377976 0.497007
0 0.377976 0.424512
0 0.377976 0.354917
0 0.377976 0.288107
0 0.377976 0.223968
0 0.377976 0.162395
0 0.377976 0.103285
0 0.377976 0.0465393
0 -0.531944 -0.0079365
0 -0.493452 -0.0079365
0 -0.45496 -0.0079365
0 -0.416468 -0.0079365
0 -0.531944 0.907386
0 -0.493452 0.907386
0 -0.45496 0.907386
0 -0.416468 0.907386
0 -0.531944 0.818476
0 -0.493452 0.818476
0 -0.45496 0.818476
0 -0.416468 0.818476
0 -0.531944 0.733123
0 -0.493452 0.733123
0 -0.45496 0.733123
0 -0.416468 0.733123
0 -0.531944 0.651184
0 -0.493452 0.651183
0 -0.45496 0.651183
0 -0.416468 0.651183
0 -0.531944 0.572522
0 -0.493452 0.572522
0 -0.45496 0.572522
0 -0.416468 0.572522
0 -0.531944 0.497007
0 -0.493452 0.497007
0 -0.45496 0.497007
0 -0.416468 0.497007
0 -0.531944 0.424512
0 -0.493452 0.424512
0 -0.45496 0.424512
0 -0.416468 0.424512
0 -0.531944 0.354917
0 -0.493452 0.354917
0 -0.45496 0.354917
0 -0.416468 0.354917
0 -0.531944 0.288107
0 -0.493452 0.288107
0 -0.45496 0.288106
0 -0.416468 0.288106
0 -0.531944 0.223968
0 -0.493452 0.223968
0 -0.45496 0.223968
0 -0.416468 0.223968
0 -0.531944 0.162395
0 -0.493452 0.162395
0 -0.45496 0.162395
0 -0.416468 0.162395
0 -0.531944 0.103285
0 -0.493452 0.103285
0 -0.45496 0.103285
0 -0.416468 0.103285
0 -0.531944 0.0465393
0 -0.493452 0.0465393
0 -0.45496 0.0465393
0 -0.416468 0.0465393
0.0990553 0.56177 -0.0079365
0.195101 0.536035 -0.0079365
0.285218 0.494013 -0.0079365
0.36667 0.43698 -0.0079365
0.43698 0.36667 -0.0079365
0.494013 0.285218 -0.0079365
0.536035 0.195101 -0.0079365
0.56177 0.0990553 -0.0079365
0.570437 -2.53325e-16 -0.0079365
0.56177 -0.0990553 -0.0079365
0.536035 -0.195101 -0.0079365
0.494013 -0.285218 -0.0079365
0.43698 -0.36667 -0.0079365
0.36667 -0.43698 -0.0079365
0.285218 -0.494013 -0.0079365
0.195101 -0.536035 -0.0079365
0.0990553 -0.56177 -0.0079365
0.0990553 -0.56177 0.907386
0.0990553 -0.56177 0.818476
0.0990553 -0.56177 0.733123
0.0990553 -0.56177 0.651184
0.0990553 -0.56177 0.572522
0.0990553 -0.56177 0.497007
0.0990553 -0.56177 0.424512
0.0990553 -0.56177 0.354917
0.0990553 -0.56177 0.288107
0.0990553 -0.56177 0.223968
0.0990553 -0.56177 0.162395
0.0990553 -0.56177 0.103285
0.0990553 -0.56177 0.0465393
0.195101 -0.536035 0.907386
0.195101 -0.536035 0.818476
0.195101 -0.536035 0.733123
0.195101 -0.536035 0.651184
0.195101 -0.536035 0.572522
0.195101 -0.536035 0.497007
0.195101 -0.536035 0.424512
0.195101 -0.536035 0.354917
0.195101 -0.536035 0.288107
0.195101 -0.536035 0.223968
0.195101 -0.536035 0.162395
0.195101 -0.536035 0.103285
0.195101 -0.536035 0.0465393
0.285218 -0.494013 0.907386
0.285218 -0.494013 0.818476
0.285218 -0.494013 0.733123
0.285218 -0.494013 0.651184
0.285218 -0.494013 0.572522
0.285218 -0.494013 0.497007
0.285218 -0.494013 0.424512
0.285218 -0.494013 0.354917
0.285218 -0.494013 0.288107
0.285218 -0.494013 0.223968
0.285218 -0.494013 0.162395
0.285218 -0.494013 0.103285
0.285218 -0.494013 0.0465393
0.36667 -0.43698 0.907386
0.36667 -0.43698 0.818476
0.36667 -0.43698 0.733123
0.36667 -0.43698 0.651184
0.36667 -0.43698 0.572522
0.36667 -0.43698 0.497007
0.36667 -0.43698 0.424512
0.36667 -0.43698 0.354917
0.36667 -0.43698 0.288107
0.36667 -0.43698 0.223968
0.36667 -0.43698 0.162395
0.36667 -0.43698 0.103285
0.36667 -0.43698 0.0465393
0.43698 -0.36667 0.907386
0.43698 -0.36667 0.818476
0.43698 -0.36667 0.733123
0.43698 -0.36667 0.651184
0.43698 -0.36667 0.572522
0.43698 -0.36667 0.497007
0.43698 -0.36667 0.424512
0.43698 -0.36667 0.354917
0.43698 -0.36667 0.288107
0.43698 -0.36667 0.223968
0.43698 -0.36667 0.162395
0.43698 -0.36667 0.103285
0.43698 -0.36667 0.0465393
0.494013 -0.285218 0.907386
0.494013 -0.285218 0.818476
0.494013 -0.285218 0.733123
0.494013 -0.285218 0.651184
0.494013 -0.285218 0.572522
0.494013 -0.285218 0.497007
0.494013 -0.285218 0.424512
0.494013 -0.285218 0.354917
0.494013 -0.285218 0.288107
0.494013 -0.285218 0.223968
0.494013 -0.285218 0.162395
0.494013 -0.285218 0.103285
0.494013 -0.285218 0.0465393
0.536035 -0.195101 0.907386
0.536035 -0.195101 0.818476
0.536035 -0.195101 0.733123
0.536035 -0.195101 0.651184
0.536035 -0.195101 0.572522
0.536035 -0.195101 0.497007
0.536035 -0.195101 0.424512
0.536035 -0.195101 0.354917
0.536035 -0.195101 0.288107
0.536035 -0.195101 0.223968
0.536035 -0.195101 0.162395
0.536035 -0.195101 0.103285
0.536035 -0.195101 0.0465393
0.56177 -0.0990553 0.907386
0.56177 -0.0990553 0.818476
0.56177 -0.0990553 0.733123
0.56177 -0.0990553 0.651184
0.56177 -0.0990553 0.572522
0.56177 -0.0990553 0.497007
0.56177 -0.0990553 0.424512
0.56177 -0.0990553 0.354917
0.56177 -0.0990553 0.288107
0.56177 -0.0990553 0.223968
0.56177 -0.0990553 0.162395
0.56177 -0.0990553 0.103285
0.56177 -0.0990553 0.0465393
0.570437 2.20282e-16 0.907386
0.570437 1.76226e-16 0.818476
0.570437 1.32169e-16 0.733123
0.570437 8.81129e-17 0.651184
0.570437 6.60847e-17 0.572522
0.570437 4.40565e-17 0.497007
0.570437 0 0.424512
0.570437 -4.40565e-17 0.354917
0.570437 -6.60847e-17 0.288107
0.570437 -8.81129e-17 0.223968
0.570437 -1.32169e-16 0.162395
0.570437 -1.76226e-16 0.103285
0.570437 -2.20282e-16 0.0465393
0.56177 0.0990553 0.907386
0.56177 0.0990553 0.818476
0.56177 0.0990553 0.733123
0.56177 0.0990553 0.651184
0.56177 0.0990553 0.572522
0.56177 0.0990553 0.497007
0.56177 0.0990553 0.424512
0.56177 0.0990553 0.354917
0.56177 0.0990553 0.288107
0.56177 0.0990553 0.223968
0.56177 0.0990553 0.162395
0.56177 0.0990553 0.103285
0.56177 0.0990553 0.0465393
0.536035 0.195101 0.907386
0.536035 0.195101 0.818476
0.536035 0.195101 0.733123
0.536035 0.195101 0.651184
0.536035 0.195101 0.572522
0.536035 0.195101 0.497007
0.536035 0.195101 0.424512
0.536035 0.195101 0.354917
0.536035 0.195101 0.288107
0.536035 0.195101 0.223968
0.536035 0.195101 0.162395
0.536035 0.195101 0.103285
0.536035 0.195101 0.0465393
0.494013 0.285218 0.907386
0.494013 0.285218 0.818476
0.494013 0.285218 0.733123
0.494013 0.285218 0.651184
0.494013 0.285218 0.572522
0.494013 0.285218 0.497007
0.494013 0.285218 0.424512
0.494013 0.285218 0.354917
0.494013 0.285218 0.288107
0.494013 0.285218 0.223968
0.494013 0.285218 0.162395
0.494013 0.285218 0.103285
0.494013 0.285218 0.0465393
0.43698 0.36667 0.907386
0.43698 0.36667 0.818476
0.43698 0.36667 0.733123
0.43698 0.36667 0.651184
0.43698 0.36667 0.572522
0.43698 0.36667 0.497007
0.43698 0.36667 0.424512
0.43698 0.36667 0.354917
0.43698 0.36667 0.288107
0.43698 0.36667 0.223968
0.43698 0.36667 0.162395
0.43698 0.36667 0.103285
0.43698 0.36667 0.0465393
0.36667 0.43698 0.907386
0.36667 0.43698 0.818476
0.36667 0.43698 0.733123
0.36667 0.43698 0.651184
0.36667 0.43698 0.572522
0.36667 0.43698 0.497007
0.36667 0.43698 0.424512
0.36667 0.43698 0.354917
0.36667 0.43698 0.288107
0.36667 0.43698 0.223968
0.36667 0.43698 0.162395
0.36667 0.43698 0.103285
0.36667 0.43698 0.0465393
0.285218 0.494013 0.907386
0.285218 0.494013 0.818476
0.285218 0.494013 0.733123
0.285218 0.494013 0.651184
0.285218 0.494013 0.572522
0.285218 0.494013 0.497007
0.285218 0.494013 0.424512
0.285218 0.494013 0.354917
0.285218 0.494013 0.288107
0.285218 0.494013 0.223968
0.285218 0.494013 0.162395
0.285218 0.494013 0.103285
0.285218 0.494013 0.0465393
0.195101 0.536035 0.907386
0.195101 0.536035 0.818476
0.195101 0.536035 0.733123
0.195101 0.536035 0.651184
0.195101 0.536035 0.572522
0.195101 0.536035 0.497007
0.195101 0.536035 0.424512
0.195101 0.536035 0.354917
0.195101 0.536035 0.288107
0.195101 0.536035 0.223968
0.195101 0.536035 0.162395
0.195101 0.536035 0.103285
0.195101 0.536035 0.0465393
0.0990553 0.56177 0.907386
0.0990553 0.56177 0.818476
0.0990553 0.56177 0.733123
0.0990553 0.56177 0.651184
0.0990553 0.56177 0.572522
0.0990553 0.56177 0.497007
0.0990553 0.56177 0.424512
0.0990553 0.56177 0.354917
0.0990553 0.56177 0.288107
0.0990553 0.56177 0.223968
0.0990553 0.56177 0.162395
0.0990553 0.56177 0.103285
0.0990553 0.56177 0.0465393
0.0656349 -0.372234 -0.0079365
0.129275 -0.355181 -0.0079365
0.188988 -0.327337 -0.0079365
0.242958 -0.289547 -0.0079365
0.289547 -0.242958 -0.0079365
0.327337 -0.188988 -0.0079365
0.355181 -0.129275 -0.0079365
0.372234 -0.0656349 -0.0079365
0.377976 1.67855e-16 -0.0079365
0.372234 0.0656349 -0.0079365
0.355181 0.129275 -0.0079365
0.327337 0.188988 -0.0079365
0.289547 0.242958 -0.0079365
0.242958 0.289547 -0.0079365
0.188988 0.327337 -0.0079365
0.129275 0.355181 -0.0079365
0.0656349 0.372234 -0.0079365
0.0656349 -0.372234 0.0465393
0.0656349 -0.372234 0.103285
0.0656349 -0.372234 0.162395
0.0656349 -0.372234 0.223968
0.0656349 -0.372234 0.288106
0.0656349 -0.372234 0.354917
0.0656349 -0.372234 0.424512
0.0656349 -0.372234 0.497007
0.0656349 -0.372234 0.572522
0.0656349 -0.372234 0.651183
0.0656349 -0.372234 0.733123
0.0656349 -0.372234 0.818476
0.0656349 -0.372234 0.907386
0.129275 -0.355181 0.0465393
0.129275 -0.355181 0.103285
0.129275 -0.355181 0.162395
0.129275 -0.355181 0.223968
0.129275 -0.355181 0.288106
0.129275 -0.355181 0.354917
0.129275 -0.355181 0.424512
0.129275 -0.355181 0.497007
0.129275 -0.355181 0.572522
0.129275 -0.355181 0.651183
0.129275 -0.355181 0.733123
0.129275 -0.355181 0.818476
0.129275 -0.355181 0.907386
0.188988 -0.327337 0.0465393
0.188988 -0.327337 0.103285
0.188988 -0.327337 0.162395
0.188988 -0.327337 0.223968
0.188988 -0.327337 0.288106
0.188988 -0.327337 0.354917
0.188988 -0.327337 0.424512
0.188988 -0.327337 0.497007
0.188988 -0.327337 0.572522
0.188988 -0.327337 0.651183
0.188988 -0.327337 0.733123
0.188988 -0.327337 0.818476
0.188988 -0.327337 0.907386
0.242958 -0.289547 0.0465393
0.242958 -0.289547 0.103285
0.242958 -0.289547 0.162395
0.242958 -0.289547 0.223968
0.242958 -0.289547 0.288106
0.242958 -0.289547 0.354917
0.242958 -0.289547 0.424512
0.242958 -0.289547 0.497007
0.242958 -0.289547 0.572522
0.242958 -0.289547 0.651183
0.242958 -0.289547 0.733123
0.242958 -0.289547 0.818476
0.242958 -0.289547 0.907386
0.289547 -0.242958 0.0465393
0.289547 -0.242958 0.103285
0.289547 -0.242958 0.162395
0.289547 -0.242958 0.223968
0.289547 -0.242958 0.288106
0.289547 -0.242958 0.354917
0.289547 -0.242958 0.424512
0.289547 -0.242958 0.497007
0.289547 -0.242958 0.572522
0.289547 -0.242958 0.651183
0.289547 -0.242958 0.733123
0.289547 -0.242958 0.818476
0.289547 -0.242958 0.907386
0.327337 -0.188988 0.0465393
0.327337 -0.188988 0.103285
0.327337 -0.188988 0.162395
0.327337 -0.188988 0.223968
0.327337 -0.188988 0.288106
0.327337 -0.188988 0.354917
0.327337 -0.188988 0.424512
0.327337 -0.188988 0.497007
0.327337 -0.188988 0.572522
0.327337 -0.188988 0.651183
0.327337 -0.188988 0.733123
0.327337 -0.188988 0.818476
0.327337 -0.188988 0.907386
0.355181 -0.129275 0.0465393
0.355181 -0.129275 0.103285
0.355181 -0.129275 0.162395
0.355181 -0.129275 0.223968
0.355181 -0.129275 0.288106
0.355181 -0.129275 0.354917
0.355181 -0.129275 0.424512
0.355181 -0.129275 0.497007
0.355181 -0.129275 0.572522
0.355181 -0.129275 0.651183
0.355181 -0.129275 0.733123
0.355181 -0.129275 0.818476
0.355181 -0.129275 0.907386
0.372234 -0.0656349 0.0465393
0.372234 -0.0656349 0.103285
0.372234 -0.0656349 0.162395
0.372234 -0.0656349 0.223968
0.372234 -0.0656349 0.288107
0.372234 -0.0656349 0.354917
0.372234 -0.0656349 0.424512
0.372234 -0.0656349 0.497007
0.372234 -0.0656349 0.572522
0.372234 -0.0656349 0.651183
0.372234 -0.0656349 0.733123
0.372234 -0.0656349 0.818476
0.372234 -0.0656349 0.907386
0.377976 1.54198e-16 0.0465393
0.377976 1.10141e-16 0.103285
0.377976 8.81129e-17 0.162395
0.377976 6.60847e-17 0.223968
0.377976 4.40565e-17 0.288107
0.377976 2.20282e-17 0.354917
0.377976 0 0.424512
0.377976 -2.20282e-17 0.497007
0.377976 -4.40565e-17 0.572522
0.377976 -8.81129e-17 0.651183
0.377976 -8.81129e-17 0.733123
0.377976 -1.10141e-16 0.818476
0.377976 -1.54198e-16 0.907386
0.372234 0.0656349 0.0465393
0.372234 0.0656349 0.103285
0.372234 0.0656349 0.162395
0.372234 0.0656349 0.223968
0.372234 0.0656349 0.288107
0.372234 0.0656349 0.354917
0.372234 0.0656349 0.424512
0.372234 0.0656349 0.497007
0.372234 0.0656349 0.572522
0.372234 0.0656349 0.651183
0.372234 0.0656349 0.733123
0.372234 0.0656349 0.818476
0.372234 0.0656349 0.907386
0.355181 0.129275 0.0465393
0.355181 0.129275 0.103285
0.355181 0.129275 0.162395
0.355181 0.129275 0.223968
0.355181 0.129275 0.288107
0.355181 0.129275 0.354917
0.355181 0.129275 0.424512
0.355181 0.129275 0.497007
0.355181 0.129275 0.572522
0.355181 0.129275 0.651183
0.355181 0.129275 0.733123
0.355181 0.129275 0.818476
0.355181 0.129275 0.907386
0.327337 0.188988 0.0465393
0.327337 0.188988 0.103285
0.327337 0.188988 0.162395
0.327337 0.188988 0.223968
0.327337 0.188988 0.288107
0.327337 0.188988 0.354917
0.327337 0.188988 0.424512
0.327337 0.188988 0.497007
0.327337 0.188988 0.572522
0.327337 0.188988 0.651183
0.327337 0.188988 0.733123
0.327337 0.188988 0.818476
0.327337 0.188988 0.907386
0.289547 0.242958 0.0465393
0.289547 0.242958 0.103285
0.289547 0.242958 0.162395
0.289547 0.242958 0.223968
0.289547 0.242958 0.288107
0.289547 0.242958 0.354917
0.289547 0.242958 0.424512
0.289547 0.242958 0.497007
0.289547 0.242958 0.572522
0.289547 0.242958 0.651183
0.289547 0.242958 0.733123
0.289547 0.242958 0.818476
0.289547 0.242958 0.907386
0.242958 0.289547 0.0465393
0.242958 0.289547 0.103285
0.242958 0.289547 0.162395
0.242958 0.289547 0.223968
0.242958 0.289547 0.288107
0.242958 0.289547 0.354917
0.242958 0.289547 0.424512
0.242958 0.289547 0.497007
0.242958 0.289547 0.572522
0.242958 0.289547 0.651184
0.242958 0.289547 0.733123
0.242958 0.289547 0.818476
0.242958 0.289547 0.907386
0.188988 0.327337 0.0465393
0.188988 0.327337 0.103285
0.188988 0.327337 0.162395
0.188988 0.327337 0.223968
0.188988 0.327337 0.288107
0.188988 0.327337 0.354917
0.188988 0.327337 0.424512
0.188988 0.327337 0.497007
0.188988 0.327337 0.572522
0.188988 0.327337 0.651184
0.188988 0.327337 0.733123
0.188988 0.327337 0.818476
0.188988 0.327337 0.907386
0.129275 0.355181 0.0465393
0.129275 0.355181 0.103285
0.129275 0.355181 0.162395
0.129275 0.355181 0.223968
0.129275 0.355181 0.288107
0.129275 0.355181 0.354917
0.129275 0.355181 0.424512
0.129275 0.355181 0.497007
0.129275 0.355181 0.572522
0.129275 0.355181 0.651184
0.129275 0.355181 0.733123
0.129275 0.355181 0.818476
0.129275 0.355181 0.907386
0.0656349 0.372234 0.0465393
0.0656349 0.372234 0.103285
0.0656349 0.372234 0.162395
0.0656349 0.372234 0.223968
0.0656349 0.372234 0.288107
0.0656349 0.372234 0.354917
0.0656349 0.372234 0.424512
0.0656349 0.372234 0.497007
0.0656349 0.372234 0.572522
0.0656349 0.372234 0.651184
0.0656349 0.372234 0.733123
0.0656349 0.372234 0.818476
0.0656349 0.372234 0.907386
0 0.416468 -0.0079365
0 0.45496 -0.0079365
0 0.493452 -0.0079365
0 0.531944 -0.0079365
0 0.416468 0.907386
0 0.45496 0.907386
0 0.493452 0.907386
0 0.531944 0.907386
0 0.416468 0.818476
0 0.45496 0.818476
0 0.493452 0.818476
0 0.531944 0.818476
0 0.416468 0.733123
0 0.45496 0.733123
0 0.493452 0.733123
0 0.531944 0.733123
0 0.416468 0.651184
0 0.45496 0.651184
0 0.493452 0.651184
0 0.531944 0.651184
0 0.416468 0.572522
0 0.45496 0.572522
0 0.493452 0.572522
0 0.531944 0.572522
0 0.416468 0.497007
0 0.45496 0.497007
0 0.493452 0.497007
0 0.531944 0.497007
0 0.416468 0.424512
0 0.45496 0.424512
0 0.493452 0.424512
0 0.531944 0.424512
0 0.416468 0.354917
0 0.45496 0.354917
0 0.493452 0.354917
0 0.531944 0.354917
0 0.416468 0.288107
0 0.45496 0.288107
0 0.493452 0.288107
0 0.531944 0.288107
0 0.416468 0.223968
0 0.45496 0.223968
0 0.493452 0.223968
0 0.531944 0.223968
0 0.416468 0.162395
0 0.45496 0.162395
0 0.493452 0.162395
0 0.531944 0.162395
0 0.416468 0.103285
0 0.45496 0.103285
0 0.493452 0.103285
0 0.531944 0.103285
0 0.416468 0.0465393
0 0.45496 0.0465393
0 0.493452 0.0465393
0 0.531944 0.0465393
0.0923712 -0.523863 0.907386
0.181936 -0.499864 0.907386
0.265972 -0.460677 0.907386
0.341927 -0.407493 0.907386
0.407493 -0.341927 0.907386
0.460677 -0.265972 0.907386
0.499864 -0.181936 0.907386
0.523863 -0.0923712 0.907386
0.531944 1.70719e-16 0.907386
0.523863 0.0923712 0.907386
0.499864 0.181936 0.907386
0.460677 0.265972 0.907386
0.407493 0.341927 0.907386
0.341927 0.407493 0.907386
0.265972 0.460677 0.907386
0.181936 0.499864 0.907386
0.0923712 0.523863 0.907386
0.0856871 -0.485956 0.907386
0.0856871 0.485956 0.907386
0.079003 -0.448048 0.907386
0.079003 0.448048 0.907386
0.072319 -0.410141 0.907386
0.072319 0.410141 0.907386
0.142441 -0.391352 0.907386
0.208234 -0.360672 0.907386
0.267701 -0.319033 0.907386
0.319033 -0.267701 0.907386
0.360672 -0.208234 0.907386
0.391352 -0.142441 0.907386
0.410141 -0.072319 0.907386
0.416468 -7.98524e-17 0.907386
0.410141 0.072319 0.907386
0.391352 0.142441 0.907386
0.360672 0.208234 0.907386
0.319033 0.267701 0.907386
0.267701 0.319033 0.907386
0.208234 0.360672 0.907386
0.142441 0.391352 0.907386
0.168771 -0.463694 0.907386
0.246726 -0.427342 0.907386
0.317185 -0.378006 0.907386
0.378006 -0.317185 0.907386
0.427342 -0.246726 0.907386
0.463694 -0.168771 0.907386
0.485956 -0.0856871 0.907386
0.493452 4.681e-17 0.907386
0.485956 0.0856871 0.907386
0.463694 0.168771 0.907386
0.427342 0.246726 0.907386
0.378006 0.317185 0.907386
0.317185 0.378006 0.907386
0.246726 0.427342 0.907386
0.168771 0.463694 0.907386
0.155606 -0.427523 0.907386
0.22748 -0.394007 0.907386
0.292443 -0.34852 0.907386
0.34852 -0.292443 0.907386
0.394007 -0.22748 0.907386
0.427523 -0.155606 0.907386
0.448048 -0.079003 0.907386
0.45496 -1.37676e-17 0.907386
0.448048 0.079003 0.907386
0.427523 0.155606 0.907386
0.394007 0.22748 0.907386
0.34852 0.292443 0.907386
0.292443 0.34852 0.907386
0.22748 0.394007 0.907386
0.155606 0.427523 0.907386
0.0923712 -0.523863 0.818476
0.181936 -0.499864 0.818476
0.265972 -0.460677 0.818476
0.341927 -0.407493 0.818476
0.407493 -0.341927 0.818476
0.460677 -0.265972 0.818476
0.499864 -0.181936 0.818476
0.523863 -0.0923712 0.818476
0.531944 9.77503e-17 0.818476
0.523863 0.0923712 0.818476
0.499864 0.181936 0.818476
0.460677 0.265972 0.818476
0.407493 0.341927 0.818476
0.341927 0.407493 0.818476
0.265972 0.460677 0.818476
0.181936 0.499864 0.818476
0.0923712 0.523863 0.818476
0.0856871 -0.485956 0.818476
0.0856871 0.485956 0.818476
0.079003 -0.448048 0.818476
0.079003 0.448048 0.818476
0.072319 -0.410141 0.818476
0.072319 0.410141 0.818476
0.142441 -0.391352 0.818476
0.208234 -0.360672 0.818476
0.267701 -0.319033 0.818476
0.319033 -0.267701 0.818476
0.360672 -0.208234 0.818476
0.391352 -0.142441 0.818476
0.410141 -0.072319 0.818476
0.416468 -6.88382e-17 0.818476
0.410141 0.072319 0.818476
0.391352 0.142441 0.818476
0.360672 0.208234 0.818476
0.319033 0.267701 0.818476
0.267701 0.319033 0.818476
0.208234 0.360672 0.818476
0.142441 0.391352 0.818476
0.168771 -0.463694 0.818476
0.246726 -0.427342 0.818476
0.317185 -0.378006 0.818476
0.378006 -0.317185 0.818476
0.427342 -0.246726 0.818476
0.463694 -0.168771 0.818476
0.485956 -0.0856871 0.818476
0.493452 -1.37676e-17 0.818476
0.485956 0.0856871 0.818476
0.463694 0.168771 0.818476
0.427342 0.246726 0.818476
0.378006 0.317185 0.818476
0.317185 0.378006 0.818476
0.246726 0.427342 0.818476
0.168771 0.463694 0.818476
0.155606 -0.427523 0.818476
0.22748 -0.394007 0.818476
0.292443 -0.34852 0.818476
0.34852 -0.292443 0.818476
0.394007 -0.22748 0.818476
0.427523 -0.155606 0.818476
0.448048 -0.079003 0.818476
0.45496 -6.47079e-17 0.818476
0.448048 0.079003 0.818476
0.427523 0.155606 0.818476
0.394007 0.22748 0.818476
0.34852 0.292443 0.818476
0.292443 0.34852 0.818476
0.22748 0.394007 0.818476
0.155606 0.427523 0.818476
0.0923712 -0.523863 0.733123
0.181936 -0.499864 0.733123
0.265972 -0.460677 0.733123
0.341927 -0.407493 0.733123
0.407493 -0.341927 0.733123
0.460677 -0.265972 0.733123
0.499864 -0.181936 0.733123
0.523863 -0.0923712 0.733123
0.531944 6.05776e-17 0.733123
0.523863 0.0923712 0.733123
0.499864 0.181936 0.733123
0.460677 0.265972 0.733123
0.407493 0.341927 0.733123
0.341927 0.407493 0.733123
0.265972 0.460677 0.733123
0.181936 0.499864 0.733123
0.0923712 0.523863 0.733123
0.0856871 -0.485956 0.733123
0.0856871 0.485956 0.733123
0.079003 -0.448048 0.733123
0.079003 0.448048 0.733123
0.072319 -0.410141 0.733123
0.072319 0.410141 0.733123
0.142441 -0.391352 0.733123
0.208234 -0.360672 0.733123
0.267701 -0.319033 0.733123
0.319033 -0.267701 0.733123
0.360672 -0.208234 0.733123
0.391352 -0.142441 0.733123
0.410141 -0.072319 0.733123
0.416468 -5.23171e-17 0.733123
0.410141 0.072319 0.733123
0.391352 0.142441 0.733123
0.360672 0.208234 0.733123
0.319033 0.267701 0.733123
0.267701 0.319033 0.733123
0.208234 0.360672 0.733123
0.142441 0.391352 0.733123
0.168771 -0.463694 0.733123
0.246726 -0.427342 0.733123
0.317185 -0.378006 0.733123
0.378006 -0.317185 0.733123
0.427342 -0.246726 0.733123
0.463694 -0.168771 0.733123
0.485956 -0.0856871 0.733123
0.493452 -3.44191e-17 0.733123
0.485956 0.0856871 0.733123
0.463694 0.168771 0.733123
0.427342 0.246726 0.733123
0.378006 0.317185 0.733123
0.317185 0.378006 0.733123
0.246726 0.427342 0.733123
0.168771 0.463694 0.733123
0.155606 -0.427523 0.733123
0.22748 -0.394007 0.733123
0.292443 -0.34852 0.733123
0.34852 -0.292443 0.733123
0.394007 -0.22748 0.733123
0.427523 -0.155606 0.733123
0.448048 -0.079003 0.733123
0.45496 -6.19544e-17 0.733123
0.448048 0.079003 0.733123
0.427523 0.155606 0.733123
0.394007 0.22748 0.733123
0.34852 0.292443 0.733123
0.292443 0.34852 0.733123
0.22748 0.394007 0.733123
0.155606 0.427523 0.733123
0.0923712 -0.523863 0.651184
0.181936 -0.499864 0.651184
0.265972 -0.460677 0.651184
0.341927 -0.407493 0.651184
0.407493 -0.341927 0.651184
0.460677 -0.265972 0.651184
0.499864 -0.181936 0.651184
0.523863 -0.0923712 0.651184
0.531944 4.54332e-17 0.651184
0.523863 0.0923712 0.651184
0.499864 0.181936 0.651184
0.460677 0.265972 0.651184
0.407493 0.341927 0.651183
0.341927 0.407493 0.651183
0.265972 0.460677 0.651183
0.181936 0.499864 0.651183
0.0923712 0.523863 0.651183
0.0856871 -0.485956 0.651184
0.0856871 0.485956 0.651183
0.079003 -0.448048 0.651184
0.079003 0.448048 0.651183
0.072319 -0.410141 0.651183
0.072319 0.410141 0.651183
0.142441 -0.391352 0.651184
0.208234 -0.360672 0.651184
0.267701 -0.319033 0.651184
0.319033 -0.267701 0.651184
0.360672 -0.208234 0.651184
0.391352 -0.142441 0.651184
0.410141 -0.072319 0.651184
0.416468 -4.54332e-17 0.651184
0.410141 0.072319 0.651184
0.391352 0.142441 0.651184
0.360672 0.208234 0.651183
0.319033 0.267701 0.651183
0.267701 0.319033 0.651183
0.208234 0.360672 0.651183
0.142441 0.391352 0.651183
0.168771 -0.463694 0.651184
0.246726 -0.427342 0.651184
0.317185 -0.378006 0.651184
0.378006 -0.317185 0.651184
0.427342 -0.246726 0.651184
0.463694 -0.168771 0.651184
0.485956 -0.0856871 0.651184
0.493452 -2.3405e-17 0.651184
0.485956 0.0856871 0.651184
0.463694 0.168771 0.651184
0.427342 0.246726 0.651184
0.378006 0.317185 0.651183
0.317185 0.378006 0.651183
0.246726 0.427342 0.651183
0.168771 0.463694 0.651183
0.155606 -0.427523 0.651184
0.22748 -0.394007 0.651184
0.292443 -0.34852 0.651184
0.34852 -0.292443 0.651184
0.394007 -0.22748 0.651184
0.427523 -0.155606 0.651184
0.448048 -0.079003 0.651184
0.45496 -3.57959e-17 0.651184
0.448048 0.079003 0.651184
0.427523 0.155606 0.651184
0.394007 0.22748 0.651184
0.34852 0.292443 0.651183
0.292443 0.34852 0.651183
0.22748 0.394007 0.651183
0.155606 0.427523 0.651183
0.0923712 -0.523863 0.572522
0.181936 -0.499864 0.572522
0.265972 -0.460677 0.572522
0.341927 -0.407493 0.572522
0.407493 -0.341927 0.572522
0.460677 -0.265972 0.572522
0.499864 -0.181936 0.572522
0.523863 -0.0923712 0.572522
0.531944 5.50706e-18 0.572522
0.523863 0.0923712 0.572522
0.499864 0.181936 0.572522
0.460677 0.265972 0.572522
0.407493 0.341927 0.572522
0.341927 0.407493 0.572522
0.265972 0.460677 0.572522
0.181936 0.499864 0.572522
0.0923712 0.523863 0.572522
0.0856871 -0.485956 0.572522
0.0856871 0.485956 0.572522
0.079003 -0.448048 0.572522
0.079003 0.448048 0.572522
0.072319 -0.410141 0.572522
0.072319 0.410141 0.572522
0.142441 -0.391352 0.572522
0.208234 -0.360672 0.572522
0.267701 -0.319033 0.572522
0.319033 -0.267701 0.572522
0.360672 -0.208234 0.572522
0.391352 -0.142441 0.572522
0.410141 -0.072319 0.572522
0.416468 -2.89121e-17 0.572522
0.410141 0.072319 0.572522
0.391352 0.142441 0.572522
0.360672 0.208234 0.572522
0.319033 0.267701 0.572522
0.267701 0.319033 0.572522
0.208234 0.360672 0.572522
0.142441 0.391352 0.572522
0.168771 -0.463694 0.572522
0.246726 -0.427342 0.572522
0.317185 -0.378006 0.572522
0.378006 -0.317185 0.572522
0.427342 -0.246726 0.572522
0.463694 -0.168771 0.572522
0.485956 -0.0856871 0.572522
0.493452 -7.15918e-17 0.572522
0.485956 0.0856871 0.572522
0.463694 0.168771 0.572522
0.427342 0.246726 0.572522
0.378006 0.317185 0.572522
0.317185 0.378006 0.572522
0.246726 0.427342 0.572522
0.168771 0.463694 0.572522
0.155606 -0.427523 0.572522
0.22748 -0.394007 0.572522
0.292443 -0.34852 0.572522
0.34852 -0.292443 0.572522
0.394007 -0.22748 0.572522
0.427523 -0.155606 0.572522
0.448048 -0.079003 0.572522
0.45496 -6.33312e-17 0.572522
0.448048 0.079003 0.572522
0.427523 0.155606 0.572522
0.394007 0.22748 0.572522
0.34852 0.292443 0.572522
0.292443 0.34852 0.572522
0.22748 0.394007 0.572522
0.155606 0.427523 0.572522
0.0923712 -0.523863 0.497007
0.181936 -0.499864 0.497007
0.265972 -0.460677 0.497007
0.341927 -0.407493 0.497007
0.407493 -0.341927 0.497007
0.460677 -0.265972 0.497007
0.499864 -0.181936 0.497007
0.523863 -0.0923712 0.497007
0.531944 4.13029e-18 0.497007
0.523863 0.0923712 0.497007
0.499864 0.181936 0.497007
0.460677 0.265972 0.497007
0.407493 0.341927 0.497007
0.341927 0.407493 0.497007
0.265972 0.460677 0.497007
0.181936 0.499864 0.497007
0.0923712 0.523863 0.497007
0.0856871 -0.485956 0.497007
0.0856871 0.485956 0.497007
0.079003 -0.448048 0.497007
0.079003 0.448048 0.497007
0.072319 -0.410141 0.497007
0.072319 0.410141 0.497007
0.142441 -0.391352 0.497007
0.208234 -0.360672 0.497007
0.267701 -0.319033 0.497007
0.319033 -0.267701 0.497007
0.360672 -0.208234 0.497007
0.391352 -0.142441 0.497007
0.410141 -0.072319 0.497007
0.416468 -1.51444e-17 0.497007
0.410141 0.072319 0.497007
0.391352 0.142441 0.497007
0.360672 0.208234 0.497007
0.319033 0.267701 0.497007
0.267701 0.319033 0.497007
0.208234 0.360672 0.497007
0.142441 0.391352 0.497007
0.168771 -0.463694 0.497007
0.246726 -0.427342 0.497007
0.317185 -0.378006 0.497007
0.378006 -0.317185 0.497007
0.427342 -0.246726 0.497007
0.463694 -0.168771 0.497007
0.485956 -0.0856871 0.497007
0.493452 -7.43453e-17 0.497007
0.485956 0.0856871 0.497007
0.463694 0.168771 0.497007
0.427342 0.246726 0.497007
0.378006 0.317185 0.497007
0.317185 0.378006 0.497007
0.246726 0.427342 0.497007
0.168771 0.463694 0.497007
0.155606 -0.427523 0.497007
0.22748 -0.394007 0.497007
0.292443 -0.34852 0.497007
0.34852 -0.292443 0.497007
0.394007 -0.22748 0.497007
0.427523 -0.155606 0.497007
0.448048 -0.079003 0.497007
0.45496 -7.57221e-17 0.497007
0.448048 0.079003 0.497007
0.427523 0.155606 0.497007
0.394007 0.22748 0.497007
0.34852 0.292443 0.497007
0.292443 0.34852 0.497007
0.22748 0.394007 0.497007
0.155606 0.427523 0.497007
0.0923712 -0.523863 0.424512
0.181936 -0.499864 0.424512
0.265972 -0.460677 0.424512
0.341927 -0.407493 0.424512
0.407493 -0.341927 0.424512
0.460677 -0.265972 0.424512
0.499864 -0.181936 0.424512
0.523863 -0.0923712 0.424512
0.531944 -2.75353e-17 0.424512
0.523863 0.0923712 0.424512
0.499864 0.181936 0.424512
0.460677 0.265972 0.424512
0.407493 0.341927 0.424512
0.341927 0.407493 0.424512
0.265972 0.460677 0.424512
0.181936 0.499864 0.424512
0.0923712 0.523863 0.424512
0.0856871 -0.485956 0.424512
0.0856871 0.485956 0.424512
0.079003 -0.448048 0.424512
0.079003 0.448048 0.424512
0.072319 -0.410141 0.424512
0.072319 0.410141 0.424512
0.142441 -0.391352 0.424512
0.208234 -0.360672 0.424512
0.267701 -0.319033 0.424512
0.319033 -0.267701 0.424512
0.360672 -0.208234 0.424512
0.391352 -0.142441 0.424512
0.410141 -0.072319 0.424512
0.416468 4.13029e-18 0.424512
0.410141 0.072319 0.424512
0.391352 0.142441 0.424512
0.360672 0.208234 0.424512
0.319033 0.267701 0.424512
0.267701 0.319033 0.424512
0.208234 0.360672 0.424512
0.142441 0.391352 0.424512
0.168771 -0.463694 0.424512
0.246726 -0.427342 0.424512
0.317185 -0.378006 0.424512
0.378006 -0.317185 0.424512
0.427342 -0.246726 0.424512
0.463694 -0.168771 0.424512
0.485956 -0.0856871 0.424512
0.493452 -1.11518e-16 0.424512
0.485956 0.0856871 0.424512
0.463694 0.168771 0.424512
0.427342 0.246726 0.424512
0.378006 0.317185 0.424512
0.317185 0.378006 0.424512
0.246726 0.427342 0.424512
0.168771 0.463694 0.424512
0.155606 -0.427523 0.424512
0.22748 -0.394007 0.424512
0.292443 -0.34852 0.424512
0.34852 -0.292443 0.424512
0.394007 -0.22748 0.424512
0.427523 -0.155606 0.424512
0.448048 -0.079003 0.424512
0.45496 -8.26059e-17 0.424512
0.448048 0.079003 0.424512
0.427523 0.155606 0.424512
0.394007 0.22748 0.424512
0.34852 0.292443 0.424512
0.292443 0.34852 0.424512
0.22748 0.394007 0.424512
0.155606 0.427523 0.424512
0.0923712 -0.523863 0.354917
0.181936 -0.499864 0.354918
0.265972 -0.460677 0.354918
0.341927 -0.407493 0.354918
0.407493 -0.341927 0.354918
0.460677 -0.265972 0.354918
0.499864 -0.181936 0.354918
0.523863 -0.0923712 0.354918
0.531944 -6.74615e-17 0.354918
0.523863 0.0923712 0.354918
0.499864 0.181936 0.354917
0.460677 0.265972 0.354917
0.407493 0.341927 0.354917
0.341927 0.407493 0.354917
0.265972 0.460677 0.354917
0.181936 0.499864 0.354917
0.0923712 0.523863 0.354917
0.0856871 -0.485956 0.354917
0.0856871 0.485956 0.354917
0.079003 -0.448048 0.354917
0.079003 0.448048 0.354917
0.072319 -0.410141 0.354917
0.072319 0.410141 0.354917
0.142441 -0.391352 0.354917
0.208234 -0.360672 0.354917
0.267701 -0.319033 0.354917
0.319033 -0.267701 0.354918
0.360672 -0.208234 0.354918
0.391352 -0.142441 0.354918
0.410141 -0.072319 0.354918
0.416468 -4.13029e-18 0.354917
0.410141 0.072319 0.354917
0.391352 0.142441 0.354917
0.360672 0.208234 0.354917
0.319033 0.267701 0.354917
0.267701 0.319033 0.354917
0.208234 0.360672 0.354917
0.142441 0.391352 0.354917
0.168771 -0.463694 0.354917
0.246726 -0.427342 0.354918
0.317185 -0.378006 0.354918
0.378006 -0.317185 0.354918
0.427342 -0.246726 0.354918
0.463694 -0.168771 0.354918
0.485956 -0.0856871 0.354918
0.493452 -1.69342e-16 0.354918
0.485956 0.0856871 0.354918
0.463694 0.168771 0.354917
0.427342 0.246726 0.354917
0.378006 0.317185 0.354917
0.317185 0.378006 0.354917
0.246726 0.427342 0.354917
0.168771 0.463694 0.354917
0.155606 -0.427523 0.354917
0.22748 -0.394007 0.354918
0.292443 -0.34852 0.354918
0.34852 -0.292443 0.354918
0.394007 -0.22748 0.354918
0.427523 -0.155606 0.354918
0.448048 -0.079003 0.354918
0.45496 -1.30793e-16 0.354918
0.448048 0.079003 0.354917
0.427523 0.155606 0.354917
0.394007 0.22748 0.354917
0.34852 0.292443 0.354917
0.292443 0.34852 0.354917
0.22748 0.394007 0.354917
0.155606 0.427523 0.354917
0.0923712 -0.523863 0.288107
0.181936 -0.499864 0.288107
0.265972 -0.460677 0.288107
0.341927 -0.407493 0.288107
0.407493 -0.341927 0.288107
0.460677 -0.265972 0.288107
0.499864 -0.181936 0.288107
0.523863 -0.0923712 0.288107
0.531944 -8.39826e-17 0.288107
0.523863 0.0923712 0.288107
0.499864 0.181936 0.288107
0.460677 0.265972 0.288107
0.407493 0.341927 0.288107
0.341927 0.407493 0.288107
0.265972 0.460677 0.288106
0.181936 0.499864 0.288106
0.0923712 0.523863 0.288106
0.0856871 -0.485956 0.288107
0.0856871 0.485956 0.288106
0.079003 -0.448048 0.288107
0.079003 0.448048 0.288106
0.072319 -0.410141 0.288107
0.072319 0.410141 0.288106
0.142441 -0.391352 0.288107
0.208234 -0.360672 0.288107
0.267701 -0.319033 0.288107
0.319033 -0.267701 0.288107
0.360672 -0.208234 0.288107
0.391352 -0.142441 0.288107
0.410141 -0.072319 0.288107
0.416468 2.75353e-18 0.288107
0.410141 0.072319 0.288107
0.391352 0.142441 0.288107
0.360672 0.208234 0.288107
0.319033 0.267701 0.288107
0.267701 0.319033 0.288107
0.208234 0.360672 0.288106
0.142441 0.391352 0.288106
0.168771 -0.463694 0.288107
0.246726 -0.427342 0.288107
0.317185 -0.378006 0.288107
0.378006 -0.317185 0.288107
0.427342 -0.246726 0.288107
0.463694 -0.168771 0.288107
0.485956 -0.0856871 0.288107
0.493452 -1.88617e-16 0.288107
0.485956 0.0856871 0.288107
0.463694 0.168771 0.288107
0.427342 0.246726 0.288107
0.378006 0.317185 0.288107
0.317185 0.378006 0.288107
0.246726 0.427342 0.288107
0.168771 0.463694 0.288106
0.155606 -0.427523 0.288107
0.22748 -0.394007 0.288107
0.292443 -0.34852 0.288107
0.34852 -0.292443 0.288107
0.394007 -0.22748 0.288107
0.427523 -0.155606 0.288107
0.448048 -0.079003 0.288107
0.45496 -1.39053e-16 0.288107
0.448048 0.079003 0.288107
0.427523 0.155606 0.288107
0.394007 0.22748 0.288107
0.34852 0.292443 0.288107
0.292443 0.34852 0.288107
0.22748 0.394007 0.288106
0.155606 0.427523 0.288106
0.0923712 -0.523863 0.223968
0.181936 -0.499864 0.223968
0.265972 -0.460677 0.223968
0.341927 -0.407493 0.223968
0.407493 -0.341927 0.223968
0.460677 -0.265972 0.223968
0.499864 -0.181936 0.223968
0.523863 -0.0923712 0.223968
0.531944 -9.91271e-17 0.223968
0.523863 0.0923712 0.223968
0.499864 0.181936 0.223968
0.460677 0.265972 0.223968
0.407493 0.341927 0.223968
0.341927 0.407493 0.223968
0.265972 0.460677 0.223968
0.181936 0.499864 0.223968
0.0923712 0.523863 0.223968
0.0856871 -0.485956 0.223968
0.0856871 0.485956 0.223968
0.079003 -0.448048 0.223968
0.079003 0.448048 0.223968
0.072319 -0.410141 0.223968
0.072319 0.410141 0.223968
0.142441 -0.391352 0.223968
0.208234 -0.360672 0.223968
0.267701 -0.319033 0.223968
0.319033 -0.267701 0.223968
0.360672 -0.208234 0.223968
0.391352 -0.142441 0.223968
0.410141 -0.072319 0.223968
0.416468 6.88382e-18 0.223968
0.410141 0.072319 0.223968
0.391352 0.142441 0.223968
0.360672 0.208234 0.223968
0.319033 0.267701 0.223968
0.267701 0.319033 0.223968
0.208234 0.360672 0.223968
0.142441 0.391352 0.223968
0.168771 -0.463694 0.223968
0.246726 -0.427342 0.223968
0.317185 -0.378006 0.223968
0.378006 -0.317185 0.223968
0.427342 -0.246726 0.223968
0.463694 -0.168771 0.223968
0.485956 -0.0856871 0.223968
0.493452 -2.12022e-16 0.223968
0.485956 0.0856871 0.223968
0.463694 0.168771 0.223968
0.427342 0.246726 0.223968
0.378006 0.317185 0.223968
0.317185 0.378006 0.223968
0.246726 0.427342 0.223968
0.168771 0.463694 0.223968
0.155606 -0.427523 0.223968
0.22748 -0.394007 0.223968
0.292443 -0.34852 0.223968
0.34852 -0.292443 0.223968
0.394007 -0.22748 0.223968
0.427523 -0.155606 0.223968
0.448048 -0.079003 0.223968
0.45496 -1.55574e-16 0.223968
0.448048 0.079003 0.223968
0.427523 0.155606 0.223968
0.394007 0.22748 0.223968
0.34852 0.292443 0.223968
0.292443 0.34852 0.223968
0.22748 0.394007 0.223968
0.155606 0.427523 0.223968
0.0923712 -0.523863 0.162395
0.181936 -0.499864 0.162395
0.265972 -0.460677 0.162395
0.341927 -0.407493 0.162395
0.407493 -0.341927 0.162395
0.460677 -0.265972 0.162395
0.499864 -0.181936 0.162395
0.523863 -0.0923712 0.162395
0.531944 -1.39053e-16 0.162395
0.523863 0.0923712 0.162395
0.499864 0.181936 0.162395
0.460677 0.265972 0.162395
0.407493 0.341927 0.162395
0.341927 0.407493 0.162395
0.265972 0.460677 0.162395
0.181936 0.499864 0.162395
0.0923712 0.523863 0.162395
0.0856871 -0.485956 0.162395
0.0856871 0.485956 0.162395
0.079003 -0.448048 0.162395
0.079003 0.448048 0.162395
0.072319 -0.410141 0.162395
0.072319 0.410141 0.162395
0.142441 -0.391352 0.162395
0.208234 -0.360672 0.162395
0.267701 -0.319033 0.162395
0.319033 -0.267701 0.162395
0.360672 -0.208234 0.162395
0.391352 -0.142441 0.162395
0.410141 -0.072319 0.162395
0.416468 1.23909e-17 0.162395
0.410141 0.072319 0.162395
0.391352 0.142441 0.162395
0.360672 0.208234 0.162395
0.319033 0.267701 0.162395
0.267701 0.319033 0.162395
0.208234 0.360672 0.162395
0.142441 0.391352 0.162395
0.168771 -0.463694 0.162395
0.246726 -0.427342 0.162395
0.317185 -0.378006 0.162395
0.378006 -0.317185 0.162395
0.427342 -0.246726 0.162395
0.463694 -0.168771 0.162395
0.485956 -0.0856871 0.162395
0.493452 -2.50571e-16 0.162395
0.485956 0.0856871 0.162395
0.463694 0.168771 0.162395
0.427342 0.246726 0.162395
0.378006 0.317185 0.162395
0.317185 0.378006 0.162395
0.246726 0.427342 0.162395
0.168771 0.463694 0.162395
0.155606 -0.427523 0.162395
0.22748 -0.394007 0.162395
0.292443 -0.34852 0.162395
0.34852 -0.292443 0.162395
0.394007 -0.22748 0.162395
0.427523 -0.155606 0.162395
0.448048 -0.079003 0.162395
0.45496 -1.88617e-16 0.162395
0.448048 0.079003 0.162395
0.427523 0.155606 0.162395
0.394007 0.22748 0.162395
0.34852 0.292443 0.162395
0.292443 0.34852 0.162395
0.22748 0.394007 0.162395
0.155606 0.427523 0.162395
0.0923712 -0.523863 0.103285
0.181936 -0.499864 0.103285
0.265972 -0.460677 0.103285
0.341927 -0.407493 0.103285
0.407493 -0.341927 0.103285
0.460677 -0.265972 0.103285
0.499864 -0.181936 0.103285
0.523863 -0.0923712 0.103285
0.531944 -1.59705e-16 0.103285
0.523863 0.0923712 0.103285
0.499864 0.181936 0.103285
0.460677 0.265972 0.103285
0.407493 0.341927 0.103285
0.341927 0.407493 0.103285
0.265972 0.460677 0.103285
0.181936 0.499864 0.103285
0.0923712 0.523863 0.103285
0.0856871 -0.485956 0.103285
0.0856871 0.485956 0.103285
0.079003 -0.448048 0.103285
0.079003 0.448048 0.103285
0.072319 -0.410141 0.103285
0.072319 0.410141 0.103285
0.142441 -0.391352 0.103285
0.208234 -0.360672 0.103285
0.267701 -0.319033 0.103285
0.319033 -0.267701 0.103285
0.360672 -0.208234 0.103285
0.391352 -0.142441 0.103285
0.410141 -0.072319 0.103285
0.416468 2.47818e-17 0.103285
0.410141 0.072319 0.103285
0.391352 0.142441 0.103285
0.360672 0.208234 0.103285
0.319033 0.267701 0.103285
0.267701 0.319033 0.103285
0.208234 0.360672 0.103285
0.142441 0.391352 0.103285
0.168771 -0.463694 0.103285
0.246726 -0.427342 0.103285
0.317185 -0.378006 0.103285
0.378006 -0.317185 0.103285
0.427342 -0.246726 0.103285
0.463694 -0.168771 0.103285
0.485956 -0.0856871 0.103285
0.493452 -2.47818e-16 0.103285
0.485956 0.0856871 0.103285
0.463694 0.168771 0.103285
0.427342 0.246726 0.103285
0.378006 0.317185 0.103285
0.317185 0.378006 0.103285
0.246726 0.427342 0.103285
0.168771 0.463694 0.103285
0.155606 -0.427523 0.103285
0.22748 -0.394007 0.103285
0.292443 -0.34852 0.103285
0.34852 -0.292443 0.103285
0.394007 -0.22748 0.103285
0.427523 -0.155606 0.103285
0.448048 -0.079003 0.103285
0.45496 -1.8724e-16 0.103285
0.448048 0.079003 0.103285
0.427523 0.155606 0.103285
0.394007 0.22748 0.103285
0.34852 0.292443 0.103285
0.292443 0.34852 0.103285
0.22748 0.394007 0.103285
0.155606 0.427523 0.103285
0.0923712 -0.523863 0.0465393
0.181936 -0.499864 0.0465393
0.265972 -0.460677 0.0465393
0.341927 -0.407493 0.0465393
0.407493 -0.341927 0.0465393
0.460677 -0.265972 0.0465393
0.499864 -0.181936 0.0465393
0.523863 -0.0923712 0.0465393
0.531944 -2.03761e-16 0.0465393
0.523863 0.0923712 0.0465393
0.499864 0.181936 0.0465393
0.460677 0.265972 0.0465393
0.407493 0.341927 0.0465393
0.341927 0.407493 0.0465393
0.265972 0.460677 0.0465393
0.181936 0.499864 0.0465393
0.0923712 0.523863 0.0465393
0.0856871 -0.485956 0.0465393
0.0856871 0.485956 0.0465393
0.079003 -0.448048 0.0465393
0.079003 0.448048 0.0465393
0.072319 -0.410141 0.0465393
0.072319 0.410141 0.0465393
0.142441 -0.391352 0.0465393
0.208234 -0.360672 0.0465393
0.267701 -0.319033 0.0465393
0.319033 -0.267701 0.0465393
0.360672 -0.208234 0.0465393
0.391352 -0.142441 0.0465393
0.410141 -0.072319 0.0465393
0.416468 5.09403e-17 0.0465393
0.410141 0.072319 0.0465393
0.391352 0.142441 0.0465393
0.360672 0.208234 0.0465393
0.319033 0.267701 0.0465393
0.267701 0.319033 0.0465393
0.208234 0.360672 0.0465393
0.142441 0.391352 0.0465393
0.168771 -0.463694 0.0465393
0.246726 -0.427342 0.0465393
0.317185 -0.378006 0.0465393
0.378006 -0.317185 0.0465393
0.427342 -0.246726 0.0465393
0.463694 -0.168771 0.0465393
0.485956 -0.0856871 0.0465393
0.493452 -2.83614e-16 0.0465393
0.485956 0.0856871 0.0465393
0.463694 0.168771 0.0465393
0.427342 0.246726 0.0465393
0.378006 0.317185 0.0465393
0.317185 0.378006 0.0465393
0.246726 0.427342 0.0465393
0.168771 0.463694 0.0465393
0.155606 -0.427523 0.0465393
0.22748 -0.394007 0.0465393
0.292443 -0.34852 0.0465393
0.34852 -0.292443 0.0465393
0.394007 -0.22748 0.0465393
0.427523 -0.155606 0.0465393
0.448048 -0.079003 0.0465393
0.45496 -1.85863e-16 0.0465393
0.448048 0.079003 0.0465393
0.427523 0.155606 0.0465393
0.394007 0.22748 0.0465393
0.34852 0.292443 0.0465393
0.292443 0.34852 0.0465393
0.22748 0.394007 0.0465393
0.155606 0.427523 0.0465393
0.0923712 -0.523863 -0.0079365
0.181936 -0.499864 -0.0079365
0.265972 -0.460677 -0.0079365
0.341927 -0.407493 -0.0079365
0.407493 -0.341927 -0.0079365
0.460677 -0.265972 -0.0079365
0.499864 -0.181936 -0.0079365
0.523863 -0.0923712 -0.0079365
0.531944 -2.20282e-16 -0.0079365
0.523863 0.0923712 -0.0079365
0.499864 0.181936 -0.0079365
0.460677 0.265972 -0.0079365
0.407493 0.341927 -0.0079365
0.341927 0.407493 -0.0079365
0.265972 0.460677 -0.0079365
0.181936 0.499864 -0.0079365
0.0923712 0.523863 -0.0079365
0.0856871 -0.485956 -0.0079365
0.0856871 0.485956 -0.0079365
0.079003 -0.448048 -0.0079365
0.079003 0.448048 -0.0079365
0.072319 -0.410141 -0.0079365
0.072319 0.410141 -0.0079365
0.142441 -0.391352 -0.0079365
0.208234 -0.360672 -0.0079365
0.267701 -0.319033 -0.0079365
0.319033 -0.267701 -0.0079365
0.360672 -0.208234 -0.0079365
0.391352 -0.142441 -0.0079365
0.410141 -0.072319 -0.0079365
0.416468 6.74615e-17 -0.0079365
0.410141 0.072319 -0.0079365
0.391352 0.142441 -0.0079365
0.360672 0.208234 -0.0079365
0.319033 0.267701 -0.0079365
0.267701 0.319033 -0.0079365
0.208234 0.360672 -0.0079365
0.142441 0.391352 -0.0079365
0.168771 -0.463694 -0.0079365
0.246726 -0.427342 -0.0079365
0.317185 -0.378006 -0.0079365
0.378006 -0.317185 -0.0079365
0.427342 -0.246726 -0.0079365
0.463694 -0.168771 -0.0079365
0.485956 -0.0856871 -0.0079365
0.493452 -2.7673e-16 -0.0079365
0.485956 0.0856871 -0.0079365
0.463694 0.168771 -0.0079365
0.427342 0.246726 -0.0079365
0.378006 0.317185 -0.0079365
0.317185 0.378006 -0.0079365
0.246726 0.427342 -0.0079365
0.168771 0.463694 -0.0079365
0.155606 -0.427523 -0.0079365
0.22748 -0.394007 -0.0079365
0.292443 -0.34852 -0.0079365
0.34852 -0.292443 -0.0079365
0.394007 -0.22748 -0.0079365
0.427523 -0.155606 -0.0079365
0.448048 -0.079003 -0.0079365
0.45496 -1.74849e-16 -0.0079365
0.448048 0.079003 -0.0079365
0.427523 0.155606 -0.0079365
0.394007 0.22748 -0.0079365
0.34852 0.292443 -0.0079365
0.292443 0.34852 -0.0079365
0.22748 0.394007 -0.0079365
0.155606 0.427523 -0.0079365
-0.0656349 -0.372234 1
-0.129275 -0.355181 1
-0.188988 -0.327337 1
-0.242958 -0.289547 1
-0.289547 -0.242958 1
-0.327337 -0.188988 1
-0.355181 -0.129275 1
-0.372234 -0.0656349 1
-0.377976 2.85354e-15 1
-0.372234 0.0656349 1
-0.355181 0.129275 1
-0.327337 0.188988 1
-0.289547 0.242958 1
-0.242958 0.289547 1
-0.188988 0.327337 1
-0.129275 0.355181 1
-0.0656349 0.372234 1
-0.0990553 0.56177 1
-0.195101 0.536035 1
-0.285218 0.494013 1
-0.36667 0.43698 1
-0.43698 0.36667 1
-0.494013 0.285218 1
-0.536035 0.195101 1
-0.56177 0.0990553 1
-0.570437 -4.30652e-15 1
-0.56177 -0.0990553 1
-0.536035 -0.195101 1
-0.494013 -0.285218 1
-0.43698 -0.36667 1
-0.36667 -0.43698 1
-0.285218 -0.494013 1
-0.195101 -0.536035 1
-0.0990553 -0.56177 1
-0.0923712 0.523863 1
-0.181936 0.499864 1
-0.265972 0.460677 1
-0.341927 0.407493 1
-0.407493 0.341927 1
-0.460677 0.265972 1
-0.499864 0.181936 1
-0.523863 0.0923712 1
-0.531944 -2.88019e-15 1
-0.523863 -0.0923712 1
-0.499864 -0.181936 1
-0.460677 -0.265972 1
-0.407493 -0.341927 1
-0.341927 -0.407493 1
-0.265972 -0.460677 1
-0.181936 -0.499864 1
-0.0923712 -0.523863 1
-0.0856871 0.485956 1
-0.168771 0.463694 1
-0.246726 0.427342 1
-0.317185 0.378006 1
-0.378006 0.317185 1
-0.427342 0.246726 1
-0.463694 0.168771 1
-0.485956 0.0856871 1
-0.493452 -1.46488e-15 1
-0.485956 -0.0856871 1
-0.463694 -0.168771 1
-0.427342 -0.246726 1
-0.378006 -0.317185 1
-0.317185 -0.378006 1
-0.246726 -0.427342 1
-0.168771 -0.463694 1
-0.0856871 -0.485956 1
-0.079003 0.448048 1
-0.155606 0.427523 1
-0.22748 0.394007 1
-0.292443 0.34852 1
-0.34852 0.292443 1
-0.394007 0.22748 1
-0.427523 0.155606 1
-0.448048 0.079003 1
-0.45496 0 1
-0.448048 -0.079003 1
-0.427523 -0.155606 1
-0.394007 -0.22748 1
-0.34852 -0.292443 1
-0.292443 -0.34852 1
-0.22748 -0.394007 1
-0.155606 -0.427523 1
-0.079003 -0.448048 1
-0.072319 0.410141 1
-0.142441 0.391352 1
-0.208234 0.360672 1
-0.267701 0.319033 1
-0.319033 0.267701 1
-0.360672 0.208234 1
-0.391352 0.142441 1
-0.410141 0.072319 1
-0.416468 1.38778e-15 1
-0.410141 -0.072319 1
-0.391352 -0.142441 1
-0.360672 -0.208234 1
-0.319033 -0.267701 1
-0.267701 -0.319033 1
-0.208234 -0.360672 1
-0.142441 -0.391352 1
-0.072319 -0.410141 1
-0.0990553 -0.56177 -0.0079365
-0.195101 -0.536035 -0.0079365
-0.285218 -0.494013 -0.0079365
-0.36667 -0.43698 -0.0079365
-0.43698 -0.36667 -0.0079365
-0.494013 -0.285218 -0.0079365
-0.536035 -0.195101 -0.0079365
-0.56177 -0.0990553 -0.0079365
-0.570437 4.30652e-15 -0.0079365
-0.56177 0.0990553 -0.0079365
-0.536035 0.195101 -0.0079365
-0.494013 0.285218 -0.0079365
-0.43698 0.36667 -0.0079365
-0.36667 0.43698 -0.0079365
-0.285218 0.494013 -0.0079365
-0.195101 0.536035 -0.0079365
-0.0990553 0.56177 -0.0079365
-0.0990553 -0.56177 0.0465393
-0.0990553 -0.56177 0.103285
-0.0990553 -0.56177 0.162395
-0.0990553 -0.56177 0.223968
-0.0990553 -0.56177 0.288107
-0.0990553 -0.56177 0.354917
-0.0990553 -0.56177 0.424512
-0.0990553 -0.56177 0.497007
-0.0990553 -0.56177 0.572522
-0.0990553 -0.56177 0.651184
-0.0990553 -0.56177 0.733123
-0.0990553 -0.56177 0.818476
-0.0990553 -0.56177 0.907386
-0.195101 -0.536035 0.0465393
-0.195101 -0.536035 0.103285
-0.195101 -0.536035 0.162395
-0.195101 -0.536035 0.223968
-0.195101 -0.536035 0.288107
-0.195101 -0.536035 0.354917
-0.195101 -0.536035 0.424512
-0.195101 -0.536035 0.497007
-0.195101 -0.536035 0.572522
-0.195101 -0.536035 0.651184
-0.195101 -0.536035 0.733123
-0.195101 -0.536035 0.818476
-0.195101 -0.536035 0.907386
-0.285218 -0.494013 0.0465393
-0.285218 -0.494013 0.103285
-0.285218 -0.494013 0.162395
-0.285218 -0.494013 0.223968
-0.285218 -0.494013 0.288107
-0.285218 -0.494013 0.354917
-0.285218 -0.494013 0.424512
-0.285218 -0.494013 0.497007
-0.285218 -0.494013 0.572522
-0.285218 -0.494013 0.651184
-0.285218 -0.494013 0.733123
-0.285218 -0.494013 0.818476
-0.285218 -0.494013 0.907386
-0.36667 -0.43698 0.0465393
-0.36667 -0.43698 0.103285
-0.36667 -0.43698 0.162395
-0.36667 -0.43698 0.223968
-0.36667 -0.43698 0.288107
-0.36667 -0.43698 0.354917
-0.36667 -0.43698 0.424512
-0.36667 -0.43698 0.497007
-0.36667 -0.43698 0.572522
-0.36667 -0.43698 0.651184
-0.36667 -0.43698 0.733123
-0.36667 -0.43698 0.818476
-0.36667 -0.43698 0.907386
-0.43698 -0.36667 0.0465393
-0.43698 -0.36667 0.103285
-0.43698 -0.36667 0.162395
-0.43698 -0.36667 0.223968
-0.43698 -0.36667 0.288107
-0.43698 -0.36667 0.354917
-0.43698 -0.36667 0.424512
-0.43698 -0.36667 0.497007
-0.43698 -0.36667 0.572522
-0.43698 -0.36667 0.651184
-0.43698 -0.36667 0.733123
-0.43698 -0.36667 0.818476
-0.43698 -0.36667 0.907386
-0.494013 -0.285218 0.0465393
-0.494013 -0.285218 0.103285
-0.494013 -0.285218 0.162395
-0.494013 -0.285218 0.223968
-0.494013 -0.285218 0.288107
-0.494013 -0.285218 0.354917
-0.494013 -0.285218 0.424512
-0.494013 -0.285218 0.497007
-0.494013 -0.285218 0.572522
-0.494013 -0.285218 0.651184
-0.494013 -0.285218 0.733123
-0.494013 -0.285218 0.818476
-0.494013 -0.285218 0.907386
-0.536035 -0.195101 0.0465393
-0.536035 -0.195101 0.103285
-0.536035 -0.195101 0.162395
-0.536035 -0.195101 0.223968
-0.536035 -0.195101 0.288107
-0.536035 -0.195101 0.354917
-0.536035 -0.195101 0.424512
-0.536035 -0.195101 0.497007
-0.536035 -0.195101 0.572522
-0.536035 -0.195101 0.651184
-0.536035 -0.195101 0.733123
-0.536035 -0.195101 0.818476
-0.536035 -0.195101 0.907386
-0.56177 -0.0990553 0.0465393
-0.56177 -0.0990553 0.103285
-0.56177 -0.0990553 0.162395
-0.56177 -0.0990553 0.223968
-0.56177 -0.0990553 0.288107
-0.56177 -0.0990553 0.354917
-0.56177 -0.0990553 0.424512
-0.56177 -0.0990553 0.497007
-0.56177 -0.0990553 0.572522
-0.56177 -0.0990553 0.651184
-0.56177 -0.0990553 0.733123
-0.56177 -0.0990553 0.818476
-0.56177 -0.0990553 0.907386
-0.570437 3.70074e-15 0.0465393
-0.570437 3.08395e-15 0.103285
-0.570437 2.46716e-15 0.162395
-0.570437 1.85037e-15 0.223968
-0.570437 1.23358e-15 0.288107
-0.570437 6.16791e-16 0.354917
-0.570437 0 0.424512
-0.570437 -6.16791e-16 0.497007
-0.570437 -1.23358e-15 0.572522
-0.570437 -1.85037e-15 0.651184
-0.570437 -2.46716e-15 0.733123
-0.570437 -3.08395e-15 0.818476
-0.570437 -3.70074e-15 0.907386
-0.56177 0.0990553 0.0465393
-0.56177 0.0990553 0.103285
-0.56177 0.0990553 0.162395
-0.56177 0.0990553 0.223968
-0.56177 0.0990553 0.288107
-0.56177 0.0990553 0.354917
-0.56177 0.0990553 0.424512
-0.56177 0.0990553 0.497007
-0.56177 0.0990553 0.572522
-0.56177 0.0990553 0.651184
-0.56177 0.0990553 0.733123
-0.56177 0.0990553 0.818476
-0.56177 0.0990553 0.907386
-0.536035 0.195101 0.0465393
-0.536035 0.195101 0.103285
-0.536035 0.195101 0.162395
-0.536035 0.195101 0.223968
-0.536035 0.195101 0.288107
-0.536035 0.195101 0.354917
-0.536035 0.195101 0.424512
-0.536035 0.195101 0.497007
-0.536035 0.195101 0.572522
-0.536035 0.195101 0.651184
-0.536035 0.195101 0.733123
-0.536035 0.195101 0.818476
-0.536035 0.195101 0.907386
-0.494013 0.285218 0.0465393
-0.494013 0.285218 0.103285
-0.494013 0.285218 0.162395
-0.494013 0.285218 0.223968
-0.494013 0.285218 0.288107
-0.494013 0.285218 0.354917
-0.494013 0.285218 0.424512
-0.494013 0.285218 0.497007
-0.494013 0.285218 0.572522
-0.494013 0.285218 0.651184
-0.494013 0.285218 0.733123
-0.494013 0.285218 0.818476
-0.494013 0.285218 0.907386
-0.43698 0.36667 0.0465393
-0.43698 0.36667 0.103285
-0.43698 0.36667 0.162395
-0.43698 0.36667 0.223968
-0.43698 0.36667 0.288107
-0.43698 0.36667 0.354917
-0.43698 0.36667 0.424512
-0.43698 0.36667 0.497007
-0.43698 0.36667 0.572522
-0.43698 0.36667 0.651184
-0.43698 0.36667 0.733123
-0.43698 0.36667 0.818476
-0.43698 0.36667 0.907386
-0.36667 0.43698 0.0465393
-0.36667 0.43698 0.103285
-0.36667 0.43698 0.162395
-0.36667 0.43698 0.223968
-0.36667 0.43698 0.288107
-0.36667 0.43698 0.354917
-0.36667 0.43698 0.424512
-0.36667 0.43698 0.497007
-0.36667 0.43698 0.572522
-0.36667 0.43698 0.651184
-0.36667 0.43698 0.733123
-0.36667 0.43698 0.818476
-0.36667 0.43698 0.907386
-0.285218 0.494013 0.0465393
-0.285218 0.494013 0.103285
-0.285218 0.494013 0.162395
-0.285218 0.494013 0.223968
-0.285218 0.494013 0.288107
-0.285218 0.494013 0.354917
-0.285218 0.494013 0.424512
-0.285218 0.494013 0.497007
-0.285218 0.494013 0.572522
-0.285218 0.494013 0.651184
-0.285218 0.494013 0.733123
-0.285218 0.494013 0.818476
-0.285218 0.494013 0.907386
-0.195101 0.536035 0.0465393
-0.195101 0.536035 0.103285
-0.195101 0.536035 0.162395
-0.195101 0.536035 0.223968
-0.195101 0.536035 0.288107
-0.195101 0.536035 0.354917
-0.195101 0.536035 0.424512
-0.195101 0.536035 0.497007
-0.195101 0.536035 0.572522
-0.195101 0.536035 0.651184
-0.195101 0.536035 0.733123
-0.195101 0.536035 0.818476
-0.195101 0.536035 0.907386
-0.0990553 0.56177 0.0465393
-0.0990553 0.56177 0.103285
-0.0990553 0.56177 0.162395
-0.0990553 0.56177 0.223968
-0.0990553 0.56177 0.288107
-0.0990553 0.56177 0.354917
-0.0990553 0.56177 0.424512
-0.0990553 0.56177 0.497007
-0.0990553 0.56177 0.572522
-0.0990553 0.56177 0.651184
-0.0990553 0.56177 0.733123
-0.0990553 0.56177 0.818476
-0.0990553 0.56177 0.907386
-0.0656349 0.372234 -0.0079365
-0.129275 0.355181 -0.0079365
-0.188988 0.327337 -0.0079365
-0.242958 0.289547 -0.0079365
-0.289547 0.242958 -0.0079365
-0.327337 0.188988 -0.0079365
-0.355181 0.129275 -0.0079365
-0.372234 0.0656349 -0.0079365
-0.377976 -2.85354e-15 -0.0079365
-0.372234 -0.0656349 -0.0079365
-0.355181 -0.129275 -0.0079365
-0.327337 -0.188988 -0.0079365
-0.289547 -0.242958 -0.0079365
-0.242958 -0.289547 -0.0079365
-0.188988 -0.327337 -0.0079365
-0.129275 -0.355181 -0.0079365
-0.0656349 -0.372234 -0.0079365
-0.0656349 -0.372234 0.907386
-0.0656349 -0.372234 0.818476
-0.0656349 -0.372234 0.733123
-0.0656349 -0.372234 0.651183
-0.0656349 -0.372234 0.572522
-0.0656349 -0.372234 0.497007
-0.0656349 -0.372234 0.424512
-0.0656349 -0.372234 0.354917
-0.0656349 -0.372234 0.288106
-0.0656349 -0.372234 0.223968
-0.0656349 -0.372234 0.162395
-0.0656349 -0.372234 0.103285
-0.0656349 -0.372234 0.0465393
-0.129275 -0.355181 0.907386
-0.129275 -0.355181 0.818476
-0.129275 -0.355181 0.733123
-0.129275 -0.355181 0.651183
-0.129275 -0.355181 0.572522
-0.129275 -0.355181 0.497007
-0.129275 -0.355181 0.424512
-0.129275 -0.355181 0.354917
-0.129275 -0.355181 0.288106
-0.129275 -0.355181 0.223968
-0.129275 -0.355181 0.162395
-0.129275 -0.355181 0.103285
-0.129275 -0.355181 0.0465393
-0.188988 -0.327337 0.907386
-0.188988 -0.327337 0.818476
-0.188988 -0.327337 0.733123
-0.188988 -0.327337 0.651183
-0.188988 -0.327337 0.572522
-0.188988 -0.327337 0.497007
-0.188988 -0.327337 0.424512
-0.188988 -0.327337 0.354917
-0.188988 -0.327337 0.288106
-0.188988 -0.327337 0.223968
-0.188988 -0.327337 0.162395
-0.188988 -0.327337 0.103285
-0.188988 -0.327337 0.0465393
-0.242958 -0.289547 0.907386
-0.242958 -0.289547 0.818476
-0.242958 -0.289547 0.733123
-0.242958 -0.289547 0.651183
-0.242958 -0.289547 0.572522
-0.242958 -0.289547 0.497007
-0.242958 -0.289547 0.424512
-0.242958 -0.289547 0.354917
-0.242958 -0.289547 0.288106
-0.242958 -0.289547 0.223968
-0.242958 -0.289547 0.162395
-0.242958 -0.289547 0.103285
-0.242958 -0.289547 0.0465393
-0.289547 -0.242958 0.907386
-0.289547 -0.242958 0.818476
-0.289547 -0.242958 0.733123
-0.289547 -0.242958 0.651183
-0.289547 -0.242958 0.572522
-0.289547 -0.242958 0.497007
-0.289547 -0.242958 0.424512
-0.289547 -0.242958 0.354917
-0.289547 -0.242958 0.288106
-0.289547 -0.242958 0.223968
-0.289547 -0.242958 0.162395
-0.289547 -0.242958 0.103285
-0.289547 -0.242958 0.0465393
-0.327337 -0.188988 0.907386
-0.327337 -0.188988 0.818476
-0.327337 -0.188988 0.733123
-0.327337 -0.188988 0.651183
-0.327337 -0.188988 0.572522
-0.327337 -0.188988 0.497007
-0.327337 -0.188988 0.424512
-0.327337 -0.188988 0.354917
-0.327337 -0.188988 0.288106
-0.327337 -0.188988 0.223968
-0.327337 -0.188988 0.162395
-0.327337 -0.188988 0.103285
-0.327337 -0.188988 0.0465393
-0.355181 -0.129275 0.907386
-0.355181 -0.129275 0.818476
-0.355181 -0.129275 0.733123
-0.355181 -0.129275 0.651183
-0.355181 -0.129275 0.572522
-0.355181 -0.129275 0.497007
-0.355181 -0.129275 0.424512
-0.355181 -0.129275 0.354917
-0.355181 -0.129275 0.288106
-0.355181 -0.129275 0.223968
-0.355181 -0.129275 0.162395
-0.355181 -0.129275 0.103285
-0.355181 -0.129275 0.0465393
-0.372234 -0.0656349 0.907386
-0.372234 -0.0656349 0.818476
-0.372234 -0.0656349 0.733123
-0.372234 -0.0656349 0.651183
-0.372234 -0.0656349 0.572522
-0.372234 -0.0656349 0.497007
-0.372234 -0.0656349 0.424512
-0.372234 -0.0656349 0.354917
-0.372234 -0.0656349 0.288107
-0.372234 -0.0656349 0.223968
-0.372234 -0.0656349 0.162395
-0.372234 -0.0656349 0.103285
-0.372234 -0.0656349 0.0465393
-0.377976 2.44513e-15 0.907386
-0.377976 2.04863e-15 0.818476
-0.377976 1.63009e-15 0.733123
-0.377976 1.23358e-15 0.651183
-0.377976 8.15045e-16 0.572522
-0.377976 4.18536e-16 0.497007
-0.377976 0 0.424512
-0.377976 -4.18536e-16 0.354917
-0.377976 -8.15045e-16 0.288107
-0.377976 -1.23358e-15 0.223968
-0.377976 -1.63009e-15 0.162395
-0.377976 -2.04863e-15 0.103285
-0.377976 -2.44513e-15 0.0465393
-0.372234 0.0656349 0.907386
-0.372234 0.0656349 0.818476
-0.372234 0.0656349 0.733123
-0.372234 0.0656349 0.651183
-0.372234 0.0656349 0.572522
-0.372234 0.0656349 0.497007
-0.372234 0.0656349 0.424512
-0.372234 0.0656349 0.354917
-0.372234 0.0656349 0.288107
-0.372234 0.0656349 0.223968
-0.372234 0.0656349 0.162395
-0.372234 0.0656349 0.103285
-0.372234 0.0656349 0.0465393
-0.355181 0.129275 0.907386
-0.355181 0.129275 0.818476
-0.355181 0.129275 0.733123
-0.355181 0.129275 0.651183
-0.355181 0.129275 0.572522
-0.355181 0.129275 0.497007
-0.355181 0.129275 0.424512
-0.355181 0.129275 0.354917
-0.355181 0.129275 0.288107
-0.355181 0.129275 0.223968
-0.355181 0.129275 0.162395
-0.355181 0.129275 0.103285
-0.355181 0.129275 0.0465393
-0.327337 0.188988 0.907386
-0.327337 0.188988 0.818476
-0.327337 0.188988 0.733123
-0.327337 0.188988 0.651183
-0.327337 0.188988 0.572522
-0.327337 0.188988 0.497007
-0.327337 0.188988 0.424512
-0.327337 0.188988 0.354917
-0.327337 0.188988 0.288107
-0.327337 0.188988 0.223968
-0.327337 0.188988 0.162395
-0.327337 0.188988 0.103285
-0.327337 0.188988 0.0465393
-0.289547 0.242958 0.907386
-0.289547 0.242958 0.818476
-0.289547 0.242958 0.733123
-0.289547 0.242958 0.651183
-0.289547 0.242958 0.572522
-0.289547 0.242958 0.497007
-0.289547 0.242958 0.424512
-0.289547 0.242958 0.354917
-0.289547 0.242958 0.288107
-0.289547 0.242958 0.223968
-0.289547 0.242958 0.162395
-0.289547 0.242958 0.103285
-0.289547 0.242958 0.0465393
-0.242958 0.289547 0.907386
-0.242958 0.289547 0.818476
-0.242958 0.289547 0.733123
-0.242958 0.289547 0.651184
-0.242958 0.289547 0.572522
-0.242958 0.289547 0.497007
-0.242958 0.289547 0.424512
-0.242958 0.289547 0.354917
-0.242958 0.289547 0.288107
-0.242958 0.289547 0.223968
-0.242958 0.289547 0.162395
-0.242958 0.289547 0.103285
-0.242958 0.289547 0.0465393
-0.188988 0.327337 0.907386
-0.188988 0.327337 0.818476
-0.188988 0.327337 0.733123
-0.188988 0.327337 0.651184
-0.188988 0.327337 0.572522
-0.188988 0.327337 0.497007
-0.188988 0.327337 0.424512
-0.188988 0.327337 0.354917
-0.188988 0.327337 0.288107
-0.188988 0.327337 0.223968
-0.188988 0.327337 0.162395
-0.188988 0.327337 0.103285
-0.188988 0.327337 0.0465393
-0.129275 0.355181 0.907386
-0.129275 0.355181 0.818476
-0.129275 0.355181 0.733123
-0.129275 0.355181 0.651184
-0.129275 0.355181 0.572522
-0.129275 0.355181 0.497007
-0.129275 0.355181 0.424512
-0.129275 0.355181 0.354917
-0.129275 0.355181 0.288107
-0.129275 0.355181 0.223968
-0.129275 0.355181 0.162395
-0.129275 0.355181 0.103285
-0.129275 0.355181 0.0465393
-0.0656349 0.372234 0.907386
-0.0656349 0.372234 0.818476
-0.0656349 0.372234 0.733123
-0.0656349 0.372234 0.651184
-0.0656349 0.372234 0.572522
-0.0656349 0.372234 0.497007
-0.0656349 0.372234 0.424512
-0.0656349 0.372234 0.354917
-0.0656349 0.372234 0.288107
-0.0656349 0.372234 0.223968
-0.0656349 0.372234 0.162395
-0.0656349 0.372234 0.103285
-0.0656349 0.372234 0.0465393
-0.0923712 0.523863 0.907386
-0.181936 0.499864 0.907386
-0.265972 0.460677 0.907386
-0.341927 0.407493 0.907386
-0.407493 0.341927 0.907386
-0.460677 0.265972 0.907386
-0.499864 0.181936 0.907386
-0.523863 0.0923712 0.907386
-0.531944 -2.29507e-15 0.907386
-0.523863 -0.0923712 0.907386
-0.499864 -0.181936 0.907386
-0.460677 -0.265972 0.907386
-0.407493 -0.341927 0.907386
-0.341927 -0.407493 0.907386
-0.265972 -0.460677 0.907386
-0.181936 -0.499864 0.907386
-0.0923712 -0.523863 0.907386
-0.0856871 0.485956 0.907386
-0.0856871 -0.485956 0.907386
-0.079003 0.448048 0.907386
-0.079003 -0.448048 0.907386
-0.072319 0.410141 0.907386
-0.072319 -0.410141 0.907386
-0.142441 0.391352 0.907386
-0.208234 0.360672 0.907386
-0.267701 0.319033 0.907386
-0.319033 0.267701 0.907386
-0.360672 0.208234 0.907386
-0.391352 0.142441 0.907386
-0.410141 0.072319 0.907386
-0.416468 1.19365e-15 0.907386
-0.410141 -0.072319 0.907386
-0.391352 -0.142441 0.907386
-0.360672 -0.208234 0.907386
-0.319033 -0.267701 0.907386
-0.267701 -0.319033 0.907386
-0.208234 -0.360672 0.907386
-0.142441 -0.391352 0.907386
-0.168771 0.463694 0.907386
-0.246726 0.427342 0.907386
-0.317185 0.378006 0.907386
-0.378006 0.317185 0.907386
-0.427342 0.246726 0.907386
-0.463694 0.168771 0.907386
-0.485956 0.0856871 0.907386
-0.493452 -8.90767e-16 0.907386
-0.485956 -0.0856871 0.907386
-0.463694 -0.168771 0.907386
-0.427342 -0.246726 0.907386
-0.378006 -0.317185 0.907386
-0.317185 -0.378006 0.907386
-0.246726 -0.427342 0.907386
-0.168771 -0.463694 0.907386
-0.155606 0.427523 0.907386
-0.22748 0.394007 0.907386
-0.292443 0.34852 0.907386
-0.34852 0.292443 0.907386
-0.394007 0.22748 0.907386
-0.427523 0.155606 0.907386
-0.448048 0.079003 0.907386
-0.45496 3.64843e-16 0.907386
-0.448048 -0.079003 0.907386
-0.427523 -0.155606 0.907386
-0.394007 -0.22748 0.907386
-0.34852 -0.292443 0.907386
-0.292443 -0.34852 0.907386
-0.22748 -0.394007 0.907386
-0.155606 -0.427523 0.907386
-0.0923712 0.523863 0.818476
-0.181936 0.499864 0.818476
-0.265972 0.460677 0.818476
-0.341927 0.407493 0.818476
-0.407493 0.341927 0.818476
-0.460677 0.265972 0.818476
-0.499864 0.181936 0.818476
-0.523863 0.0923712 0.818476
-0.531944 -1.7127e-15 0.818476
-0.523863 -0.0923712 0.818476
-0.499864 -0.181936 0.818476
-0.460677 -0.265972 0.818476
-0.407493 -0.341927 0.818476
-0.341927 -0.407493 0.818476
-0.265972 -0.460677 0.818476
-0.181936 -0.499864 0.818476
-0.0923712 -0.523863 0.818476
-0.0856871 0.485956 0.818476
-0.0856871 -0.485956 0.818476
-0.079003 0.448048 0.818476
-0.079003 -0.448048 0.818476
-0.072319 0.410141 0.818476
-0.072319 -0.410141 0.818476
-0.142441 0.391352 0.818476
-0.208234 0.360672 0.818476
-0.267701 0.319033 0.818476
-0.319033 0.267701 0.818476
-0.360672 0.208234 0.818476
-0.391352 0.142441 0.818476
-0.410141 0.072319 0.818476
-0.416468 9.85763e-16 0.818476
-0.410141 -0.072319 0.818476
-0.391352 -0.142441 0.818476
-0.360672 -0.208234 0.818476
-0.319033 -0.267701 0.818476
-0.267701 -0.319033 0.818476
-0.208234 -0.360672 0.818476
-0.142441 -0.391352 0.818476
-0.168771 0.463694 0.818476
-0.246726 0.427342 0.818476
-0.317185 0.378006 0.818476
-0.378006 0.317185 0.818476
-0.427342 0.246726 0.818476
-0.463694 0.168771 0.818476
-0.485956 0.0856871 0.818476
-0.493452 -3.49698e-16 0.818476
-0.485956 -0.0856871 0.818476
-0.463694 -0.168771 0.818476
-0.427342 -0.246726 0.818476
-0.378006 -0.317185 0.818476
-0.317185 -0.378006 0.818476
-0.246726 -0.427342 0.818476
-0.168771 -0.463694 0.818476
-0.155606 0.427523 0.818476
-0.22748 0.394007 0.818476
-0.292443 0.34852 0.818476
-0.34852 0.292443 0.818476
-0.394007 0.22748 0.818476
-0.427523 0.155606 0.818476
-0.448048 0.079003 0.818476
-0.45496 7.24178e-16 0.818476
-0.448048 -0.079003 0.818476
-0.427523 -0.155606 0.818476
-0.394007 -0.22748 0.818476
-0.34852 -0.292443 0.818476
-0.292443 -0.34852 0.818476
-0.22748 -0.394007 0.818476
-0.155606 -0.427523 0.818476
-0.0923712 0.523863 0.733123
-0.181936 0.499864 0.733123
-0.265972 0.460677 0.733123
-0.341927 0.407493 0.733123
-0.407493 0.341927 0.733123
-0.460677 0.265972 0.733123
-0.499864 0.181936 0.733123
-0.523863 0.0923712 0.733123
-0.531944 -1.0959e-15 0.733123
-0.523863 -0.0923712 0.733123
-0.499864 -0.181936 0.733123
-0.460677 -0.265972 0.733123
-0.407493 -0.341927 0.733123
-0.341927 -0.407493 0.733123
-0.265972 -0.460677 0.733123
-0.181936 -0.499864 0.733123
-0.0923712 -0.523863 0.733123
-0.0856871 0.485956 0.733123
-0.0856871 -0.485956 0.733123
-0.079003 0.448048 0.733123
-0.079003 -0.448048 0.733123
-0.072319 0.410141 0.733123
-0.072319 -0.410141 0.733123
-0.142441 0.391352 0.733123
-0.208234 0.360672 0.733123
-0.267701 0.319033 0.733123
-0.319033 0.267701 0.733123
-0.360672 0.208234 0.733123
-0.391352 0.142441 0.733123
-0.410141 0.072319 0.733123
-0.416468 7.64104e-16 0.733123
-0.410141 -0.072319 0.733123
-0.391352 -0.142441 0.733123
-0.360672 -0.208234 0.733123
-0.319033 -0.267701 0.733123
-0.267701 -0.319033 0.733123
-0.208234 -0.360672 0.733123
-0.142441 -0.391352 0.733123
-0.168771 0.463694 0.733123
-0.246726 0.427342 0.733123
-0.317185 0.378006 0.733123
-0.378006 0.317185 0.733123
-0.427342 0.246726 0.733123
-0.463694 0.168771 0.733123
-0.485956 0.0856871 0.733123
-0.493452 2.20282e-16 0.733123
-0.485956 -0.0856871 0.733123
-0.463694 -0.168771 0.733123
-0.427342 -0.246726 0.733123
-0.378006 -0.317185 0.733123
-0.317185 -0.378006 0.733123
-0.246726 -0.427342 0.733123
-0.168771 -0.463694 0.733123
-0.155606 0.427523 0.733123
-0.22748 0.394007 0.733123
-0.292443 0.34852 0.733123
-0.34852 0.292443 0.733123
-0.394007 0.22748 0.733123
-0.427523 0.155606 0.733123
-0.448048 0.079003 0.733123
-0.45496 1.08764e-15 0.733123
-0.448048 -0.079003 0.733123
-0.427523 -0.155606 0.733123
-0.394007 -0.22748 0.733123
-0.34852 -0.292443 0.733123
-0.292443 -0.34852 0.733123
-0.22748 -0.394007 0.733123
-0.155606 -0.427523 0.733123
-0.0923712 0.523863 0.651183
-0.181936 0.499864 0.651183
-0.265972 0.460677 0.651183
-0.341927 0.407493 0.651183
-0.407493 0.341927 0.651184
-0.460677 0.265972 0.651184
-0.499864 0.181936 0.651184
-0.523863 0.0923712 0.651184
-0.531944 -5.09403e-16 0.651184
-0.523863 -0.0923712 0.651184
-0.499864 -0.181936 0.651184
-0.460677 -0.265972 0.651184
-0.407493 -0.341927 0.651184
-0.341927 -0.407493 0.651184
-0.265972 -0.460677 0.651184
-0.181936 -0.499864 0.651184
-0.0923712 -0.523863 0.651184
-0.0856871 0.485956 0.651183
-0.0856871 -0.485956 0.651184
-0.079003 0.448048 0.651183
-0.079003 -0.448048 0.651184
-0.072319 0.410141 0.651183
-0.072319 -0.410141 0.651183
-0.142441 0.391352 0.651183
-0.208234 0.360672 0.651183
-0.267701 0.319033 0.651183
-0.319033 0.267701 0.651183
-0.360672 0.208234 0.651184
-0.391352 0.142441 0.651184
-0.410141 0.072319 0.651184
-0.416468 5.43822e-16 0.651184
-0.410141 -0.072319 0.651184
-0.391352 -0.142441 0.651184
-0.360672 -0.208234 0.651184
-0.319033 -0.267701 0.651184
-0.267701 -0.319033 0.651184
-0.208234 -0.360672 0.651184
-0.142441 -0.391352 0.651184
-0.168771 0.463694 0.651183
-0.246726 0.427342 0.651183
-0.317185 0.378006 0.651183
-0.378006 0.317185 0.651183
-0.427342 0.246726 0.651184
-0.463694 0.168771 0.651184
-0.485956 0.0856871 0.651184
-0.493452 7.50337e-16 0.651184
-0.485956 -0.0856871 0.651184
-0.463694 -0.168771 0.651184
-0.427342 -0.246726 0.651184
-0.378006 -0.317185 0.651184
-0.317185 -0.378006 0.651184
-0.246726 -0.427342 0.651184
-0.168771 -0.463694 0.651184
-0.155606 0.427523 0.651183
-0.22748 0.394007 0.651183
-0.292443 0.34852 0.651183
-0.34852 0.292443 0.651183
-0.394007 0.22748 0.651184
-0.427523 0.155606 0.651184
-0.448048 0.079003 0.651184
-0.45496 1.45799e-15 0.651184
-0.448048 -0.079003 0.651184
-0.427523 -0.155606 0.651184
-0.394007 -0.22748 0.651184
-0.34852 -0.292443 0.651184
-0.292443 -0.34852 0.651184
-0.22748 -0.394007 0.651184
-0.155606 -0.427523 0.651184
-0.0923712 0.523863 0.572522
-0.181936 0.499864 0.572522
-0.265972 0.460677 0.572522
-0.341927 0.407493 0.572522
-0.407493 0.341927 0.572522
-0.460677 0.265972 0.572522
-0.499864 0.181936 0.572522
-0.523863 0.0923712 0.572522
-0.531944 8.67362e-17 0.572522
-0.523863 -0.0923712 0.572522
-0.499864 -0.181936 0.572522
-0.460677 -0.265972 0.572522
-0.407493 -0.341927 0.572522
-0.341927 -0.407493 0.572522
-0.265972 -0.460677 0.572522
-0.181936 -0.499864 0.572522
-0.0923712 -0.523863 0.572522
-0.0856871 0.485956 0.572522
-0.0856871 -0.485956 0.572522
-0.079003 0.448048 0.572522
-0.079003 -0.448048 0.572522
-0.072319 0.410141 0.572522
-0.072319 -0.410141 0.572522
-0.142441 0.391352 0.572522
-0.208234 0.360672 0.572522
-0.267701 0.319033 0.572522
-0.319033 0.267701 0.572522
-0.360672 0.208234 0.572522
-0.391352 0.142441 0.572522
-0.410141 0.072319 0.572522
-0.416468 3.34554e-16 0.572522
-0.410141 -0.072319 0.572522
-0.391352 -0.142441 0.572522
-0.360672 -0.208234 0.572522
-0.319033 -0.267701 0.572522
-0.267701 -0.319033 0.572522
-0.208234 -0.360672 0.572522
-0.142441 -0.391352 0.572522
-0.168771 0.463694 0.572522
-0.246726 0.427342 0.572522
-0.317185 0.378006 0.572522
-0.378006 0.317185 0.572522
-0.427342 0.246726 0.572522
-0.463694 0.168771 0.572522
-0.485956 0.0856871 0.572522
-0.493452 1.30655e-15 0.572522
-0.485956 -0.0856871 0.572522
-0.463694 -0.168771 0.572522
-0.427342 -0.246726 0.572522
-0.378006 -0.317185 0.572522
-0.317185 -0.378006 0.572522
-0.246726 -0.427342 0.572522
-0.168771 -0.463694 0.572522
-0.155606 0.427523 0.572522
-0.22748 0.394007 0.572522
-0.292443 0.34852 0.572522
-0.34852 0.292443 0.572522
-0.394007 0.22748 0.572522
-0.427523 0.155606 0.572522
-0.448048 0.079003 0.572522
-0.45496 1.81733e-15 0.572522
-0.448048 -0.079003 0.572522
-0.427523 -0.155606 0.572522
-0.394007 -0.22748 0.572522
-0.34852 -0.292443 0.572522
-0.292443 -0.34852 0.572522
-0.22748 -0.394007 0.572522
-0.155606 -0.427523 0.572522
-0.0923712 0.523863 0.497007
-0.181936 0.499864 0.497007
-0.265972 0.460677 0.497007
-0.341927 0.407493 0.497007
-0.407493 0.341927 0.497007
-0.460677 0.265972 0.497007
-0.499864 0.181936 0.497007
-0.523863 0.0923712 0.497007
-0.531944 6.78745e-16 0.497007
-0.523863 -0.0923712 0.497007
-0.499864 -0.181936 0.497007
-0.460677 -0.265972 0.497007
-0.407493 -0.341927 0.497007
-0.341927 -0.407493 0.497007
-0.265972 -0.460677 0.497007
-0.181936 -0.499864 0.497007
-0.0923712 -0.523863 0.497007
-0.0856871 0.485956 0.497007
-0.0856871 -0.485956 0.497007
-0.079003 0.448048 0.497007
-0.079003 -0.448048 0.497007
-0.072319 0.410141 0.497007
-0.072319 -0.410141 0.497007
-0.142441 0.391352 0.497007
-0.208234 0.360672 0.497007
-0.267701 0.319033 0.497007
-0.319033 0.267701 0.497007
-0.360672 0.208234 0.497007
-0.391352 0.142441 0.497007
-0.410141 0.072319 0.497007
-0.416468 1.48691e-16 0.497007
-0.410141 -0.072319 0.497007
-0.391352 -0.142441 0.497007
-0.360672 -0.208234 0.497007
-0.319033 -0.267701 0.497007
-0.267701 -0.319033 0.497007
-0.208234 -0.360672 0.497007
-0.142441 -0.391352 0.497007
-0.168771 0.463694 0.497007
-0.246726 0.427342 0.497007
-0.317185 0.378006 0.497007
-0.378006 0.317185 0.497007
-0.427342 0.246726 0.497007
-0.463694 0.168771 0.497007
-0.485956 0.0856871 0.497007
-0.493452 1.83523e-15 0.497007
-0.485956 -0.0856871 0.497007
-0.463694 -0.168771 0.497007
-0.427342 -0.246726 0.497007
-0.378006 -0.317185 0.497007
-0.317185 -0.378006 0.497007
-0.246726 -0.427342 0.497007
-0.168771 -0.463694 0.497007
-0.155606 0.427523 0.497007
-0.22748 0.394007 0.497007
-0.292443 0.34852 0.497007
-0.34852 0.292443 0.497007
-0.394007 0.22748 0.497007
-0.427523 0.155606 0.497007
-0.448048 0.079003 0.497007
-0.45496 2.18217e-15 0.497007
-0.448048 -0.079003 0.497007
-0.427523 -0.155606 0.497007
-0.394007 -0.22748 0.497007
-0.34852 -0.292443 0.497007
-0.292443 -0.34852 0.497007
-0.22748 -0.394007 0.497007
-0.155606 -0.427523 0.497007
-0.0923712 0.523863 0.424512
-0.181936 0.499864 0.424512
-0.265972 0.460677 0.424512
-0.341927 0.407493 0.424512
-0.407493 0.341927 0.424512
-0.460677 0.265972 0.424512
-0.499864 0.181936 0.424512
-0.523863 0.0923712 0.424512
-0.531944 1.2501e-15 0.424512
-0.523863 -0.0923712 0.424512
-0.499864 -0.181936 0.424512
-0.460677 -0.265972 0.424512
-0.407493 -0.341927 0.424512
-0.341927 -0.407493 0.424512
-0.265972 -0.460677 0.424512
-0.181936 -0.499864 0.424512
-0.0923712 -0.523863 0.424512
-0.0856871 0.485956 0.424512
-0.0856871 -0.485956 0.424512
-0.079003 0.448048 0.424512
-0.079003 -0.448048 0.424512
-0.072319 0.410141 0.424512
-0.072319 -0.410141 0.424512
-0.142441 0.391352 0.424512
-0.208234 0.360672 0.424512
-0.267701 0.319033 0.424512
-0.319033 0.267701 0.424512
-0.360672 0.208234 0.424512
-0.391352 0.142441 0.424512
-0.410141 0.072319 0.424512
-0.416468 -6.60847e-17 0.424512
-0.410141 -0.072319 0.424512
-0.391352 -0.142441 0.424512
-0.360672 -0.208234 0.424512
-0.319033 -0.267701 0.424512
-0.267701 -0.319033 0.424512
-0.208234 -0.360672 0.424512
-0.142441 -0.391352 0.424512
-0.168771 0.463694 0.424512
-0.246726 0.427342 0.424512
-0.317185 0.378006 0.424512
-0.378006 0.317185 0.424512
-0.427342 0.246726 0.424512
-0.463694 0.168771 0.424512
-0.485956 0.0856871 0.424512
-0.493452 2.37217e-15 0.424512
-0.485956 -0.0856871 0.424512
-0.463694 -0.168771 0.424512
-0.427342 -0.246726 0.424512
-0.378006 -0.317185 0.424512
-0.317185 -0.378006 0.424512
-0.246726 -0.427342 0.424512
-0.168771 -0.463694 0.424512
-0.155606 0.427523 0.424512
-0.22748 0.394007 0.424512
-0.292443 0.34852 0.424512
-0.34852 0.292443 0.424512
-0.394007 0.22748 0.424512
-0.427523 0.155606 0.424512
-0.448048 0.079003 0.424512
-0.45496 2.52636e-15 0.424512
-0.448048 -0.079003 0.424512
-0.427523 -0.155606 0.424512
-0.394007 -0.22748 0.424512
-0.34852 -0.292443 0.424512
-0.292443 -0.34852 0.424512
-0.22748 -0.394007 0.424512
-0.155606 -0.427523 0.424512
-0.0923712 0.523863 0.354917
-0.181936 0.499864 0.354917
-0.265972 0.460677 0.354917
-0.341927 0.407493 0.354917
-0.407493 0.341927 0.354917
-0.460677 0.265972 0.354917
-0.499864 0.181936 0.354917
-0.523863 0.0923712 0.354918
-0.531944 1.84762e-15 0.354918
-0.523863 -0.0923712 0.354918
-0.499864 -0.181936 0.354918
-0.460677 -0.265972 0.354918
-0.407493 -0.341927 0.354918
-0.341927 -0.407493 0.354918
-0.265972 -0.460677 0.354918
-0.181936 -0.499864 0.354918
-0.0923712 -0.523863 0.354917
-0.0856871 0.485956 0.354917
-0.0856871 -0.485956 0.354917
-0.079003 0.448048 0.354917
-0.079003 -0.448048 0.354917
-0.072319 0.410141 0.354917
-0.072319 -0.410141 0.354917
-0.142441 0.391352 0.354917
-0.208234 0.360672 0.354917
-0.267701 0.319033 0.354917
-0.319033 0.267701 0.354917
-0.360672 0.208234 0.354917
-0.391352 0.142441 0.354917
-0.410141 0.072319 0.354917
-0.416468 -2.7673e-16 0.354917
-0.410141 -0.072319 0.354918
-0.391352 -0.142441 0.354918
-0.360672 -0.208234 0.354918
-0.319033 -0.267701 0.354918
-0.267701 -0.319033 0.354918
-0.208234 -0.360672 0.354917
-0.142441 -0.391352 0.354917
-0.168771 0.463694 0.354917
-0.246726 0.427342 0.354917
-0.317185 0.378006 0.354917
-0.378006 0.317185 0.354917
-0.427342 0.246726 0.354917
-0.463694 0.168771 0.354917
-0.485956 0.0856871 0.354918
-0.493452 2.91874e-15 0.354918
-0.485956 -0.0856871 0.354918
-0.463694 -0.168771 0.354918
-0.427342 -0.246726 0.354918
-0.378006 -0.317185 0.354918
-0.317185 -0.378006 0.354918
-0.246726 -0.427342 0.354918
-0.168771 -0.463694 0.354917
-0.155606 0.427523 0.354917
-0.22748 0.394007 0.354917
-0.292443 0.34852 0.354917
-0.34852 0.292443 0.354917
-0.394007 0.22748 0.354917
-0.427523 0.155606 0.354917
-0.448048 0.079003 0.354917
-0.45496 2.87606e-15 0.354918
-0.448048 -0.079003 0.354918
-0.427523 -0.155606 0.354918
-0.394007 -0.22748 0.354918
-0.34852 -0.292443 0.354918
-0.292443 -0.34852 0.354918
-0.22748 -0.394007 0.354918
-0.155606 -0.427523 0.354917
-0.0923712 0.523863 0.288106
-0.181936 0.499864 0.288106
-0.265972 0.460677 0.288107
-0.341927 0.407493 0.288107
-0.407493 0.341927 0.288107
-0.460677 0.265972 0.288107
-0.499864 0.181936 0.288107
-0.523863 0.0923712 0.288107
-0.531944 2.42724e-15 0.288107
-0.523863 -0.0923712 0.288107
-0.499864 -0.181936 0.288107
-0.460677 -0.265972 0.288107
-0.407493 -0.341927 0.288107
-0.341927 -0.407493 0.288107
-0.265972 -0.460677 0.288107
-0.181936 -0.499864 0.288107
-0.0923712 -0.523863 0.288107
-0.0856871 0.485956 0.288106
-0.0856871 -0.485956 0.288107
-0.079003 0.448048 0.288106
-0.079003 -0.448048 0.288107
-0.072319 0.410141 0.288106
-0.072319 -0.410141 0.288107
-0.142441 0.391352 0.288106
-0.208234 0.360672 0.288107
-0.267701 0.319033 0.288107
-0.319033 0.267701 0.288107
-0.360672 0.208234 0.288107
-0.391352 0.142441 0.288107
-0.410141 0.072319 0.288107
-0.416468 -4.77737e-16 0.288107
-0.410141 -0.072319 0.288107
-0.391352 -0.142441 0.288107
-0.360672 -0.208234 0.288107
-0.319033 -0.267701 0.288107
-0.267701 -0.319033 0.288107
-0.208234 -0.360672 0.288107
-0.142441 -0.391352 0.288107
-0.168771 0.463694 0.288106
-0.246726 0.427342 0.288106
-0.317185 0.378006 0.288107
-0.378006 0.317185 0.288107
-0.427342 0.246726 0.288107
-0.463694 0.168771 0.288107
-0.485956 0.0856871 0.288107
-0.493452 3.47082e-15 0.288107
-0.485956 -0.0856871 0.288107
-0.463694 -0.168771 0.288107
-0.427342 -0.246726 0.288107
-0.378006 -0.317185 0.288107
-0.317185 -0.378006 0.288107
-0.246726 -0.427342 0.288107
-0.168771 -0.463694 0.288107
-0.155606 0.427523 0.288106
-0.22748 0.394007 0.288106
-0.292443 0.34852 0.288107
-0.34852 0.292443 0.288107
-0.394007 0.22748 0.288107
-0.427523 0.155606 0.288107
-0.448048 0.079003 0.288107
-0.45496 3.22851e-15 0.288107
-0.448048 -0.079003 0.288107
-0.427523 -0.155606 0.288107
-0.394007 -0.22748 0.288107
-0.34852 -0.292443 0.288107
-0.292443 -0.34852 0.288107
-0.22748 -0.394007 0.288107
-0.155606 -0.427523 0.288107
-0.0923712 0.523863 0.223968
-0.181936 0.499864 0.223968
-0.265972 0.460677 0.223968
-0.341927 0.407493 0.223968
-0.407493 0.341927 0.223968
-0.460677 0.265972 0.223968
-0.499864 0.181936 0.223968
-0.523863 0.0923712 0.223968
-0.531944 3.01374e-15 0.223968
-0.523863 -0.0923712 0.223968
-0.499864 -0.181936 0.223968
-0.460677 -0.265972 0.223968
-0.407493 -0.341927 0.223968
-0.341927 -0.407493 0.223968
-0.265972 -0.460677 0.223968
-0.181936 -0.499864 0.223968
-0.0923712 -0.523863 0.223968
-0.0856871 0.485956 0.223968
-0.0856871 -0.485956 0.223968
-0.079003 0.448048 0.223968
-0.079003 -0.448048 0.223968
-0.072319 0.410141 0.223968
-0.072319 -0.410141 0.223968
-0.142441 0.391352 0.223968
-0.208234 0.360672 0.223968
-0.267701 0.319033 0.223968
-0.319033 0.267701 0.223968
-0.360672 0.208234 0.223968
-0.391352 0.142441 0.223968
-0.410141 0.072319 0.223968
-0.416468 -6.78745e-16 0.223968
-0.410141 -0.072319 0.223968
-0.391352 -0.142441 0.223968
-0.360672 -0.208234 0.223968
-0.319033 -0.267701 0.223968
-0.267701 -0.319033 0.223968
-0.208234 -0.360672 0.223968
-0.142441 -0.391352 0.223968
-0.168771 0.463694 0.223968
-0.246726 0.427342 0.223968
-0.317185 0.378006 0.223968
-0.378006 0.317185 0.223968
-0.427342 0.246726 0.223968
-0.463694 0.168771 0.223968
-0.485956 0.0856871 0.223968
-0.493452 4.02704e-15 0.223968
-0.485956 -0.0856871 0.223968
-0.463694 -0.168771 0.223968
-0.427342 -0.246726 0.223968
-0.378006 -0.317185 0.223968
-0.317185 -0.378006 0.223968
-0.246726 -0.427342 0.223968
-0.168771 -0.463694 0.223968
-0.155606 0.427523 0.223968
-0.22748 0.394007 0.223968
-0.292443 0.34852 0.223968
-0.34852 0.292443 0.223968
-0.394007 0.22748 0.223968
-0.427523 0.155606 0.223968
-0.448048 0.079003 0.223968
-0.45496 3.58647e-15 0.223968
-0.448048 -0.079003 0.223968
-0.427523 -0.155606 0.223968
-0.394007 -0.22748 0.223968
-0.34852 -0.292443 0.223968
-0.292443 -0.34852 0.223968
-0.22748 -0.394007 0.223968
-0.155606 -0.427523 0.223968
-0.0923712 0.523863 0.162395
-0.181936 0.499864 0.162395
-0.265972 0.460677 0.162395
-0.341927 0.407493 0.162395
-0.407493 0.341927 0.162395
-0.460677 0.265972 0.162395
-0.499864 0.181936 0.162395
-0.523863 0.0923712 0.162395
-0.531944 3.61125e-15 0.162395
-0.523863 -0.0923712 0.162395
-0.499864 -0.181936 0.162395
-0.460677 -0.265972 0.162395
-0.407493 -0.341927 0.162395
-0.341927 -0.407493 0.162395
-0.265972 -0.460677 0.162395
-0.181936 -0.499864 0.162395
-0.0923712 -0.523863 0.162395
-0.0856871 0.485956 0.162395
-0.0856871 -0.485956 0.162395
-0.079003 0.448048 0.162395
-0.079003 -0.448048 0.162395
-0.072319 0.410141 0.162395
-0.072319 -0.410141 0.162395
-0.142441 0.391352 0.162395
-0.208234 0.360672 0.162395
-0.267701 0.319033 0.162395
-0.319033 0.267701 0.162395
-0.360672 0.208234 0.162395
-0.391352 0.142441 0.162395
-0.410141 0.072319 0.162395
-0.416468 -8.61855e-16 0.162395
-0.410141 -0.072319 0.162395
-0.391352 -0.142441 0.162395
-0.360672 -0.208234 0.162395
-0.319033 -0.267701 0.162395
-0.267701 -0.319033 0.162395
-0.208234 -0.360672 0.162395
-0.142441 -0.391352 0.162395
-0.168771 0.463694 0.162395
-0.246726 0.427342 0.162395
-0.317185 0.378006 0.162395
-0.378006 0.317185 0.162395
-0.427342 0.246726 0.162395
-0.463694 0.168771 0.162395
-0.485956 0.0856871 0.162395
-0.493452 4.58187e-15 0.162395
-0.485956 -0.0856871 0.162395
-0.463694 -0.168771 0.162395
-0.427342 -0.246726 0.162395
-0.378006 -0.317185 0.162395
-0.317185 -0.378006 0.162395
-0.246726 -0.427342 0.162395
-0.168771 -0.463694 0.162395
-0.155606 0.427523 0.162395
-0.22748 0.394007 0.162395
-0.292443 0.34852 0.162395
-0.34852 0.292443 0.162395
-0.394007 0.22748 0.162395
-0.427523 0.155606 0.162395
-0.448048 0.079003 0.162395
-0.45496 3.96095e-15 0.162395
-0.448048 -0.079003 0.162395
-0.427523 -0.155606 0.162395
-0.394007 -0.22748 0.162395
-0.34852 -0.292443 0.162395
-0.292443 -0.34852 0.162395
-0.22748 -0.394007 0.162395
-0.155606 -0.427523 0.162395
-0.0923712 0.523863 0.103285
-0.181936 0.499864 0.103285
-0.265972 0.460677 0.103285
-0.341927 0.407493 0.103285
-0.407493 0.341927 0.103285
-0.460677 0.265972 0.103285
-0.499864 0.181936 0.103285
-0.523863 0.0923712 0.103285
-0.531944 4.195e-15 0.103285
-0.523863 -0.0923712 0.103285
-0.499864 -0.181936 0.103285
-0.460677 -0.265972 0.103285
-0.407493 -0.341927 0.103285
-0.341927 -0.407493 0.103285
-0.265972 -0.460677 0.103285
-0.181936 -0.499864 0.103285
-0.0923712 -0.523863 0.103285
-0.0856871 0.485956 0.103285
-0.0856871 -0.485956 0.103285
-0.079003 0.448048 0.103285
-0.079003 -0.448048 0.103285
-0.072319 0.410141 0.103285
-0.072319 -0.410141 0.103285
-0.142441 0.391352 0.103285
-0.208234 0.360672 0.103285
-0.267701 0.319033 0.103285
-0.319033 0.267701 0.103285
-0.360672 0.208234 0.103285
-0.391352 0.142441 0.103285
-0.410141 0.072319 0.103285
-0.416468 -1.06837e-15 0.103285
-0.410141 -0.072319 0.103285
-0.391352 -0.142441 0.103285
-0.360672 -0.208234 0.103285
-0.319033 -0.267701 0.103285
-0.267701 -0.319033 0.103285
-0.208234 -0.360672 0.103285
-0.142441 -0.391352 0.103285
-0.168771 0.463694 0.103285
-0.246726 0.427342 0.103285
-0.317185 0.378006 0.103285
-0.378006 0.317185 0.103285
-0.427342 0.246726 0.103285
-0.463694 0.168771 0.103285
-0.485956 0.0856871 0.103285
-0.493452 5.13671e-15 0.103285
-0.485956 -0.0856871 0.103285
-0.463694 -0.168771 0.103285
-0.427342 -0.246726 0.103285
-0.378006 -0.317185 0.103285
-0.317185 -0.378006 0.103285
-0.246726 -0.427342 0.103285
-0.168771 -0.463694 0.103285
-0.155606 0.427523 0.103285
-0.22748 0.394007 0.103285
-0.292443 0.34852 0.103285
-0.34852 0.292443 0.103285
-0.394007 0.22748 0.103285
-0.427523 0.155606 0.103285
-0.448048 0.079003 0.103285
-0.45496 4.30377e-15 0.103285
-0.448048 -0.079003 0.103285
-0.427523 -0.155606 0.103285
-0.394007 -0.22748 0.103285
-0.34852 -0.292443 0.103285
-0.292443 -0.34852 0.103285
-0.22748 -0.394007 0.103285
-0.155606 -0.427523 0.103285
-0.0923712 0.523863 0.0465393
-0.181936 0.499864 0.0465393
-0.265972 0.460677 0.0465393
-0.341927 0.407493 0.0465393
-0.407493 0.341927 0.0465393
-0.460677 0.265972 0.0465393
-0.499864 0.181936 0.0465393
-0.523863 0.0923712 0.0465393
-0.531944 4.76085e-15 0.0465393
-0.523863 -0.0923712 0.0465393
-0.499864 -0.181936 0.0465393
-0.460677 -0.265972 0.0465393
-0.407493 -0.341927 0.0465393
-0.341927 -0.407493 0.0465393
-0.265972 -0.460677 0.0465393
-0.181936 -0.499864 0.0465393
-0.0923712 -0.523863 0.0465393
-0.0856871 0.485956 0.0465393
-0.0856871 -0.485956 0.0465393
-0.079003 0.448048 0.0465393
-0.079003 -0.448048 0.0465393
-0.072319 0.410141 0.0465393
-0.072319 -0.410141 0.0465393
-0.142441 0.391352 0.0465393
-0.208234 0.360672 0.0465393
-0.267701 0.319033 0.0465393
-0.319033 0.267701 0.0465393
-0.360672 0.208234 0.0465393
-0.391352 0.142441 0.0465393
-0.410141 0.072319 0.0465393
-0.416468 -1.27075e-15 0.0465393
-0.410141 -0.072319 0.0465393
-0.391352 -0.142441 0.0465393
-0.360672 -0.208234 0.0465393
-0.319033 -0.267701 0.0465393
-0.267701 -0.319033 0.0465393
-0.208234 -0.360672 0.0465393
-0.142441 -0.391352 0.0465393
-0.168771 0.463694 0.0465393
-0.246726 0.427342 0.0465393
-0.317185 0.378006 0.0465393
-0.378006 0.317185 0.0465393
-0.427342 0.246726 0.0465393
-0.463694 0.168771 0.0465393
-0.485956 0.0856871 0.0465393
-0.493452 5.64887e-15 0.0465393
-0.485956 -0.0856871 0.0465393
-0.463694 -0.168771 0.0465393
-0.427342 -0.246726 0.0465393
-0.378006 -0.317185 0.0465393
-0.317185 -0.378006 0.0465393
-0.246726 -0.427342 0.0465393
-0.168771 -0.463694 0.0465393
-0.155606 0.427523 0.0465393
-0.22748 0.394007 0.0465393
-0.292443 0.34852 0.0465393
-0.34852 0.292443 0.0465393
-0.394007 0.22748 0.0465393
-0.427523 0.155606 0.0465393
-0.448048 0.079003 0.0465393
-0.45496 4.61078e-15 0.0465393
-0.448048 -0.079003 0.0465393
-0.427523 -0.155606 0.0465393
-0.394007 -0.22748 0.0465393
-0.34852 -0.292443 0.0465393
-0.292443 -0.34852 0.0465393
-0.22748 -0.394007 0.0465393
-0.155606 -0.427523 0.0465393
-0.0923712 0.523863 -0.0079365
-0.181936 0.499864 -0.0079365
-0.265972 0.460677 -0.0079365
-0.341927 0.407493 -0.0079365
-0.407493 0.341927 -0.0079365
-0.460677 0.265972 -0.0079365
-0.499864 0.181936 -0.0079365
-0.523863 0.0923712 -0.0079365
-0.531944 5.34598e-15 -0.0079365
-0.523863 -0.0923712 -0.0079365
-0.499864 -0.181936 -0.0079365
-0.460677 -0.265972 -0.0079365
-0.407493 -0.341927 -0.0079365
-0.341927 -0.407493 -0.0079365
-0.265972 -0.460677 -0.0079365
-0.181936 -0.499864 -0.0079365
-0.0923712 -0.523863 -0.0079365
-0.0856871 0.485956 -0.0079365
-0.0856871 -0.485956 -0.0079365
-0.079003 0.448048 -0.0079365
-0.079003 -0.448048 -0.0079365
-0.072319 0.410141 -0.0079365
-0.072319 -0.410141 -0.0079365
-0.142441 0.391352 -0.0079365
-0.208234 0.360672 -0.0079365
-0.267701 0.319033 -0.0079365
-0.319033 0.267701 -0.0079365
-0.360672 0.208234 -0.0079365
-0.391352 0.142441 -0.0079365
-0.410141 0.072319 -0.0079365
-0.416468 -1.46625e-15 -0.0079365
-0.410141 -0.072319 -0.0079365
-0.391352 -0.142441 -0.0079365
-0.360672 -0.208234 -0.0079365
-0.319033 -0.267701 -0.0079365
-0.267701 -0.319033 -0.0079365
-0.208234 -0.360672 -0.0079365
-0.142441 -0.391352 -0.0079365
-0.168771 0.463694 -0.0079365
-0.246726 0.427342 -0.0079365
-0.317185 0.378006 -0.0079365
-0.378006 0.317185 -0.0079365
-0.427342 0.246726 -0.0079365
-0.463694 0.168771 -0.0079365
-0.485956 0.0856871 -0.0079365
-0.493452 6.17754e-15 -0.0079365
-0.485956 -0.0856871 -0.0079365
-0.463694 -0.168771 -0.0079365
-0.427342 -0.246726 -0.0079365
-0.378006 -0.317185 -0.0079365
-0.317185 -0.378006 -0.0079365
-0.246726 -0.427342 -0.0079365
-0.168771 -0.463694 -0.0079365
-0.155606 0.427523 -0.0079365
-0.22748 0.394007 -0.0079365
-0.292443 0.34852 -0.0079365
-0.34852 0.292443 -0.0079365
-0.394007 0.22748 -0.0079365
-0.427523 0.155606 -0.0079365
-0.448048 0.079003 -0.0079365
-0.45496 4.95635e-15 -0.0079365
-0.448048 -0.079003 -0.0079365
-0.427523 -0.155606 -0.0079365
-0.394007 -0.22748 -0.0079365
-0.34852 -0.292443 -0.0079365
-0.292443 -0.34852 -0.0079365
-0.22748 -0.394007 -0.0079365
-0.155606 -0.427523 -0.0079365
0 0.31746 -0.0079365
0 0.31746 1
0 0.31746 0.0465393
0 0.31746 0.103285
0 0.31746 0.162395
0 0.31746 0.223968
0 0.31746 0.288106
0 0.31746 0.354917
0 0.31746 0.424512
0 0.31746 0.497007
0 0.31746 0.572522
0 0.31746 0.651183
0 0.31746 0.733123
0 0.31746 0.818476
0 0.31746 0.907386
0 -0.31746 1
0 -0.31746 -0.0079365
0 -0.31746 0.907386
0 -0.31746 0.818476
0 -0.31746 0.733123
0 -0.31746 0.651184
0 -0.31746 0.572522
0 -0.31746 0.497007
0 -0.31746 0.424512
0 -0.31746 0.354917
0 -0.31746 0.288107
0 -0.31746 0.223968
0 -0.31746 0.162395
0 -0.31746 0.103285
0 -0.31746 0.0465393
0 -0.337632 1
0 -0.357804 1
0 0.357804 1
0 0.337632 1
0.0551264 -0.312637 1
0.108578 -0.298315 1
0.15873 -0.274929 1
0.20406 -0.243189 1
0.243189 -0.20406 1
0.274929 -0.15873 1
0.298315 -0.108578 1
0.312637 -0.0551264 1
0.31746 1.40981e-16 1
0.312637 0.0551264 1
0.298315 0.108578 1
0.274929 0.15873 1
0.243189 0.20406 1
0.20406 0.243189 1
0.15873 0.274929 1
0.108578 0.298315 1
0.0551264 0.312637 1
0.0621321 0.352368 1
0.0586292 0.332503 1
0.122376 0.336226 1
0.115477 0.317271 1
0.178902 0.309868 1
0.168816 0.292398 1
0.229992 0.274094 1
0.217026 0.258641 1
0.274094 0.229992 1
0.258641 0.217026 1
0.309868 0.178902 1
0.292398 0.168816 1
0.336226 0.122376 1
0.317271 0.115477 1
0.352368 0.0621321 1
0.332503 0.0586292 1
0.357804 -6.60847e-17 1
0.337632 2.20282e-17 1
0.352368 -0.0621321 1
0.332503 -0.0586292 1
0.336226 -0.122376 1
0.317271 -0.115477 1
0.309868 -0.178902 1
0.292398 -0.168816 1
0.274094 -0.229992 1
0.258641 -0.217026 1
0.229992 -0.274094 1
0.217026 -0.258641 1
0.178902 -0.309868 1
0.168816 -0.292398 1
0.122376 -0.336226 1
0.115477 -0.317271 1
0.0621321 -0.352368 1
0.0586292 -0.332503 1
0 0.337632 -0.0079365
0 0.357804 -0.0079365
0 0.357804 0.0465393
0 0.337632 0.0465393
0 0.357804 0.103285
0 0.337632 0.103285
0 0.357804 0.162395
0 0.337632 0.162395
0 0.357804 0.223968
0 0.337632 0.223968
0 0.357804 0.288107
0 0.337632 0.288106
0 0.357804 0.354917
0 0.337632 0.354917
0 0.357804 0.424512
0 0.337632 0.424512
0 0.357804 0.497007
0 0.337632 0.497007
0 0.357804 0.572522
0 0.337632 0.572522
0 0.357804 0.651183
0 0.337632 0.651183
0 0.357804 0.733123
0 0.337632 0.733123
0 0.357804 0.818476
0 0.337632 0.818476
0 0.357804 0.907386
0 0.337632 0.907386
0 -0.357804 -0.0079365
0 -0.337632 -0.0079365
0 -0.337632 0.0465393
0 -0.357804 0.0465393
0 -0.337632 0.103285
0 -0.357804 0.103285
0 -0.337632 0.162395
0 -0.357804 0.162395
0 -0.337632 0.223968
0 -0.357804 0.223968
0 -0.337632 0.288107
0 -0.357804 0.288106
0 -0.337632 0.354917
0 -0.357804 0.354917
0 -0.337632 0.424512
0 -0.357804 0.424512
0 -0.337632 0.497007
0 -0.357804 0.497007
0 -0.337632 0.572522
0 -0.357804 0.572522
0 -0.337632 0.651183
0 -0.357804 0.651183
0 -0.337632 0.733123
0 -0.357804 0.733123
0 -0.337632 0.818476
0 -0.357804 0.818476
0 -0.337632 0.907386
0 -0.357804 0.907386
0.0551264 0.312637 -0.0079365
0.108578 0.298315 -0.0079365
0.15873 0.274929 -0.0079365
0.20406 0.243189 -0.0079365
0.243189 0.20406 -0.0079365
0.274929 0.15873 -0.0079365
0.298315 0.108578 -0.0079365
0.312637 0.0551264 -0.0079365
0.31746 -1.40981e-16 -0.0079365
0.312637 -0.0551264 -0.0079365
0.298315 -0.108578 -0.0079365
0.274929 -0.15873 -0.0079365
0.243189 -0.20406 -0.0079365
0.20406 -0.243189 -0.0079365
0.15873 -0.274929 -0.0079365
0.108578 -0.298315 -0.0079365
0.0551264 -0.312637 -0.0079365
0.0551264 -0.312637 0.907386
0.0551264 -0.312637 0.818476
0.0551264 -0.312637 0.733123
0.0551264 -0.312637 0.651184
0.0551264 -0.312637 0.572522
0.0551264 -0.312637 0.497007
0.0551264 -0.312637 0.424512
0.0551264 -0.312637 0.354917
0.0551264 -0.312637 0.288107
0.0551264 -0.312637 0.223968
0.0551264 -0.312637 0.162395
0.0551264 -0.312637 0.103285
0.0551264 -0.312637 0.0465393
0.108578 -0.298315 0.907386
0.108578 -0.298315 0.818476
0.108578 -0.298315 0.733123
0.108578 -0.298315 0.651184
0.108578 -0.298315 0.572522
0.108578 -0.298315 0.497007
0.108578 -0.298315 0.424512
0.108578 -0.298315 0.354917
0.108578 -0.298315 0.288107
0.108578 -0.298315 0.223968
0.108578 -0.298315 0.162395
0.108578 -0.298315 0.103285
0.108578 -0.298315 0.0465393
0.15873 -0.274929 0.907386
0.15873 -0.274929 0.818476
0.15873 -0.274929 0.733123
0.15873 -0.274929 0.651184
0.15873 -0.274929 0.572522
0.15873 -0.274929 0.497007
0.15873 -0.274929 0.424512
0.15873 -0.274929 0.354917
0.15873 -0.274929 0.288107
0.15873 -0.274929 0.223968
0.15873 -0.274929 0.162395
0.15873 -0.274929 0.103285
0.15873 -0.274929 0.0465393
0.20406 -0.243189 0.907386
0.20406 -0.243189 0.818476
0.20406 -0.243189 0.733123
0.20406 -0.243189 0.651184
0.20406 -0.243189 0.572522
0.20406 -0.243189 0.497007
0.20406 -0.243189 0.424512
0.20406 -0.243189 0.354917
0.20406 -0.243189 0.288107
0.20406 -0.243189 0.223968
0.20406 -0.243189 0.162395
0.20406 -0.243189 0.103285
0.20406 -0.243189 0.0465393
0.243189 -0.20406 0.907386
0.243189 -0.20406 0.818476
0.243189 -0.20406 0.733123
0.243189 -0.20406 0.651183
0.243189 -0.20406 0.572522
0.243189 -0.20406 0.497007
0.243189 -0.20406 0.424512
0.243189 -0.20406 0.354917
0.243189 -0.20406 0.288107
0.243189 -0.20406 0.223968
0.243189 -0.20406 0.162395
0.243189 -0.20406 0.103285
0.243189 -0.20406 0.0465393
0.274929 -0.15873 0.907386
0.274929 -0.15873 0.818476
0.274929 -0.15873 0.733123
0.274929 -0.15873 0.651183
0.274929 -0.15873 0.572522
0.274929 -0.15873 0.497007
0.274929 -0.15873 0.424512
0.274929 -0.15873 0.354917
0.274929 -0.15873 0.288107
0.274929 -0.15873 0.223968
0.274929 -0.15873 0.162395
0.274929 -0.15873 0.103285
0.274929 -0.15873 0.0465393
0.298315 -0.108578 0.907386
0.298315 -0.108578 0.818476
0.298315 -0.108578 0.733123
0.298315 -0.108578 0.651183
0.298315 -0.108578 0.572522
0.298315 -0.108578 0.497007
0.298315 -0.108578 0.424512
0.298315 -0.108578 0.354917
0.298315 -0.108578 0.288107
0.298315 -0.108578 0.223968
0.298315 -0.108578 0.162395
0.298315 -0.108578 0.103285
0.298315 -0.108578 0.0465393
0.312637 -0.0551264 0.907386
0.312637 -0.0551264 0.818476
0.312637 -0.0551264 0.733123
0.312637 -0.0551264 0.651183
0.312637 -0.0551264 0.572522
0.312637 -0.0551264 0.497007
0.312637 -0.0551264 0.424512
0.312637 -0.0551264 0.354917
0.312637 -0.0551264 0.288107
0.312637 -0.0551264 0.223968
0.312637 -0.0551264 0.162395
0.312637 -0.0551264 0.103285
0.312637 -0.0551264 0.0465393
0.31746 1.10141e-16 0.907386
0.31746 1.10141e-16 0.818476
0.31746 8.81129e-17 0.733123
0.31746 6.60847e-17 0.651183
0.31746 4.40565e-17 0.572522
0.31746 2.20282e-17 0.497007
0.31746 0 0.424512
0.31746 -2.20282e-17 0.354917
0.31746 -4.40565e-17 0.288107
0.31746 -6.60847e-17 0.223968
0.31746 -8.81129e-17 0.162395
0.31746 -1.10141e-16 0.103285
0.31746 -1.32169e-16 0.0465393
0.312637 0.0551264 0.907386
0.312637 0.0551264 0.818476
0.312637 0.0551264 0.733123
0.312637 0.0551264 0.651183
0.312637 0.0551264 0.572522
0.312637 0.0551264 0.497007
0.312637 0.0551264 0.424512
0.312637 0.0551264 0.354917
0.312637 0.0551264 0.288107
0.312637 0.0551264 0.223968
0.312637 0.0551264 0.162395
0.312637 0.0551264 0.103285
0.312637 0.0551264 0.0465393
0.298315 0.108578 0.907386
0.298315 0.108578 0.818476
0.298315 0.108578 0.733123
0.298315 0.108578 0.651183
0.298315 0.108578 0.572522
0.298315 0.108578 0.497007
0.298315 0.108578 0.424512
0.298315 0.108578 0.354917
0.298315 0.108578 0.288106
0.298315 0.108578 0.223968
0.298315 0.108578 0.162395
0.298315 0.108578 0.103285
0.298315 0.108578 0.0465393
0.274929 0.15873 0.907386
0.274929 0.15873 0.818476
0.274929 0.15873 0.733123
0.274929 0.15873 0.651183
0.274929 0.15873 0.572522
0.274929 0.15873 0.497007
0.274929 0.15873 0.424512
0.274929 0.15873 0.354917
0.274929 0.15873 0.288106
0.274929 0.15873 0.223968
0.274929 0.15873 0.162395
0.274929 0.15873 0.103285
0.274929 0.15873 0.0465393
0.243189 0.20406 0.907386
0.243189 0.20406 0.818476
0.243189 0.20406 0.733123
0.243189 0.20406 0.651183
0.243189 0.20406 0.572522
0.243189 0.20406 0.497007
0.243189 0.20406 0.424512
0.243189 0.20406 0.354917
0.243189 0.20406 0.288106
0.243189 0.20406 0.223968
0.243189 0.20406 0.162395
0.243189 0.20406 0.103285
0.243189 0.20406 0.0465393
0.20406 0.243189 0.907386
0.20406 0.243189 0.818476
0.20406 0.243189 0.733123
0.20406 0.243189 0.651183
0.20406 0.243189 0.572522
0.20406 0.243189 0.497007
0.20406 0.243189 0.424512
0.20406 0.243189 0.354917
0.20406 0.243189 0.288106
0.20406 0.243189 0.223968
0.20406 0.243189 0.162395
0.20406 0.243189 0.103285
0.20406 0.243189 0.0465393
0.15873 0.274929 0.907386
0.15873 0.274929 0.818476
0.15873 0.274929 0.733123
0.15873 0.274929 0.651183
0.15873 0.274929 0.572522
0.15873 0.274929 0.497007
0.15873 0.274929 0.424512
0.15873 0.274929 0.354917
0.15873 0.274929 0.288106
0.15873 0.274929 0.223968
0.15873 0.274929 0.162395
0.15873 0.274929 0.103285
0.15873 0.274929 0.0465393
0.108578 0.298315 0.907386
0.108578 0.298315 0.818476
0.108578 0.298315 0.733123
0.108578 0.298315 0.651183
0.108578 0.298315 0.572522
0.108578 0.298315 0.497007
0.108578 0.298315 0.424512
0.108578 0.298315 0.354917
0.108578 0.298315 0.288106
0.108578 0.298315 0.223968
0.108578 0.298315 0.162395
0.108578 0.298315 0.103285
0.108578 0.298315 0.0465393
0.0551264 0.312637 0.907386
0.0551264 0.312637 0.818476
0.0551264 0.312637 0.733123
0.0551264 0.312637 0.651183
0.0551264 0.312637 0.572522
0.0551264 0.312637 0.497007
0.0551264 0.312637 0.424512
0.0551264 0.312637 0.354917
0.0551264 0.312637 0.288106
0.0551264 0.312637 0.223968
0.0551264 0.312637 0.162395
0.0551264 0.312637 0.103285
0.0551264 0.312637 0.0465393
0.0621321 0.352368 0.907386
0.0586292 0.332503 0.907386
0.122376 0.336226 0.907386
0.115477 0.317271 0.907386
0.178902 0.309868 0.907386
0.168816 0.292398 0.907386
0.229992 0.274094 0.907386
0.217026 0.258641 0.907386
0.274094 0.229992 0.907386
0.258641 0.217026 0.907386
0.309868 0.178902 0.907386
0.292398 0.168816 0.907386
0.336226 0.122376 0.907386
0.317271 0.115477 0.907386
0.352368 0.0621321 0.907386
0.332503 0.0586292 0.907386
0.357804 -5.78241e-17 0.907386
0.337632 1.51444e-17 0.907386
0.352368 -0.0621321 0.907386
0.332503 -0.0586292 0.907386
0.336226 -0.122376 0.907386
0.317271 -0.115477 0.907386
0.309868 -0.178902 0.907386
0.292398 -0.168816 0.907386
0.274094 -0.229992 0.907386
0.258641 -0.217026 0.907386
0.229992 -0.274094 0.907386
0.217026 -0.258641 0.907386
0.178902 -0.309868 0.907386
0.168816 -0.292398 0.907386
0.122376 -0.336226 0.907386
0.115477 -0.317271 0.907386
0.0621321 -0.352368 0.907386
0.0586292 -0.332503 0.907386
0.0621321 0.352368 0.818476
0.0586292 0.332503 0.818476
0.122376 0.336226 0.818476
0.115477 0.317271 0.818476
0.178902 0.309868 0.818476
0.168816 0.292398 0.818476
0.229992 0.274094 0.818476
0.217026 0.258641 0.818476
0.274094 0.229992 0.818476
0.258641 0.217026 0.818476
0.309868 0.178902 0.818476
0.292398 0.168816 0.818476
0.336226 0.122376 0.818476
0.317271 0.115477 0.818476
0.352368 0.0621321 0.818476
0.332503 0.0586292 0.818476
0.357804 -3.02888e-17 0.818476
0.337632 5.50706e-18 0.818476
0.352368 -0.0621321 0.818476
0.332503 -0.0586292 0.818476
0.336226 -0.122376 0.818476
0.317271 -0.115477 0.818476
0.309868 -0.178902 0.818476
0.292398 -0.168816 0.818476
0.274094 -0.229992 0.818476
0.258641 -0.217026 0.818476
0.229992 -0.274094 0.818476
0.217026 -0.258641 0.818476
0.178902 -0.309868 0.818476
0.168816 -0.292398 0.818476
0.122376 -0.336226 0.818476
0.115477 -0.317271 0.818476
0.0621321 -0.352368 0.818476
0.0586292 -0.332503 0.818476
0.0621321 0.352368 0.733123
0.0586292 0.332503 0.733123
0.122376 0.336226 0.733123
0.115477 0.317271 0.733123
0.178902 0.309868 0.733123
0.168816 0.292398 0.733123
0.229992 0.274094 0.733123
0.217026 0.258641 0.733123
0.274094 0.229992 0.733123
0.258641 0.217026 0.733123
0.309868 0.178902 0.733123
0.292398 0.168816 0.733123
0.336226 0.122376 0.733123
0.317271 0.115477 0.733123
0.352368 0.0621321 0.733123
0.332503 0.0586292 0.733123
0.357804 -6.88382e-18 0.733123
0.337632 2.75353e-18 0.733123
0.352368 -0.0621321 0.733123
0.332503 -0.0586292 0.733123
0.336226 -0.122376 0.733123
0.317271 -0.115477 0.733123
0.309868 -0.178902 0.733123
0.292398 -0.168816 0.733123
0.274094 -0.229992 0.733123
0.258641 -0.217026 0.733123
0.229992 -0.274094 0.733123
0.217026 -0.258641 0.733123
0.178902 -0.309868 0.733123
0.168816 -0.292398 0.733123
0.122376 -0.336226 0.733123
0.115477 -0.317271 0.733123
0.0621321 -0.352368 0.733123
0.0586292 -0.332503 0.733123
0.0621321 0.352368 0.651184
0.0586292 0.332503 0.651184
0.122376 0.336226 0.651184
0.115477 0.317271 0.651184
0.178902 0.309868 0.651184
0.168816 0.292398 0.651184
0.229992 0.274094 0.651184
0.217026 0.258641 0.651184
0.274094 0.229992 0.651184
0.258641 0.217026 0.651184
0.309868 0.178902 0.651184
0.292398 0.168816 0.651184
0.336226 0.122376 0.651184
0.317271 0.115477 0.651184
0.352368 0.0621321 0.651184
0.332503 0.0586292 0.651184
0.357804 -1.51444e-17 0.651183
0.337632 -3.16656e-17 0.651183
0.352368 -0.0621321 0.651183
0.332503 -0.0586292 0.651183
0.336226 -0.122376 0.651183
0.317271 -0.115477 0.651183
0.309868 -0.178902 0.651183
0.292398 -0.168816 0.651183
0.274094 -0.229992 0.651183
0.258641 -0.217026 0.651183
0.229992 -0.274094 0.651183
0.217026 -0.258641 0.651183
0.178902 -0.309868 0.651183
0.168816 -0.292398 0.651183
0.122376 -0.336226 0.651183
0.115477 -0.317271 0.651183
0.0621321 -0.352368 0.651183
0.0586292 -0.332503 0.651183
0.0621321 0.352368 0.572522
0.0586292 0.332503 0.572522
0.122376 0.336226 0.572522
0.115477 0.317271 0.572522
0.178902 0.309868 0.572522
0.168816 0.292398 0.572522
0.229992 0.274094 0.572522
0.217026 0.258641 0.572522
0.274094 0.229992 0.572522
0.258641 0.217026 0.572522
0.309868 0.178902 0.572522
0.292398 0.168816 0.572522
0.336226 0.122376 0.572522
0.317271 0.115477 0.572522
0.352368 0.0621321 0.572522
0.332503 0.0586292 0.572522
0.357804 1.10141e-17 0.572522
0.337632 -4.40565e-17 0.572522
0.352368 -0.0621321 0.572522
0.332503 -0.0586292 0.572522
0.336226 -0.122376 0.572522
0.317271 -0.115477 0.572522
0.309868 -0.178902 0.572522
0.292398 -0.168816 0.572522
0.274094 -0.229992 0.572522
0.258641 -0.217026 0.572522
0.229992 -0.274094 0.572522
0.217026 -0.258641 0.572522
0.178902 -0.309868 0.572522
0.168816 -0.292398 0.572522
0.122376 -0.336226 0.572522
0.115477 -0.317271 0.572522
0.0621321 -0.352368 0.572522
0.0586292 -0.332503 0.572522
0.0621321 0.352368 0.497007
0.0586292 0.332503 0.497007
0.122376 0.336226 0.497007
0.115477 0.317271 0.497007
0.178902 0.309868 0.497007
0.168816 0.292398 0.497007
0.229992 0.274094 0.497007
0.217026 0.258641 0.497007
0.274094 0.229992 0.497007
0.258641 0.217026 0.497007
0.309868 0.178902 0.497007
0.292398 0.168816 0.497007
0.336226 0.122376 0.497007
0.317271 0.115477 0.497007
0.352368 0.0621321 0.497007
0.332503 0.0586292 0.497007
0.357804 2.47818e-17 0.497007
0.337632 -6.60847e-17 0.497007
0.352368 -0.0621321 0.497007
0.332503 -0.0586292 0.497007
0.336226 -0.122376 0.497007
0.317271 -0.115477 0.497007
0.309868 -0.178902 0.497007
0.292398 -0.168816 0.497007
0.274094 -0.229992 0.497007
0.258641 -0.217026 0.497007
0.229992 -0.274094 0.497007
0.217026 -0.258641 0.497007
0.178902 -0.309868 0.497007
0.168816 -0.292398 0.497007
0.122376 -0.336226 0.497007
0.115477 -0.317271 0.497007
0.0621321 -0.352368 0.497007
0.0586292 -0.332503 0.497007
0.0621321 0.352368 0.424512
0.0586292 0.332503 0.424512
0.122376 0.336226 0.424512
0.115477 0.317271 0.424512
0.178902 0.309868 0.424512
0.168816 0.292398 0.424512
0.229992 0.274094 0.424512
0.217026 0.258641 0.424512
0.274094 0.229992 0.424512
0.258641 0.217026 0.424512
0.309868 0.178902 0.424512
0.292398 0.168816 0.424512
0.336226 0.122376 0.424512
0.317271 0.115477 0.424512
0.352368 0.0621321 0.424512
0.332503 0.0586292 0.424512
0.357804 2.61585e-17 0.424512
0.337632 -7.98524e-17 0.424512
0.352368 -0.0621321 0.424512
0.332503 -0.0586292 0.424512
0.336226 -0.122376 0.424512
0.317271 -0.115477 0.424512
0.309868 -0.178902 0.424512
0.292398 -0.168816 0.424512
0.274094 -0.229992 0.424512
0.258641 -0.217026 0.424512
0.229992 -0.274094 0.424512
0.217026 -0.258641 0.424512
0.178902 -0.309868 0.424512
0.168816 -0.292398 0.424512
0.122376 -0.336226 0.424512
0.115477 -0.317271 0.424512
0.0621321 -0.352368 0.424512
0.0586292 -0.332503 0.424512
0.0621321 0.352368 0.354918
0.0586292 0.332503 0.354918
0.122376 0.336226 0.354918
0.115477 0.317271 0.354918
0.178902 0.309868 0.354918
0.168816 0.292398 0.354918
0.229992 0.274094 0.354918
0.217026 0.258641 0.354918
0.274094 0.229992 0.354918
0.258641 0.217026 0.354918
0.309868 0.178902 0.354918
0.292398 0.168816 0.354918
0.336226 0.122376 0.354918
0.317271 0.115477 0.354918
0.352368 0.0621321 0.354917
0.332503 0.0586292 0.354917
0.357804 4.681e-17 0.354917
0.337632 -8.26059e-17 0.354917
0.352368 -0.0621321 0.354917
0.332503 -0.0586292 0.354917
0.336226 -0.122376 0.354917
0.317271 -0.115477 0.354917
0.309868 -0.178902 0.354917
0.292398 -0.168816 0.354917
0.274094 -0.229992 0.354917
0.258641 -0.217026 0.354917
0.229992 -0.274094 0.354917
0.217026 -0.258641 0.354917
0.178902 -0.309868 0.354917
0.168816 -0.292398 0.354917
0.122376 -0.336226 0.354917
0.115477 -0.317271 0.354917
0.0621321 -0.352368 0.354917
0.0586292 -0.332503 0.354917
0.0621321 0.352368 0.288107
0.0586292 0.332503 0.288107
0.122376 0.336226 0.288107
0.115477 0.317271 0.288107
0.178902 0.309868 0.288107
0.168816 0.292398 0.288107
0.229992 0.274094 0.288107
0.217026 0.258641 0.288107
0.274094 0.229992 0.288107
0.258641 0.217026 0.288107
0.309868 0.178902 0.288107
0.292398 0.168816 0.288107
0.336226 0.122376 0.288107
0.317271 0.115477 0.288107
0.352368 0.0621321 0.288107
0.332503 0.0586292 0.288107
0.357804 4.54332e-17 0.288107
0.337632 -1.00504e-16 0.288107
0.352368 -0.0621321 0.288106
0.332503 -0.0586292 0.288106
0.336226 -0.122376 0.288106
0.317271 -0.115477 0.288106
0.309868 -0.178902 0.288106
0.292398 -0.168816 0.288106
0.274094 -0.229992 0.288106
0.258641 -0.217026 0.288106
0.229992 -0.274094 0.288106
0.217026 -0.258641 0.288106
0.178902 -0.309868 0.288106
0.168816 -0.292398 0.288106
0.122376 -0.336226 0.288106
0.115477 -0.317271 0.288106
0.0621321 -0.352368 0.288106
0.0586292 -0.332503 0.288106
0.0621321 0.352368 0.223968
0.0586292 0.332503 0.223968
0.122376 0.336226 0.223968
0.115477 0.317271 0.223968
0.178902 0.309868 0.223968
0.168816 0.292398 0.223968
0.229992 0.274094 0.223968
0.217026 0.258641 0.223968
0.274094 0.229992 0.223968
0.258641 0.217026 0.223968
0.309868 0.178902 0.223968
0.292398 0.168816 0.223968
0.336226 0.122376 0.223968
0.317271 0.115477 0.223968
0.352368 0.0621321 0.223968
0.332503 0.0586292 0.223968
0.357804 4.681e-17 0.223968
0.337632 -1.11518e-16 0.223968
0.352368 -0.0621321 0.223968
0.332503 -0.0586292 0.223968
0.336226 -0.122376 0.223968
0.317271 -0.115477 0.223968
0.309868 -0.178902 0.223968
0.292398 -0.168816 0.223968
0.274094 -0.229992 0.223968
0.258641 -0.217026 0.223968
0.229992 -0.274094 0.223968
0.217026 -0.258641 0.223968
0.178902 -0.309868 0.223968
0.168816 -0.292398 0.223968
0.122376 -0.336226 0.223968
0.115477 -0.317271 0.223968
0.0621321 -0.352368 0.223968
0.0586292 -0.332503 0.223968
0.0621321 0.352368 0.162395
0.0586292 0.332503 0.162395
0.122376 0.336226 0.162395
0.115477 0.317271 0.162395
0.178902 0.309868 0.162395
0.168816 0.292398 0.162395
0.229992 0.274094 0.162395
0.217026 0.258641 0.162395
0.274094 0.229992 0.162395
0.258641 0.217026 0.162395
0.309868 0.178902 0.162395
0.292398 0.168816 0.162395
0.336226 0.122376 0.162395
0.317271 0.115477 0.162395
0.352368 0.0621321 0.162395
0.332503 0.0586292 0.162395
0.357804 7.29685e-17 0.162395
0.337632 -1.22532e-16 0.162395
0.352368 -0.0621321 0.162395
0.332503 -0.0586292 0.162395
0.336226 -0.122376 0.162395
0.317271 -0.115477 0.162395
0.309868 -0.178902 0.162395
0.292398 -0.168816 0.162395
0.274094 -0.229992 0.162395
0.258641 -0.217026 0.162395
0.229992 -0.274094 0.162395
0.217026 -0.258641 0.162395
0.178902 -0.309868 0.162395
0.168816 -0.292398 0.162395
0.122376 -0.336226 0.162395
0.115477 -0.317271 0.162395
0.0621321 -0.352368 0.162395
0.0586292 -0.332503 0.162395
0.0621321 0.352368 0.103285
0.0586292 0.332503 0.103285
0.122376 0.336226 0.103285
0.115477 0.317271 0.103285
0.178902 0.309868 0.103285
0.168816 0.292398 0.103285
0.229992 0.274094 0.103285
0.217026 0.258641 0.103285
0.274094 0.229992 0.103285
0.258641 0.217026 0.103285
0.309868 0.178902 0.103285
0.292398 0.168816 0.103285
0.336226 0.122376 0.103285
0.317271 0.115477 0.103285
0.352368 0.0621321 0.103285
0.332503 0.0586292 0.103285
0.357804 8.94897e-17 0.103285
0.337632 -1.48691e-16 0.103285
0.352368 -0.0621321 0.103285
0.332503 -0.0586292 0.103285
0.336226 -0.122376 0.103285
0.317271 -0.115477 0.103285
0.309868 -0.178902 0.103285
0.292398 -0.168816 0.103285
0.274094 -0.229992 0.103285
0.258641 -0.217026 0.103285
0.229992 -0.274094 0.103285
0.217026 -0.258641 0.103285
0.178902 -0.309868 0.103285
0.168816 -0.292398 0.103285
0.122376 -0.336226 0.103285
0.115477 -0.317271 0.103285
0.0621321 -0.352368 0.103285
0.0586292 -0.332503 0.103285
0.0621321 0.352368 0.0465394
0.0586292 0.332503 0.0465394
0.122376 0.336226 0.0465394
0.115477 0.317271 0.0465394
0.178902 0.309868 0.0465394
0.168816 0.292398 0.0465394
0.229992 0.274094 0.0465394
0.217026 0.258641 0.0465394
0.274094 0.229992 0.0465394
0.258641 0.217026 0.0465394
0.309868 0.178902 0.0465393
0.292398 0.168816 0.0465393
0.336226 0.122376 0.0465393
0.317271 0.115477 0.0465393
0.352368 0.0621321 0.0465393
0.332503 0.0586292 0.0465393
0.357804 9.91271e-17 0.0465393
0.337632 -1.69342e-16 0.0465393
0.352368 -0.0621321 0.0465393
0.332503 -0.0586292 0.0465393
0.336226 -0.122376 0.0465393
0.317271 -0.115477 0.0465393
0.309868 -0.178902 0.0465393
0.292398 -0.168816 0.0465393
0.274094 -0.229992 0.0465393
0.258641 -0.217026 0.0465393
0.229992 -0.274094 0.0465393
0.217026 -0.258641 0.0465393
0.178902 -0.309868 0.0465393
0.168816 -0.292398 0.0465393
0.122376 -0.336226 0.0465393
0.115477 -0.317271 0.0465392
0.0621321 -0.352368 0.0465393
0.0586292 -0.332503 0.0465393
0.0621321 0.352368 -0.0079365
0.0586292 0.332503 -0.0079365
0.122376 0.336226 -0.0079365
0.115477 0.317271 -0.0079365
0.178902 0.309868 -0.0079365
0.168816 0.292398 -0.0079365
0.229992 0.274094 -0.0079365
0.217026 0.258641 -0.0079365
0.274094 0.229992 -0.0079365
0.258641 0.217026 -0.0079365
0.309868 0.178902 -0.0079365
0.292398 0.168816 -0.0079365
0.336226 0.122376 -0.0079365
0.317271 0.115477 -0.0079365
0.352368 0.0621321 -0.0079365
0.332503 0.0586292 -0.0079365
0.357804 9.91271e-17 -0.0079365
0.337632 -1.74849e-16 -0.0079365
0.352368 -0.0621321 -0.0079365
0.332503 -0.0586292 -0.0079365
0.336226 -0.122376 -0.0079365
0.317271 -0.115477 -0.0079365
0.309868 -0.178902 -0.0079365
0.292398 -0.168816 -0.0079365
0.274094 -0.229992 -0.0079365
0.258641 -0.217026 -0.0079365
0.229992 -0.274094 -0.0079365
0.217026 -0.258641 -0.0079365
0.178902 -0.309868 -0.0079365
0.168816 -0.292398 -0.0079365
0.122376 -0.336226 -0.0079365
0.115477 -0.317271 -0.0079365
0.0621321 -0.352368 -0.0079365
0.0586292 -0.332503 -0.0079365
-0.0551264 0.312637 1
-0.108578 0.298315 1
-0.15873 0.274929 1
-0.20406 0.243189 1
-0.243189 0.20406 1
-0.274929 0.15873 1
-0.298315 0.108578 1
-0.312637 0.0551264 1
-0.31746 -2.39667e-15 1
-0.312637 -0.0551264 1
-0.298315 -0.108578 1
-0.274929 -0.15873 1
-0.243189 -0.20406 1
-0.20406 -0.243189 1
-0.15873 -0.274929 1
-0.108578 -0.298315 1
-0.0551264 -0.312637 1
-0.0621321 -0.352368 1
-0.0586292 -0.332503 1
-0.122376 -0.336226 1
-0.115477 -0.317271 1
-0.178902 -0.309868 1
-0.168816 -0.292398 1
-0.229992 -0.274094 1
-0.217026 -0.258641 1
-0.274094 -0.229992 1
-0.258641 -0.217026 1
-0.309868 -0.178902 1
-0.292398 -0.168816 1
-0.336226 -0.122376 1
-0.317271 -0.115477 1
-0.352368 -0.0621321 1
-0.332503 -0.0586292 1
-0.357804 1.10141e-15 1
-0.337632 -6.38819e-16 1
-0.352368 0.0621321 1
-0.332503 0.0586292 1
-0.336226 0.122376 1
-0.317271 0.115477 1
-0.309868 0.178902 1
-0.292398 0.168816 1
-0.274094 0.229992 1
-0.258641 0.217026 1
-0.229992 0.274094 1
-0.217026 0.258641 1
-0.178902 0.309868 1
-0.168816 0.292398 1
-0.122376 0.336226 1
-0.115477 0.317271 1
-0.0621321 0.352368 1
-0.0586292 0.332503 1
-0.0551264 -0.312637 -0.0079365
-0.108578 -0.298315 -0.0079365
-0.15873 -0.274929 -0.0079365
-0.20406 -0.243189 -0.0079365
-0.243189 -0.20406 -0.0079365
-0.274929 -0.15873 -0.0079365
-0.298315 -0.108578 -0.0079365
-0.312637 -0.0551264 -0.0079365
-0.31746 2.39667e-15 -0.0079365
-0.312637 0.0551264 -0.0079365
-0.298315 0.108578 -0.0079365
-0.274929 0.15873 -0.0079365
-0.243189 0.20406 -0.0079365
-0.20406 0.243189 -0.0079365
-0.15873 0.274929 -0.0079365
-0.108578 0.298315 -0.0079365
-0.0551264 0.312637 -0.0079365
-0.0551264 0.312637 0.907386
-0.0551264 0.312637 0.818476
-0.0551264 0.312637 0.733123
-0.0551264 0.312637 0.651183
-0.0551264 0.312637 0.572522
-0.0551264 0.312637 0.497007
-0.0551264 0.312637 0.424512
-0.0551264 0.312637 0.354917
-0.0551264 0.312637 0.288106
-0.0551264 0.312637 0.223968
-0.0551264 0.312637 0.162395
-0.0551264 0.312637 0.103285
-0.0551264 0.312637 0.0465393
-0.108578 0.298315 0.907386
-0.108578 0.298315 0.818476
-0.108578 0.298315 0.733123
-0.108578 0.298315 0.651183
-0.108578 0.298315 0.572522
-0.108578 0.298315 0.497007
-0.108578 0.298315 0.424512
-0.108578 0.298315 0.354917
-0.108578 0.298315 0.288106
-0.108578 0.298315 0.223968
-0.108578 0.298315 0.162395
-0.108578 0.298315 0.103285
-0.108578 0.298315 0.0465393
-0.15873 0.274929 0.907386
-0.15873 0.274929 0.818476
-0.15873 0.274929 0.733123
-0.15873 0.274929 0.651183
-0.15873 0.274929 0.572522
-0.15873 0.274929 0.497007
-0.15873 0.274929 0.424512
-0.15873 0.274929 0.354917
-0.15873 0.274929 0.288106
-0.15873 0.274929 0.223968
-0.15873 0.274929 0.162395
-0.15873 0.274929 0.103285
-0.15873 0.274929 0.0465393
-0.20406 0.243189 0.907386
-0.20406 0.243189 0.818476
-0.20406 0.243189 0.733123
-0.20406 0.243189 0.651183
-0.20406 0.243189 0.572522
-0.20406 0.243189 0.497007
-0.20406 0.243189 0.424512
-0.20406 0.243189 0.354917
-0.20406 0.243189 0.288106
-0.20406 0.243189 0.223968
-0.20406 0.243189 0.162395
-0.20406 0.243189 0.103285
-0.20406 0.243189 0.0465393
-0.243189 0.20406 0.907386
-0.243189 0.20406 0.818476
-0.243189 0.20406 0.733123
-0.243189 0.20406 0.651183
-0.243189 0.20406 0.572522
-0.243189 0.20406 0.497007
-0.243189 0.20406 0.424512
-0.243189 0.20406 0.354917
-0.243189 0.20406 0.288106
-0.243189 0.20406 0.223968
-0.243189 0.20406 0.162395
-0.243189 0.20406 0.103285
-0.243189 0.20406 0.0465393
-0.274929 0.15873 0.907386
-0.274929 0.15873 0.818476
-0.274929 0.15873 0.733123
-0.274929 0.15873 0.651183
-0.274929 0.15873 0.572522
-0.274929 0.15873 0.497007
-0.274929 0.15873 0.424512
-0.274929 0.15873 0.354917
-0.274929 0.15873 0.288106
-0.274929 0.15873 0.223968
-0.274929 0.15873 0.162395
-0.274929 0.15873 0.103285
-0.274929 0.15873 0.0465393
-0.298315 0.108578 0.907386
-0.298315 0.108578 0.818476
-0.298315 0.108578 0.733123
-0.298315 0.108578 0.651183
-0.298315 0.108578 0.572522
-0.298315 0.108578 0.497007
-0.298315 0.108578 0.424512
-0.298315 0.108578 0.354917
-0.298315 0.108578 0.288106
-0.298315 0.108578 0.223968
-0.298315 0.108578 0.162395
-0.298315 0.108578 0.103285
-0.298315 0.108578 0.0465393
-0.312637 0.0551264 0.907386
-0.312637 0.0551264 0.818476
-0.312637 0.0551264 0.733123
-0.312637 0.0551264 0.651183
-0.312637 0.0551264 0.572522
-0.312637 0.0551264 0.497007
-0.312637 0.0551264 0.424512
-0.312637 0.0551264 0.354917
-0.312637 0.0551264 0.288107
-0.312637 0.0551264 0.223968
-0.312637 0.0551264 0.162395
-0.312637 0.0551264 0.103285
-0.312637 0.0551264 0.0465393
-0.31746 -2.04863e-15 0.907386
-0.31746 -1.7182e-15 0.818476
-0.31746 -1.36575e-15 0.733123
-0.31746 -1.03533e-15 0.651183
-0.31746 -6.82875e-16 0.572522
-0.31746 -3.41438e-16 0.497007
-0.31746 0 0.424512
-0.31746 3.41438e-16 0.354917
-0.31746 6.82875e-16 0.288107
-0.31746 1.03533e-15 0.223968
-0.31746 1.36575e-15 0.162395
-0.31746 1.7182e-15 0.103285
-0.31746 2.04863e-15 0.0465393
-0.312637 -0.0551264 0.907386
-0.312637 -0.0551264 0.818476
-0.312637 -0.0551264 0.733123
-0.312637 -0.0551264 0.651183
-0.312637 -0.0551264 0.572522
-0.312637 -0.0551264 0.497007
-0.312637 -0.0551264 0.424512
-0.312637 -0.0551264 0.354917
-0.312637 -0.0551264 0.288107
-0.312637 -0.0551264 0.223968
-0.312637 -0.0551264 0.162395
-0.312637 -0.0551264 0.103285
-0.312637 -0.0551264 0.0465393
-0.298315 -0.108578 0.907386
-0.298315 -0.108578 0.818476
-0.298315 -0.108578 0.733123
-0.298315 -0.108578 0.651183
-0.298315 -0.108578 0.572522
-0.298315 -0.108578 0.497007
-0.298315 -0.108578 0.424512
-0.298315 -0.108578 0.354917
-0.298315 -0.108578 0.288107
-0.298315 -0.108578 0.223968
-0.298315 -0.108578 0.162395
-0.298315 -0.108578 0.103285
-0.298315 -0.108578 0.0465393
-0.274929 -0.15873 0.907386
-0.274929 -0.15873 0.818476
-0.274929 -0.15873 0.733123
-0.274929 -0.15873 0.651183
-0.274929 -0.15873 0.572522
-0.274929 -0.15873 0.497007
-0.274929 -0.15873 0.424512
-0.274929 -0.15873 0.354917
-0.274929 -0.15873 0.288107
-0.274929 -0.15873 0.223968
-0.274929 -0.15873 0.162395
-0.274929 -0.15873 0.103285
-0.274929 -0.15873 0.0465393
-0.243189 -0.20406 0.907386
-0.243189 -0.20406 0.818476
-0.243189 -0.20406 0.733123
-0.243189 -0.20406 0.651183
-0.243189 -0.20406 0.572522
-0.243189 -0.20406 0.497007
-0.243189 -0.20406 0.424512
-0.243189 -0.20406 0.354917
-0.243189 -0.20406 0.288107
-0.243189 -0.20406 0.223968
-0.243189 -0.20406 0.162395
-0.243189 -0.20406 0.103285
-0.243189 -0.20406 0.0465393
-0.20406 -0.243189 0.907386
-0.20406 -0.243189 0.818476
-0.20406 -0.243189 0.733123
-0.20406 -0.243189 0.651184
-0.20406 -0.243189 0.572522
-0.20406 -0.243189 0.497007
-0.20406 -0.243189 0.424512
-0.20406 -0.243189 0.354917
-0.20406 -0.243189 0.288107
-0.20406 -0.243189 0.223968
-0.20406 -0.243189 0.162395
-0.20406 -0.243189 0.103285
-0.20406 -0.243189 0.0465393
-0.15873 -0.274929 0.907386
-0.15873 -0.274929 0.818476
-0.15873 -0.274929 0.733123
-0.15873 -0.274929 0.651184
-0.15873 -0.274929 0.572522
-0.15873 -0.274929 0.497007
-0.15873 -0.274929 0.424512
-0.15873 -0.274929 0.354917
-0.15873 -0.274929 0.288107
-0.15873 -0.274929 0.223968
-0.15873 -0.274929 0.162395
-0.15873 -0.274929 0.103285
-0.15873 -0.274929 0.0465393
-0.108578 -0.298315 0.907386
-0.108578 -0.298315 0.818476
-0.108578 -0.298315 0.733123
-0.108578 -0.298315 0.651184
-0.108578 -0.298315 0.572522
-0.108578 -0.298315 0.497007
-0.108578 -0.298315 0.424512
-0.108578 -0.298315 0.354917
-0.108578 -0.298315 0.288107
-0.108578 -0.298315 0.223968
-0.108578 -0.298315 0.162395
-0.108578 -0.298315 0.103285
-0.108578 -0.298315 0.0465393
-0.0551264 -0.312637 0.907386
-0.0551264 -0.312637 0.818476
-0.0551264 -0.312637 0.733123
-0.0551264 -0.312637 0.651184
-0.0551264 -0.312637 0.572522
-0.0551264 -0.312637 0.497007
-0.0551264 -0.312637 0.424512
-0.0551264 -0.312637 0.354917
-0.0551264 -0.312637 0.288107
-0.0551264 -0.312637 0.223968
-0.0551264 -0.312637 0.162395
-0.0551264 -0.312637 0.103285
-0.0551264 -0.312637 0.0465393
-0.0621321 -0.352368 0.907386
-0.0586292 -0.332503 0.907386
-0.122376 -0.336226 0.907386
-0.115477 -0.317271 0.907386
-0.178902 -0.309868 0.907386
-0.168816 -0.292398 0.907386
-0.229992 -0.274094 0.907386
-0.217026 -0.258641 0.907386
-0.274094 -0.229992 0.907386
-0.258641 -0.217026 0.907386
-0.309868 -0.178902 0.907386
-0.292398 -0.168816 0.907386
-0.336226 -0.122376 0.907386
-0.317271 -0.115477 0.907386
-0.352368 -0.0621321 0.907386
-0.332503 -0.0586292 0.907386
-0.357804 8.70115e-16 0.907386
-0.337632 -3.89624e-16 0.907386
-0.352368 0.0621321 0.907386
-0.332503 0.0586292 0.907386
-0.336226 0.122376 0.907386
-0.317271 0.115477 0.907386
-0.309868 0.178902 0.907386
-0.292398 0.168816 0.907386
-0.274094 0.229992 0.907386
-0.258641 0.217026 0.907386
-0.229992 0.274094 0.907386
-0.217026 0.258641 0.907386
-0.178902 0.309868 0.907386
-0.168816 0.292398 0.907386
-0.122376 0.336226 0.907386
-0.115477 0.317271 0.907386
-0.0621321 0.352368 0.907386
-0.0586292 0.332503 0.907386
-0.0621321 -0.352368 0.818476
-0.0586292 -0.332503 0.818476
-0.122376 -0.336226 0.818476
-0.115477 -0.317271 0.818476
-0.178902 -0.309868 0.818476
-0.168816 -0.292398 0.818476
-0.229992 -0.274094 0.818476
-0.217026 -0.258641 0.818476
-0.274094 -0.229992 0.818476
-0.258641 -0.217026 0.818476
-0.309868 -0.178902 0.818476
-0.292398 -0.168816 0.818476
-0.336226 -0.122376 0.818476
-0.317271 -0.115477 0.818476
-0.352368 -0.0621321 0.818476
-0.332503 -0.0586292 0.818476
-0.357804 6.42949e-16 0.818476
-0.337632 -1.43184e-16 0.818476
-0.352368 0.0621321 0.818476
-0.332503 0.0586292 0.818476
-0.336226 0.122376 0.818476
-0.317271 0.115477 0.818476
-0.309868 0.178902 0.818476
-0.292398 0.168816 0.818476
-0.274094 0.229992 0.818476
-0.258641 0.217026 0.818476
-0.229992 0.274094 0.818476
-0.217026 0.258641 0.818476
-0.178902 0.309868 0.818476
-0.168816 0.292398 0.818476
-0.122376 0.336226 0.818476
-0.115477 0.317271 0.818476
-0.0621321 0.352368 0.818476
-0.0586292 0.332503 0.818476
-0.0621321 -0.352368 0.733123
-0.0586292 -0.332503 0.733123
-0.122376 -0.336226 0.733123
-0.115477 -0.317271 0.733123
-0.178902 -0.309868 0.733123
-0.168816 -0.292398 0.733123
-0.229992 -0.274094 0.733123
-0.217026 -0.258641 0.733123
-0.274094 -0.229992 0.733123
-0.258641 -0.217026 0.733123
-0.309868 -0.178902 0.733123
-0.292398 -0.168816 0.733123
-0.336226 -0.122376 0.733123
-0.317271 -0.115477 0.733123
-0.352368 -0.0621321 0.733123
-0.332503 -0.0586292 0.733123
-0.357804 3.92378e-16 0.733123
-0.337632 1.12895e-16 0.733123
-0.352368 0.0621321 0.733123
-0.332503 0.0586292 0.733123
-0.336226 0.122376 0.733123
-0.317271 0.115477 0.733123
-0.309868 0.178902 0.733123
-0.292398 0.168816 0.733123
-0.274094 0.229992 0.733123
-0.258641 0.217026 0.733123
-0.229992 0.274094 0.733123
-0.217026 0.258641 0.733123
-0.178902 0.309868 0.733123
-0.168816 0.292398 0.733123
-0.122376 0.336226 0.733123
-0.115477 0.317271 0.733123
-0.0621321 0.352368 0.733123
-0.0586292 0.332503 0.733123
-0.0621321 -0.352368 0.651183
-0.0586292 -0.332503 0.651183
-0.122376 -0.336226 0.651183
-0.115477 -0.317271 0.651183
-0.178902 -0.309868 0.651183
-0.168816 -0.292398 0.651183
-0.229992 -0.274094 0.651183
-0.217026 -0.258641 0.651183
-0.274094 -0.229992 0.651183
-0.258641 -0.217026 0.651183
-0.309868 -0.178902 0.651183
-0.292398 -0.168816 0.651183
-0.336226 -0.122376 0.651183
-0.317271 -0.115477 0.651183
-0.352368 -0.0621321 0.651183
-0.332503 -0.0586292 0.651183
-0.357804 1.70719e-16 0.651183
-0.337632 3.52452e-16 0.651183
-0.352368 0.0621321 0.651184
-0.332503 0.0586292 0.651184
-0.336226 0.122376 0.651184
-0.317271 0.115477 0.651184
-0.309868 0.178902 0.651184
-0.292398 0.168816 0.651184
-0.274094 0.229992 0.651184
-0.258641 0.217026 0.651184
-0.229992 0.274094 0.651184
-0.217026 0.258641 0.651184
-0.178902 0.309868 0.651184
-0.168816 0.292398 0.651184
-0.122376 0.336226 0.651184
-0.115477 0.317271 0.651184
-0.0621321 0.352368 0.651184
-0.0586292 0.332503 0.651184
-0.0621321 -0.352368 0.572522
-0.0586292 -0.332503 0.572522
-0.122376 -0.336226 0.572522
-0.115477 -0.317271 0.572522
-0.178902 -0.309868 0.572522
-0.168816 -0.292398 0.572522
-0.229992 -0.274094 0.572522
-0.217026 -0.258641 0.572522
-0.274094 -0.229992 0.572522
-0.258641 -0.217026 0.572522
-0.309868 -0.178902 0.572522
-0.292398 -0.168816 0.572522
-0.336226 -0.122376 0.572522
-0.317271 -0.115477 0.572522
-0.352368 -0.0621321 0.572522
-0.332503 -0.0586292 0.572522
-0.357804 -5.50706e-17 0.572522
-0.337632 6.03023e-16 0.572522
-0.352368 0.0621321 0.572522
-0.332503 0.0586292 0.572522
-0.336226 0.122376 0.572522
-0.317271 0.115477 0.572522
-0.309868 0.178902 0.572522
-0.292398 0.168816 0.572522
-0.274094 0.229992 0.572522
-0.258641 0.217026 0.572522
-0.229992 0.274094 0.572522
-0.217026 0.258641 0.572522
-0.178902 0.309868 0.572522
-0.168816 0.292398 0.572522
-0.122376 0.336226 0.572522
-0.115477 0.317271 0.572522
-0.0621321 0.352368 0.572522
-0.0586292 0.332503 0.572522
-0.0621321 -0.352368 0.497007
-0.0586292 -0.332503 0.497007
-0.122376 -0.336226 0.497007
-0.115477 -0.317271 0.497007
-0.178902 -0.309868 0.497007
-0.168816 -0.292398 0.497007
-0.229992 -0.274094 0.497007
-0.217026 -0.258641 0.497007
-0.274094 -0.229992 0.497007
-0.258641 -0.217026 0.497007
-0.309868 -0.178902 0.497007
-0.292398 -0.168816 0.497007
-0.336226 -0.122376 0.497007
-0.317271 -0.115477 0.497007
-0.352368 -0.0621321 0.497007
-0.332503 -0.0586292 0.497007
-0.357804 -2.87744e-16 0.497007
-0.337632 8.28812e-16 0.497007
-0.352368 0.0621321 0.497007
-0.332503 0.0586292 0.497007
-0.336226 0.122376 0.497007
-0.317271 0.115477 0.497007
-0.309868 0.178902 0.497007
-0.292398 0.168816 0.497007
-0.274094 0.229992 0.497007
-0.258641 0.217026 0.497007
-0.229992 0.274094 0.497007
-0.217026 0.258641 0.497007
-0.178902 0.309868 0.497007
-0.168816 0.292398 0.497007
-0.122376 0.336226 0.497007
-0.115477 0.317271 0.497007
-0.0621321 0.352368 0.497007
-0.0586292 0.332503 0.497007
-0.0621321 -0.352368 0.424512
-0.0586292 -0.332503 0.424512
-0.122376 -0.336226 0.424512
-0.115477 -0.317271 0.424512
-0.178902 -0.309868 0.424512
-0.168816 -0.292398 0.424512
-0.229992 -0.274094 0.424512
-0.217026 -0.258641 0.424512
-0.274094 -0.229992 0.424512
-0.258641 -0.217026 0.424512
-0.309868 -0.178902 0.424512
-0.292398 -0.168816 0.424512
-0.336226 -0.122376 0.424512
-0.317271 -0.115477 0.424512
-0.352368 -0.0621321 0.424512
-0.332503 -0.0586292 0.424512
-0.357804 -4.98389e-16 0.424512
-0.337632 1.07112e-15 0.424512
-0.352368 0.0621321 0.424512
-0.332503 0.0586292 0.424512
-0.336226 0.122376 0.424512
-0.317271 0.115477 0.424512
-0.309868 0.178902 0.424512
-0.292398 0.168816 0.424512
-0.274094 0.229992 0.424512
-0.258641 0.217026 0.424512
-0.229992 0.274094 0.424512
-0.217026 0.258641 0.424512
-0.178902 0.309868 0.424512
-0.168816 0.292398 0.424512
-0.122376 0.336226 0.424512
-0.115477 0.317271 0.424512
-0.0621321 0.352368 0.424512
-0.0586292 0.332503 0.424512
-0.0621321 -0.352368 0.354917
-0.0586292 -0.332503 0.354917
-0.122376 -0.336226 0.354917
-0.115477 -0.317271 0.354917
-0.178902 -0.309868 0.354917
-0.168816 -0.292398 0.354917
-0.229992 -0.274094 0.354917
-0.217026 -0.258641 0.354917
-0.274094 -0.229992 0.354917
-0.258641 -0.217026 0.354917
-0.309868 -0.178902 0.354917
-0.292398 -0.168816 0.354917
-0.336226 -0.122376 0.354917
-0.317271 -0.115477 0.354917
-0.352368 -0.0621321 0.354917
-0.332503 -0.0586292 0.354917
-0.357804 -7.20048e-16 0.354917
-0.337632 1.30242e-15 0.354917
-0.352368 0.0621321 0.354917
-0.332503 0.0586292 0.354917
-0.336226 0.122376 0.354918
-0.317271 0.115477 0.354918
-0.309868 0.178902 0.354918
-0.292398 0.168816 0.354918
-0.274094 0.229992 0.354918
-0.258641 0.217026 0.354918
-0.229992 0.274094 0.354918
-0.217026 0.258641 0.354918
-0.178902 0.309868 0.354918
-0.168816 0.292398 0.354918
-0.122376 0.336226 0.354918
-0.115477 0.317271 0.354918
-0.0621321 0.352368 0.354918
-0.0586292 0.332503 0.354918
-0.0621321 -0.352368 0.288106
-0.0586292 -0.332503 0.288106
-0.122376 -0.336226 0.288106
-0.115477 -0.317271 0.288106
-0.178902 -0.309868 0.288106
-0.168816 -0.292398 0.288106
-0.229992 -0.274094 0.288106
-0.217026 -0.258641 0.288106
-0.274094 -0.229992 0.288106
-0.258641 -0.217026 0.288106
-0.309868 -0.178902 0.288106
-0.292398 -0.168816 0.288106
-0.336226 -0.122376 0.288106
-0.317271 -0.115477 0.288106
-0.352368 -0.0621321 0.288106
-0.332503 -0.0586292 0.288106
-0.357804 -9.29316e-16 0.288107
-0.337632 1.54473e-15 0.288107
-0.352368 0.0621321 0.288107
-0.332503 0.0586292 0.288107
-0.336226 0.122376 0.288107
-0.317271 0.115477 0.288107
-0.309868 0.178902 0.288107
-0.292398 0.168816 0.288107
-0.274094 0.229992 0.288107
-0.258641 0.217026 0.288107
-0.229992 0.274094 0.288107
-0.217026 0.258641 0.288107
-0.178902 0.309868 0.288107
-0.168816 0.292398 0.288107
-0.122376 0.336226 0.288107
-0.115477 0.317271 0.288107
-0.0621321 0.352368 0.288107
-0.0586292 0.332503 0.288107
-0.0621321 -0.352368 0.223968
-0.0586292 -0.332503 0.223968
-0.122376 -0.336226 0.223968
-0.115477 -0.317271 0.223968
-0.178902 -0.309868 0.223968
-0.168816 -0.292398 0.223968
-0.229992 -0.274094 0.223968
-0.217026 -0.258641 0.223968
-0.274094 -0.229992 0.223968
-0.258641 -0.217026 0.223968
-0.309868 -0.178902 0.223968
-0.292398 -0.168816 0.223968
-0.336226 -0.122376 0.223968
-0.317271 -0.115477 0.223968
-0.352368 -0.0621321 0.223968
-0.332503 -0.0586292 0.223968
-0.357804 -1.13858e-15 0.223968
-0.337632 1.80494e-15 0.223968
-0.352368 0.0621321 0.223968
-0.332503 0.0586292 0.223968
-0.336226 0.122376 0.223968
-0.317271 0.115477 0.223968
-0.309868 0.178902 0.223968
-0.292398 0.168816 0.223968
-0.274094 0.229992 0.223968
-0.258641 0.217026 0.223968
-0.229992 0.274094 0.223968
-0.217026 0.258641 0.223968
-0.178902 0.309868 0.223968
-0.168816 0.292398 0.223968
-0.122376 0.336226 0.223968
-0.115477 0.317271 0.223968
-0.0621321 0.352368 0.223968
-0.0586292 0.332503 0.223968
-0.0621321 -0.352368 0.162395
-0.0586292 -0.332503 0.162395
-0.122376 -0.336226 0.162395
-0.115477 -0.317271 0.162395
-0.178902 -0.309868 0.162395
-0.168816 -0.292398 0.162395
-0.229992 -0.274094 0.162395
-0.217026 -0.258641 0.162395
-0.274094 -0.229992 0.162395
-0.258641 -0.217026 0.162395
-0.309868 -0.178902 0.162395
-0.292398 -0.168816 0.162395
-0.336226 -0.122376 0.162395
-0.317271 -0.115477 0.162395
-0.352368 -0.0621321 0.162395
-0.332503 -0.0586292 0.162395
-0.357804 -1.34235e-15 0.162395
-0.337632 2.03073e-15 0.162395
-0.352368 0.0621321 0.162395
-0.332503 0.0586292 0.162395
-0.336226 0.122376 0.162395
-0.317271 0.115477 0.162395
-0.309868 0.178902 0.162395
-0.292398 0.168816 0.162395
-0.274094 0.229992 0.162395
-0.258641 0.217026 0.162395
-0.229992 0.274094 0.162395
-0.217026 0.258641 0.162395
-0.178902 0.309868 0.162395
-0.168816 0.292398 0.162395
-0.122376 0.336226 0.162395
-0.115477 0.317271 0.162395
-0.0621321 0.352368 0.162395
-0.0586292 0.332503 0.162395
-0.0621321 -0.352368 0.103285
-0.0586292 -0.332503 0.103285
-0.122376 -0.336226 0.103285
-0.115477 -0.317271 0.103285
-0.178902 -0.309868 0.103285
-0.168816 -0.292398 0.103285
-0.229992 -0.274094 0.103285
-0.217026 -0.258641 0.103285
-0.274094 -0.229992 0.103285
-0.258641 -0.217026 0.103285
-0.309868 -0.178902 0.103285
-0.292398 -0.168816 0.103285
-0.336226 -0.122376 0.103285
-0.317271 -0.115477 0.103285
-0.352368 -0.0621321 0.103285
-0.332503 -0.0586292 0.103285
-0.357804 -1.54611e-15 0.103285
-0.337632 2.27304e-15 0.103285
-0.352368 0.0621321 0.103285
-0.332503 0.0586292 0.103285
-0.336226 0.122376 0.103285
-0.317271 0.115477 0.103285
-0.309868 0.178902 0.103285
-0.292398 0.168816 0.103285
-0.274094 0.229992 0.103285
-0.258641 0.217026 0.103285
-0.229992 0.274094 0.103285
-0.217026 0.258641 0.103285
-0.178902 0.309868 0.103285
-0.168816 0.292398 0.103285
-0.122376 0.336226 0.103285
-0.115477 0.317271 0.103285
-0.0621321 0.352368 0.103285
-0.0586292 0.332503 0.103285
-0.0621321 -0.352368 0.0465393
-0.0586292 -0.332503 0.0465393
-0.122376 -0.336226 0.0465393
-0.115477 -0.317271 0.0465393
-0.178902 -0.309868 0.0465393
-0.168816 -0.292398 0.0465393
-0.229992 -0.274094 0.0465393
-0.217026 -0.258641 0.0465393
-0.274094 -0.229992 0.0465393
-0.258641 -0.217026 0.0465393
-0.309868 -0.178902 0.0465393
-0.292398 -0.168816 0.0465393
-0.336226 -0.122376 0.0465393
-0.317271 -0.115477 0.0465393
-0.352368 -0.0621321 0.0465393
-0.332503 -0.0586292 0.0465393
-0.357804 -1.76226e-15 0.0465393
-0.337632 2.48231e-15 0.0465393
-0.352368 0.0621321 0.0465393
-0.332503 0.0586292 0.0465393
-0.336226 0.122376 0.0465393
-0.317271 0.115477 0.0465393
-0.309868 0.178902 0.0465393
-0.292398 0.168816 0.0465393
-0.274094 0.229992 0.0465394
-0.258641 0.217026 0.0465394
-0.229992 0.274094 0.0465394
-0.217026 0.258641 0.0465394
-0.178902 0.309868 0.0465394
-0.168816 0.292398 0.0465394
-0.122376 0.336226 0.0465394
-0.115477 0.317271 0.0465394
-0.0621321 0.352368 0.0465394
-0.0586292 0.332503 0.0465394
-0.0621321 -0.352368 -0.0079365
-0.0586292 -0.332503 -0.0079365
-0.122376 -0.336226 -0.0079365
-0.115477 -0.317271 -0.0079365
-0.178902 -0.309868 -0.0079365
-0.168816 -0.292398 -0.0079365
-0.229992 -0.274094 -0.0079365
-0.217026 -0.258641 -0.0079365
-0.274094 -0.229992 -0.0079365
-0.258641 -0.217026 -0.0079365
-0.309868 -0.178902 -0.0079365
-0.292398 -0.168816 -0.0079365
-0.336226 -0.122376 -0.0079365
-0.317271 -0.115477 -0.0079365
-0.352368 -0.0621321 -0.0079365
-0.332503 -0.0586292 -0.0079365
-0.357804 -1.95638e-15 -0.0079365
-0.337632 2.71498e-15 -0.0079365
-0.352368 0.0621321 -0.0079365
-0.332503 0.0586292 -0.0079365
-0.336226 0.122376 -0.0079365
-0.317271 0.115477 -0.0079365
-0.309868 0.178902 -0.0079365
-0.292398 0.168816 -0.0079365
-0.274094 0.229992 -0.0079365
-0.258641 0.217026 -0.0079365
-0.229992 0.274094 -0.0079365
-0.217026 0.258641 -0.0079365
-0.178902 0.309868 -0.0079365
-0.168816 0.292398 -0.0079365
-0.122376 0.336226 -0.0079365
-0.115477 0.317271 -0.0079365
-0.0621321 0.352368 -0.0079365
-0.0586292 0.332503 -0.0079365
0 0.26455 1
0 0.21164 1
0 0.15873 1
0 0.10582 1
0 0.0529101 1
0 4.40565e-17 1
0 -0.0529101 1
0 -0.10582 1
0 -0.15873 1
0 -0.21164 1
0 -0.26455 1
0.0503886 0.256956 1
0.0477625 0.203905 1
0.0460702 0.152368 1
0.0448315 0.101846 1
0.0474979 0.0513121 1
0.049716 0.000195767 1
0.0475643 -0.0509877 1
0.0450451 -0.101548 1
0.0462163 -0.151996 1
0.0477763 -0.203597 1
0.0503357 -0.256842 1
0.0995846 -0.243732 1
0.145708 -0.224139 1
0.186324 -0.200449 1
0.218926 -0.182317 1
0.230355 -0.145798 1
0.241356 -0.0986485 1
0.255983 -0.0485641 1
0.265449 0.000228799 1
0.256192 0.0490411 1
0.241593 0.0988953 1
0.230405 0.145955 1
0.21886 0.182492 1
0.186334 0.200716 1
0.145759 0.224421 1
0.0995869 0.243864 1
0.0948116 -0.191261 1
0.140435 -0.173535 1
0.18421 -0.151042 1
0.182292 -0.0934559 1
0.202585 -0.0378649 1
0.222984 0.00038597 1
0.202278 0.0380116 1
0.182391 0.0939637 1
0.184171 0.151391 1
0.140438 0.17403 1
0.0947298 0.19171 1
0.0915885 0.142188 1
0.0873712 0.0962145 1
0.0944661 0.0498829 1
0.100353 -4.61788e-05 1
0.0945512 -0.0499383 1
0.0873332 -0.0960744 1
0.0915304 -0.141868 1
0.15786 -0.000315678 1
0.142174 0.0557446 1
0.142083 -0.0559426 1
0.122894 -0.0914249 1
0.1366 -0.125643 1
0.136969 0.126261 1
0.122971 0.0916806 1
0 -0.26455 -0.0079365
0 -0.21164 -0.0079365
0 -0.15873 -0.0079365
0 -0.10582 -0.0079365
0 -0.0529101 -0.0079365
0 -4.40565e-17 -0.0079365
0 0.0529101 -0.0079365
0 0.10582 -0.0079365
0 0.15873 -0.0079365
0 0.21164 -0.0079365
0 0.26455 -0.0079365
0 -0.26455 0.907386
0 -0.21164 0.907386
0 -0.15873 0.907386
0 -0.10582 0.907386
0 -0.0529101 0.907386
0 3.85494e-17 0.907386
0 0.0529101 0.907386
0 0.10582 0.907386
0 0.15873 0.907386
0 0.21164 0.907386
0 0.26455 0.907386
0 -0.26455 0.818476
0 -0.21164 0.818476
0 -0.15873 0.818476
0 -0.10582 0.818476
0 -0.0529101 0.818476
0 3.30424e-17 0.818476
0 0.0529101 0.818476
0 0.10582 0.818476
0 0.15873 0.818476
0 0.21164 0.818476
0 0.26455 0.818476
0 -0.26455 0.733123
0 -0.21164 0.733123
0 -0.15873 0.733123
0 -0.10582 0.733123
0 -0.0529101 0.733123
0 2.75353e-17 0.733123
0 0.0529101 0.733123
0 0.10582 0.733123
0 0.15873 0.733123
0 0.21164 0.733123
0 0.26455 0.733123
0 -0.26455 0.651184
0 -0.21164 0.651184
0 -0.15873 0.651183
0 -0.10582 0.651183
0 -0.0529101 0.651183
0 2.20282e-17 0.651183
0 0.0529101 0.651183
0 0.10582 0.651183
0 0.15873 0.651183
0 0.21164 0.651183
0 0.26455 0.651183
0 -0.26455 0.572522
0 -0.21164 0.572522
0 -0.15873 0.572522
0 -0.10582 0.572522
0 -0.0529101 0.572522
0 1.10141e-17 0.572522
0 0.0529101 0.572522
0 0.10582 0.572522
0 0.15873 0.572522
0 0.21164 0.572522
0 0.26455 0.572522
0 -0.26455 0.497007
0 -0.21164 0.497007
0 -0.15873 0.497007
0 -0.10582 0.497007
0 -0.0529101 0.497007
0 1.10141e-17 0.497007
0 0.0529101 0.497007
0 0.10582 0.497007
0 0.15873 0.497007
0 0.21164 0.497007
0 0.26455 0.497007
0 -0.26455 0.424512
0 -0.21164 0.424512
0 -0.15873 0.424512
0 -0.10582 0.424512
0 -0.0529101 0.424512
0 0 0.424512
0 0.0529101 0.424512
0 0.10582 0.424512
0 0.15873 0.424512
0 0.21164 0.424512
0 0.26455 0.424512
0 -0.26455 0.354917
0 -0.21164 0.354917
0 -0.15873 0.354917
0 -0.10582 0.354917
0 -0.0529101 0.354917
0 0 0.354917
0 0.0529101 0.354917
0 0.10582 0.354917
0 0.15873 0.354917
0 0.21164 0.354917
0 0.26455 0.354917
0 -0.26455 0.288107
0 -0.21164 0.288107
0 -0.15873 0.288107
0 -0.10582 0.288107
0 -0.0529101 0.288107
0 -2.20282e-17 0.288107
0 0.0529101 0.288106
0 0.10582 0.288106
0 0.15873 0.288106
0 0.21164 0.288106
0 0.26455 0.288106
0 -0.26455 0.223968
0 -0.21164 0.223968
0 -0.15873 0.223968
0 -0.10582 0.223968
0 -0.0529101 0.223968
0 -2.20282e-17 0.223968
0 0.0529101 0.223968
0 0.10582 0.223968
0 0.15873 0.223968
0 0.21164 0.223968
0 0.26455 0.223968
0 -0.26455 0.162395
0 -0.21164 0.162395
0 -0.15873 0.162395
0 -0.10582 0.162395
0 -0.0529101 0.162395
0 -2.20282e-17 0.162395
0 0.0529101 0.162395
0 0.10582 0.162395
0 0.15873 0.162395
0 0.21164 0.162395
0 0.26455 0.162395
0 -0.26455 0.103285
0 -0.21164 0.103285
0 -0.15873 0.103285
0 -0.10582 0.103285
0 -0.0529101 0.103285
0 -2.20282e-17 0.103285
0 0.0529101 0.103285
0 0.10582 0.103285
0 0.15873 0.103285
0 0.21164 0.103285
0 0.26455 0.103285
0 -0.26455 0.0465393
0 -0.21164 0.0465393
0 -0.15873 0.0465393
0 -0.10582 0.0465393
0 -0.0529101 0.0465393
0 -4.40565e-17 0.0465393
0 0.0529101 0.0465393
0 0.10582 0.0465393
0 0.15873 0.0465393
0 0.21164 0.0465393
0 0.26455 0.0465393
0.0501169 0.257658 0.907386
0.0480015 0.204342 0.907386
0.0467225 0.152073 0.907386
0.0436851 0.101953 0.907386
0.0480557 0.052273 0.907386
0.0509559 0.000158808 0.907386
0.0482563 -0.0519435 0.907386
0.0439891 -0.101618 0.907386
0.0467952 -0.15154 0.907386
0.0481323 -0.203817 0.907386
0.0503971 -0.257209 0.907386
0.0990308 -0.24459 0.907386
0.144534 -0.225757 0.907386
0.183575 -0.200793 0.907386
0.217909 -0.181568 0.907386
0.230962 -0.14349 0.907386
0.240874 -0.0967248 0.907386
0.254949 -0.0469853 0.907386
0.266307 0.000283313 0.907386
0.255099 0.0475721 0.907386
0.240984 0.0974962 0.907386
0.230866 0.143623 0.907386
0.217814 0.181666 0.907386
0.183394 0.200968 0.907386
0.14413 0.226135 0.907386
0.0987069 0.244901 0.907386
0.0954764 -0.19184 0.907386
0.141624 -0.175627 0.907386
0.183647 -0.150341 0.907386
0.182171 -0.0948459 0.907386
0.198674 -0.0404798 0.907386
0.219932 0.000349182 0.907386
0.198431 0.0408499 0.907386
0.181952 0.0955341 0.907386
0.183125 0.150777 0.907386
0.14132 0.176309 0.907386
0.0952213 0.192576 0.907386
0.0933249 0.141873 0.907386
0.0858937 0.0962971 0.907386
0.0962768 0.0516152 0.907386
0.103392 2.58289e-05 0.907386
0.0965201 -0.0515228 0.907386
0.0858976 -0.0960842 0.907386
0.093503 -0.141301 0.907386
0.140099 -0.126894 0.907386
0.160168 -0.000153653 0.907386
0.146174 0.0544653 0.907386
0.1401 0.127655 0.907386
0.124612 0.0905019 0.907386
0.146471 -0.0545045 0.907386
0.12466 -0.0902268 0.907386
0.0497597 0.258225 0.818476
0.0480654 0.204722 0.818476
0.0471843 0.152025 0.818476
0.0429846 0.101936 0.818476
0.048278 0.0528546 0.818476
0.051726 0.000186365 0.818476
0.0485576 -0.0525196 0.818476
0.043208 -0.101645 0.818476
0.0473181 -0.151366 0.818476
0.0482316 -0.2038 0.818476
0.0503014 -0.25759 0.818476
0.0984687 -0.245352 0.818476
0.143587 -0.227135 0.818476
0.181489 -0.201177 0.818476
0.216942 -0.180969 0.818476
0.231183 -0.141613 0.818476
0.240997 -0.0952833 0.818476
0.254605 -0.0460858 0.818476
0.266486 0.000358075 0.818476
0.254507 0.046869 0.818476
0.241036 0.0962728 0.818476
0.231045 0.141828 0.818476
0.217013 0.180761 0.818476
0.181122 0.201118 0.818476
0.142865 0.227552 0.818476
0.0979688 0.245673 0.818476
0.0960088 -0.192314 0.818476
0.142726 -0.177121 0.818476
0.183017 -0.150181 0.818476
0.182183 -0.0959389 0.818476
0.196328 -0.0424583 0.818476
0.217307 0.000167079 0.818476
0.196021 0.0429266 0.818476
0.181652 0.0967287 0.818476
0.182365 0.150665 0.818476
0.142004 0.177888 0.818476
0.0954738 0.19305 0.818476
0.094316 0.14181 0.818476
0.0850283 0.0962821 0.818476
0.0970955 0.0525272 0.818476
0.104479 0.000123001 0.818476
0.097688 -0.0523168 0.818476
0.0852996 -0.0959845 0.818476
0.0945827 -0.141133 0.818476
0.142635 -0.127903 0.818476
0.161701 -3.16015e-05 0.818476
0.148912 0.0536879 0.818476
0.142005 0.128753 0.818476
0.125738 0.0897492 0.818476
0.149598 -0.0535088 0.818476
0.126149 -0.0893875 0.818476
0.0494419 0.258597 0.733123
0.0480655 0.204835 0.733123
0.0475359 0.151943 0.733123
0.0424583 0.101877 0.733123
0.0485376 0.0531992 0.733123
0.0518584 0.000253769 0.733123
0.0489454 -0.0528437 0.733123
0.0426455 -0.101637 0.733123
0.0476373 -0.151339 0.733123
0.0484224 -0.203882 0.733123
0.0501056 -0.257945 0.733123
0.0978455 -0.246025 0.733123
0.142762 -0.228297 0.733123
0.179865 -0.201508 0.733123
0.21607 -0.180289 0.733123
0.231356 -0.140367 0.733123
0.241334 -0.0941478 0.733123
0.254447 -0.0456261 0.733123
0.266552 0.00037243 0.733123
0.254436 0.0464956 0.733123
0.241387 0.0953073 0.733123
0.231229 0.140441 0.733123
0.216151 0.180014 0.733123
0.179618 0.201268 0.733123
0.141982 0.228562 0.733123
0.0973873 0.246103 0.733123
0.0963034 -0.192928 0.733123
0.143452 -0.178177 0.733123
0.182562 -0.150244 0.733123
0.182428 -0.0967901 0.733123
0.194941 -0.0440474 0.733123
0.215036 0.000139814 0.733123
0.194727 0.0443419 0.733123
0.181702 0.0976101 0.733123
0.181848 0.150761 0.733123
0.14255 0.179016 0.733123
0.0956984 0.193495 0.733123
0.0950783 0.142017 0.733123
0.0846817 0.0961755 0.733123
0.0978884 0.0529716 0.733123
0.105505 0.000138885 0.733123
0.0989948 -0.0526668 0.733123
0.085263 -0.095832 0.733123
0.0953866 -0.141268 0.733123
0.144598 -0.128908 0.733123
0.163162 4.24484e-06 0.733123
0.151018 0.053122 0.733123
0.143432 0.129712 0.733123
0.12709 0.0891975 0.733123
0.152262 -0.0528075 0.733123
0.128158 -0.0887806 0.733123
0.0491289 0.258873 0.651183
0.0481021 0.204956 0.651183
0.0476347 0.15199 0.651183
0.0420635 0.101868 0.651183
0.0486856 0.0534261 0.651183
0.0520517 0.000268579 0.651183
0.0491634 -0.0530563 0.651183
0.0425347 -0.101626 0.651183
0.0476949 -0.151268 0.651183
0.0485904 -0.204056 0.651183
0.0498542 -0.258268 0.651184
0.0972356 -0.24664 0.651184
0.14204 -0.229232 0.651184
0.178512 -0.201814 0.651183
0.215344 -0.179853 0.651183
0.231386 -0.139282 0.651183
0.241655 -0.0936128 0.651183
0.25455 -0.0453468 0.651183
0.266484 0.000516347 0.651183
0.254543 0.0464001 0.651183
0.241804 0.0945666 0.651183
0.231308 0.139401 0.651183
0.215405 0.17939 0.651183
0.178332 0.201473 0.651183
0.141191 0.229177 0.651183
0.0968255 0.24653 0.651183
0.0964982 -0.193259 0.651183
0.144211 -0.179096 0.651183
0.182359 -0.150382 0.651183
0.182692 -0.0975392 0.651183
0.194102 -0.0451283 0.651183
0.213204 0.000275916 0.651183
0.193889 0.0456159 0.651183
0.181778 0.098331 0.651183
0.18143 0.150806 0.651183
0.142961 0.179771 0.651183
0.0957414 0.193884 0.651183
0.0955255 0.142366 0.651183
0.0846203 0.0960972 0.651183
0.0986414 0.053188 0.651183
0.10611 0.000162598 0.651183
0.0999889 -0.052802 0.651183
0.0853481 -0.0957124 0.651183
0.095958 -0.141547 0.651183
0.146008 -0.129794 0.651183
0.164602 0.00010251 0.651183
0.153106 0.0527164 0.651183
0.144608 0.130577 0.651183
0.128493 0.0888562 0.651183
0.15433 -0.0522849 0.651183
0.130141 -0.0883881 0.651183
0.0488251 0.259093 0.572522
0.0480993 0.205079 0.572522
0.0476939 0.152091 0.572522
0.0420182 0.101906 0.572522
0.0486736 0.0535259 0.572522
0.0521824 0.000256584 0.572522
0.0493422 -0.0531289 0.572522
0.0423926 -0.101556 0.572522
0.0478342 -0.151293 0.572522
0.0487101 -0.204213 0.572522
0.0495756 -0.258579 0.572522
0.0967329 -0.247032 0.572522
0.141423 -0.230011 0.572522
0.177565 -0.202124 0.572522
0.214664 -0.179426 0.572522
0.231373 -0.138449 0.572522
0.242031 -0.0931059 0.572522
0.254693 -0.0452315 0.572522
0.266293 0.000599934 0.572522
0.254668 0.0463593 0.572522
0.242212 0.0939997 0.572522
0.231425 0.138694 0.572522
0.214988 0.17886 0.572522
0.177226 0.201644 0.572522
0.140545 0.229721 0.572522
0.0962814 0.246924 0.572522
0.0965387 -0.193433 0.572522
0.144722 -0.179642 0.572522
0.182162 -0.150596 0.572522
0.182855 -0.0981633 0.572522
0.193546 -0.0460322 0.572522
0.211922 0.000290655 0.572522
0.193244 0.0462246 0.572522
0.181922 0.0988136 0.572522
0.181147 0.150944 0.572522
0.143412 0.180414 0.572522
0.0958048 0.194232 0.572522
0.0959465 0.142754 0.572522
0.0848789 0.0960426 0.572522
0.0993175 0.0532688 0.572522
0.106346 0.000216747 0.572522
0.100558 -0.0527934 0.572522
0.0856067 -0.0955716 0.572522
0.0962305 -0.141829 0.572522
0.1471 -0.130547 0.572522
0.165602 5.77063e-05 0.572522
0.154909 0.0523525 0.572522
0.145966 0.131397 0.572522
0.130091 0.0886309 0.572522
0.156198 -0.0519656 0.572522
0.131618 -0.0881454 0.572522
0.0485324 0.259276 0.497007
0.0480708 0.2052 0.497007
0.0477668 0.152241 0.497007
0.0419401 0.101921 0.497007
0.048784 0.0535942 0.497007
0.0522386 0.000247913 0.497007
0.0494813 -0.0531715 0.497007
0.0423457 -0.101465 0.497007
0.0479646 -0.151386 0.497007
0.0487706 -0.20436 0.497007
0.0493133 -0.258847 0.497007
0.0963781 -0.247255 0.497007
0.141006 -0.230482 0.497007
0.176688 -0.202358 0.497007
0.214223 -0.179019 0.497007
0.231398 -0.137792 0.497007
0.242388 -0.0926764 0.497007
0.254832 -0.045169 0.497007
0.266075 0.000630149 0.497007
0.25475 0.0462264 0.497007
0.242584 0.0935333 0.497007
0.231425 0.138056 0.497007
0.214549 0.178504 0.497007
0.176622 0.201669 0.497007
0.140163 0.230154 0.497007
0.0957732 0.247281 0.497007
0.0965733 -0.193646 0.497007
0.145064 -0.180197 0.497007
0.181969 -0.150824 0.497007
0.183067 -0.0986988 0.497007
0.19316 -0.0467934 0.497007
0.210731 0.000286458 0.497007
0.192722 0.0468119 0.497007
0.18218 0.0992287 0.497007
0.180919 0.151109 0.497007
0.143685 0.180913 0.497007
0.0958672 0.194559 0.497007
0.0960518 0.143106 0.497007
0.0851554 0.0959947 0.497007
0.0999063 0.0532638 0.497007
0.106537 0.000227112 0.497007
0.101067 -0.0527346 0.497007
0.0859305 -0.0954244 0.497007
0.0964775 -0.142117 0.497007
0.147967 -0.131221 0.497007
0.166556 -5.0713e-07 0.497007
0.156536 0.0520638 0.497007
0.146922 0.132051 0.497007
0.131665 0.0884932 0.497007
0.157772 -0.0517355 0.497007
0.133061 -0.0879844 0.497007
0.0482875 0.259438 0.424512
0.0480691 0.205333 0.424512
0.0477706 0.152408 0.424512
0.0419032 0.101935 0.424512
0.0489379 0.0536326 0.424512
0.0522558 0.000234653 0.424512
0.0496017 -0.0531789 0.424512
0.042369 -0.101374 0.424512
0.0480765 -0.151511 0.424512
0.0487831 -0.204525 0.424512
0.0490862 -0.259053 0.424512
0.0960086 -0.247491 0.424512
0.140631 -0.230884 0.424512
0.175978 -0.202634 0.424512
0.213819 -0.178881 0.424512
0.231412 -0.137346 0.424512
0.242732 -0.0923245 0.424512
0.254914 -0.0450703 0.424512
0.265925 0.000566 0.424512
0.254838 0.0462095 0.424512
0.242831 0.0932873 0.424512
0.231512 0.137713 0.424512
0.214153 0.178181 0.424512
0.176043 0.201747 0.424512
0.139842 0.230533 0.424512
0.0953379 0.247597 0.424512
0.0965989 -0.193886 0.424512
0.145368 -0.180675 0.424512
0.18179 -0.151062 0.424512
0.183284 -0.0991834 0.424512
0.19283 -0.0475269 0.424512
0.209482 4.55716e-05 0.424512
0.19232 0.0473483 0.424512
0.182389 0.0996084 0.424512
0.180738 0.15128 0.424512
0.143989 0.181361 0.424512
0.0958815 0.194868 0.424512
0.0961754 0.14347 0.424512
0.085511 0.0959641 0.424512
0.100444 0.0532137 0.424512
0.106707 0.000215279 0.424512
0.101535 -0.0526464 0.424512
0.0863144 -0.0952852 0.424512
0.0967027 -0.142409 0.424512
0.148718 -0.131813 0.424512
0.167456 -6.55985e-05 0.424512
0.157992 0.0518211 0.424512
0.147713 0.132623 0.424512
0.133161 0.0883932 0.424512
0.15916 -0.0515548 0.424512
0.134448 -0.0878685 0.424512
0.0480716 0.259584 0.354917
0.0480549 0.205471 0.354917
0.0477429 0.152586 0.354917
0.0419187 0.10195 0.354917
0.0490982 0.0536453 0.354917
0.0522523 0.000218441 0.354917
0.0497118 -0.0531582 0.354917
0.0424442 -0.101291 0.354917
0.048166 -0.151655 0.354917
0.0487766 -0.204692 0.354917
0.0488731 -0.259227 0.354917
0.0956477 -0.247729 0.354917
0.140323 -0.231157 0.354917
0.175397 -0.202834 0.354917
0.213456 -0.178705 0.354917
0.231338 -0.137029 0.354917
0.243046 -0.0920322 0.354917
0.255038 -0.045064 0.354917
0.26571 0.000508428 0.354917
0.254927 0.0462311 0.354917
0.243115 0.0930962 0.354917
0.231533 0.137405 0.354917
0.213798 0.177931 0.354917
0.1755 0.201848 0.354917
0.139562 0.230866 0.354917
0.0949569 0.247881 0.354917
0.0966173 -0.194138 0.354917
0.145604 -0.180931 0.354917
0.181636 -0.151315 0.354917
0.183473 -0.0995908 0.354917
0.192556 -0.0481004 0.354917
0.208414 -0.000106414 0.354917
0.191994 0.0478167 0.354917
0.182433 0.0999367 0.354917
0.180603 0.151456 0.354917
0.144262 0.181527 0.354917
0.0958803 0.195166 0.354917
0.0963712 0.143712 0.354917
0.0857705 0.0959331 0.354917
0.100781 0.0531827 0.354917
0.106873 0.000193897 0.354917
0.101956 -0.0525397 0.354917
0.0865564 -0.0951263 0.354917
0.0969069 -0.142584 0.354917
0.149222 -0.132204 0.354917
0.168288 -9.87502e-05 0.354917
0.158955 0.0516604 0.354917
0.148264 0.132984 0.354917
0.134087 0.0883387 0.354917
0.16006 -0.0513928 0.354917
0.135743 -0.0877379 0.354917
0.0480131 0.259604 0.288106
0.0480132 0.205628 0.288106
0.0477357 0.152748 0.288106
0.0419655 0.101965 0.288106
0.0492241 0.0536502 0.288107
0.0522521 0.000200911 0.288107
0.0498402 -0.0531222 0.288107
0.042521 -0.101226 0.288107
0.048247 -0.151787 0.288107
0.0487635 -0.204861 0.288107
0.0486699 -0.259385 0.288107
0.0953175 -0.247963 0.288107
0.140021 -0.231402 0.288107
0.175096 -0.202982 0.288107
0.213115 -0.178528 0.288107
0.231298 -0.136743 0.288107
0.24333 -0.0918151 0.288107
0.255155 -0.0451039 0.288107
0.265483 0.000466738 0.288107
0.25497 0.0462133 0.288107
0.243355 0.0929381 0.288106
0.231538 0.137144 0.288106
0.213483 0.177758 0.288106
0.175008 0.201994 0.288106
0.139319 0.231018 0.288106
0.0946217 0.248148 0.288106
0.0966438 -0.194357 0.288107
0.145799 -0.181203 0.288107
0.181506 -0.15156 0.288107
0.183636 -0.0999511 0.288107
0.192328 -0.0486155 0.288107
0.20782 -0.00031765 0.288107
0.191752 0.04823 0.288107
0.182483 0.100233 0.288106
0.18049 0.151607 0.288106
0.144514 0.181747 0.288106
0.095888 0.195428 0.288106
0.0965278 0.143972 0.288106
0.0860757 0.0959195 0.288106
0.10112 0.0531386 0.288107
0.107086 0.000176913 0.288107
0.10235 -0.0524328 0.288107
0.0869111 -0.0949893 0.288107
0.0970794 -0.142782 0.288107
0.149731 -0.132556 0.288107
0.168992 -0.000110101 0.288107
0.159837 0.0515381 0.288107
0.148739 0.133319 0.288106
0.135003 0.0882903 0.288106
0.160986 -0.0512469 0.288107
0.13689 -0.0876194 0.288107
0.0478886 0.259687 0.223968
0.0479754 0.205775 0.223968
0.0477348 0.152902 0.223968
0.0420353 0.101981 0.223968
0.0493275 0.0536451 0.223968
0.0522686 0.000186537 0.223968
0.0499575 -0.0530795 0.223968
0.0426253 -0.10117 0.223968
0.0483092 -0.151921 0.223968
0.0487456 -0.20502 0.223968
0.0484774 -0.259534 0.223968
0.0950146 -0.248179 0.223968
0.139784 -0.231623 0.223968
0.174758 -0.203127 0.223968
0.212833 -0.178352 0.223968
0.231276 -0.136499 0.223968
0.243583 -0.0916561 0.223968
0.255213 -0.045159 0.223968
0.265279 0.000421273 0.223968
0.255018 0.0462323 0.223968
0.243546 0.0928065 0.223968
0.231531 0.136923 0.223968
0.213197 0.177618 0.223968
0.174566 0.202116 0.223968
0.139085 0.231192 0.223968
0.0943328 0.248375 0.223968
0.0966538 -0.194567 0.223968
0.145979 -0.181477 0.223968
0.181401 -0.151792 0.223968
0.183803 -0.100277 0.223968
0.19217 -0.0490803 0.223968
0.207221 -0.000471891 0.223968
0.191587 0.0485894 0.223968
0.182568 0.100492 0.223968
0.180402 0.151747 0.223968
0.144745 0.181976 0.223968
0.0958962 0.195677 0.223968
0.0966565 0.144238 0.223968
0.0864102 0.0959192 0.223968
0.101456 0.0530917 0.223968
0.107305 0.000167527 0.223968
0.10273 -0.0523292 0.223968
0.0873171 -0.0948716 0.223968
0.0972424 -0.14299 0.223968
0.150222 -0.132882 0.223968
0.169638 -0.00011718 0.223968
0.160665 0.0514312 0.223968
0.14917 0.133629 0.223968
0.135899 0.0882494 0.223968
0.161887 -0.051116 0.223968
0.137944 -0.0875154 0.223968
0.0477437 0.259792 0.162395
0.0479396 0.205917 0.162395
0.0477325 0.153053 0.162395
0.0421209 0.101997 0.162395
0.0494213 0.0536327 0.162395
0.0522938 0.000176573 0.162395
0.0500664 -0.0530337 0.162395
0.0427529 -0.101121 0.162395
0.0483595 -0.152057 0.162395
0.0487196 -0.205171 0.162395
0.0482967 -0.259672 0.162395
0.0947435 -0.248374 0.162395
0.139574 -0.23183 0.162395
0.174423 -0.203259 0.162395
0.212592 -0.178185 0.162395
0.231268 -0.136298 0.162395
0.243798 -0.0915398 0.162395
0.255254 -0.0452304 0.162395
0.265086 0.000377903 0.162395
0.255067 0.0462677 0.162395
0.243705 0.0926985 0.162395
0.231514 0.136741 0.162395
0.21312 0.177473 0.162395
0.174168 0.202227 0.162395
0.13887 0.23137 0.162395
0.0940756 0.248579 0.162395
0.0966543 -0.194775 0.162395
0.14615 -0.181747 0.162395
0.181316 -0.152012 0.162395
0.183853 -0.100562 0.162395
0.192061 -0.0494982 0.162395
0.206652 -0.00058747 0.162395
0.191477 0.0489083 0.162395
0.182673 0.100719 0.162395
0.180334 0.151882 0.162395
0.144956 0.182206 0.162395
0.0959053 0.195915 0.162395
0.0967692 0.1445 0.162395
0.0867627 0.095929 0.162395
0.101787 0.0530453 0.162395
0.107521 0.000165096 0.162395
0.102887 -0.0522311 0.162395
0.0877477 -0.0947724 0.162395
0.0974043 -0.143203 0.162395
0.150689 -0.133189 0.162395
0.170046 -0.000120572 0.162395
0.16145 0.0513335 0.162395
0.149569 0.133918 0.162395
0.13677 0.0882162 0.162395
0.162745 -0.0509977 0.162395
0.138611 -0.0874215 0.162395
0.0475969 0.259901 0.103285
0.0479045 0.206054 0.103285
0.047727 0.153201 0.103285
0.042218 0.102015 0.103285
0.0495119 0.0536159 0.103285
0.0523489 0.000171243 0.103285
0.0501288 -0.0529868 0.103285
0.0429068 -0.10108 0.103285
0.0484064 -0.152193 0.103285
0.0486865 -0.205315 0.103285
0.0481293 -0.2598 0.103285
0.0944982 -0.248554 0.103285
0.139381 -0.232024 0.103285
0.174107 -0.203377 0.103285
0.212381 -0.178035 0.103285
0.23128 -0.136138 0.103285
0.243958 -0.0914559 0.103285
0.255298 -0.0453145 0.103285
0.264915 0.000337674 0.103285
0.255115 0.0463101 0.103285
0.243841 0.0926106 0.103285
0.231536 0.136585 0.103285
0.212975 0.177368 0.103285
0.173824 0.20233 0.103285
0.138679 0.231547 0.103285
0.0938456 0.248766 0.103285
0.0966514 -0.194982 0.103285
0.146327 -0.182014 0.103285
0.181233 -0.152219 0.103285
0.183915 -0.100664 0.103285
0.191993 -0.0498733 0.103285
0.206142 -0.000675241 0.103285
0.191365 0.049195 0.103285
0.182808 0.100847 0.103285
0.180292 0.152013 0.103285
0.145154 0.182434 0.103285
0.0959163 0.196144 0.103285
0.0968732 0.144756 0.103285
0.0871009 0.0959579 0.103285
0.102052 0.0530221 0.103285
0.107655 0.000168791 0.103285
0.103048 -0.0521999 0.103285
0.0881298 -0.0947197 0.103285
0.0975755 -0.143416 0.103285
0.151095 -0.13342 0.103285
0.1703 -0.000112671 0.103285
0.162095 0.0512291 0.103285
0.149947 0.134162 0.103285
0.137609 0.0881906 0.103285
0.163352 -0.0508483 0.103285
0.139311 -0.0873409 0.103285
0.0474558 0.260007 0.0465393
0.0478696 0.206188 0.0465393
0.0477222 0.153344 0.0465393
0.0423265 0.102033 0.0465393
0.0496069 0.0536008 0.0465393
0.0523964 0.000176673 0.0465393
0.0501851 -0.0529496 0.0465393
0.0430628 -0.101049 0.0465393
0.0484563 -0.152325 0.0465393
0.0486495 -0.205454 0.0465393
0.0479749 -0.259917 0.0465393
0.0942719 -0.248722 0.0465393
0.139206 -0.232205 0.0465393
0.173811 -0.203481 0.0465393
0.212197 -0.177905 0.0465393
0.231293 -0.136032 0.0465393
0.244087 -0.0913683 0.0465393
0.255344 -0.0454142 0.0465393
0.2649 0.000296331 0.0465393
0.25515 0.0463632 0.0465393
0.243974 0.0925224 0.0465393
0.23156 0.136463 0.0465393
0.212802 0.177292 0.0465393
0.173519 0.20243 0.0465393
0.138508 0.231718 0.0465393
0.0936383 0.24894 0.0465393
0.0966572 -0.195198 0.0465393
0.146493 -0.182281 0.0465393
0.181157 -0.152395 0.0465393
0.184025 -0.100804 0.0465393
0.192006 -0.0501274 0.0465393
0.205695 -0.000738264 0.0465393
0.191248 0.0494461 0.0465393
0.18294 0.100981 0.0465393
0.180267 0.152135 0.0465393
0.145341 0.182655 0.0465393
0.0959274 0.196369 0.0465393
0.0969686 0.144999 0.0465393
0.0874523 0.0959909 0.0465393
0.102339 0.0529897 0.0465393
0.107735 0.000165448 0.0465393
0.103258 -0.0521431 0.0465393
0.0885037 -0.0946802 0.0465393
0.0977446 -0.143623 0.0465393
0.151479 -0.133648 0.0465393
0.170609 -0.000112475 0.0465393
0.162717 0.0511331 0.0465393
0.150307 0.134393 0.0465393
0.138401 0.0881726 0.0465393
0.163899 -0.0507255 0.0465393
0.140004 -0.087273 0.0465393
0.0473233 0.26011 -0.0079365
0.0478356 0.20632 -0.0079365
0.0477171 0.153482 -0.0079365
0.0424432 0.102053 -0.0079365
0.0497143 0.0535883 -0.0079365
0.0524207 0.000182003 -0.0079365
0.050251 -0.0529122 -0.0079365
0.0432171 -0.101028 -0.0079365
0.0485051 -0.152452 -0.0079365
0.0486131 -0.205591 -0.0079365
0.0478314 -0.260024 -0.0079365
0.0940657 -0.24888 -0.0079365
0.139046 -0.232378 -0.0079365
0.173537 -0.203566 -0.0079365
0.212035 -0.1778 -0.0079365
0.231295 -0.13595 -0.0079365
0.244198 -0.0913131 -0.0079365
0.255434 -0.0455029 -0.0079365
0.26483 0.000252764 -0.0079365
0.255187 0.0464106 -0.0079365
0.244107 0.0924454 -0.0079365
0.231578 0.136367 -0.0079365
0.212623 0.17724 -0.0079365
0.173247 0.202528 -0.0079365
0.138355 0.231883 -0.0079365
0.0934502 0.249105 -0.0079365
0.0966698 -0.195417 -0.0079365
0.146645 -0.18254 -0.0079365
0.181094 -0.152553 -0.0079365
0.184154 -0.100948 -0.0079365
0.191981 -0.0503756 -0.0079365
0.205313 -0.000775891 -0.0079365
0.191139 0.049668 -0.0079365
0.183068 0.10111 -0.0079365
0.180252 0.152254 -0.0079365
0.145518 0.18287 -0.0079365
0.0959385 0.196589 -0.0079365
0.097064 0.14523 -0.0079365
0.0878051 0.0960262 -0.0079365
0.102624 0.0529532 -0.0079365
0.107812 0.000163296 -0.0079365
0.103482 -0.0520768 -0.0079365
0.0888691 -0.0946517 -0.0079365
0.0979123 -0.143824 -0.0079365
0.151846 -0.133871 -0.0079365
0.170944 -0.000112749 -0.0079365
0.163319 0.0510461 -0.0079365
0.150648 0.134613 -0.0079365
0.139156 0.0881614 -0.0079365
0.164419 -0.0506162 -0.0079365
0.140679 -0.0872184 -0.0079365
-0.0503886 -0.256956 1
-0.0477625 -0.203905 1
-0.0460702 -0.152368 1
-0.0448315 -0.101846 1
-0.0474979 -0.0513121 1
-0.049716 -0.000195767 1
-0.0475643 0.0509877 1
-0.0450451 0.101548 1
-0.0462163 0.151996 1
-0.0477763 0.203597 1
-0.0503357 0.256842 1
-0.0995846 0.243732 1
-0.145708 0.224139 1
-0.186324 0.200449 1
-0.218926 0.182317 1
-0.230355 0.145798 1
-0.241356 0.0986485 1
-0.255983 0.0485641 1
-0.265449 -0.000228799 1
-0.256192 -0.0490411 1
-0.241593 -0.0988953 1
-0.230405 -0.145955 1
-0.21886 -0.182492 1
-0.186334 -0.200716 1
-0.145759 -0.224421 1
-0.0995869 -0.243864 1
-0.0948116 0.191261 1
-0.140435 0.173535 1
-0.18421 0.151042 1
-0.182292 0.0934559 1
-0.202585 0.0378649 1
-0.222984 -0.00038597 1
-0.202278 -0.0380116 1
-0.182391 -0.0939637 1
-0.184171 -0.151391 1
-0.140438 -0.17403 1
-0.0947298 -0.19171 1
-0.0915885 -0.142188 1
-0.0873712 -0.0962145 1
-0.0944661 -0.0498829 1
-0.100353 4.61788e-05 1
-0.0945512 0.0499383 1
-0.0873332 0.0960744 1
-0.0915304 0.141868 1
-0.15786 0.000315678 1
-0.142174 -0.0557446 1
-0.142083 0.0559426 1
-0.122894 0.0914249 1
-0.1366 0.125643 1
-0.136969 -0.126261 1
-0.122971 -0.0916806 1
-0.0501169 -0.257658 0.907386
-0.0480015 -0.204342 0.907386
-0.0467225 -0.152073 0.907386
-0.0436851 -0.101953 0.907386
-0.0480557 -0.052273 0.907386
-0.0509559 -0.000158808 0.907386
-0.0482563 0.0519435 0.907386
-0.0439891 0.101618 0.907386
-0.0467952 0.15154 0.907386
-0.0481323 0.203817 0.907386
-0.0503971 0.257209 0.907386
-0.0990308 0.24459 0.907386
-0.144534 0.225757 0.907386
-0.183575 0.200793 0.907386
-0.217909 0.181568 0.907386
-0.230962 0.14349 0.907386
-0.240874 0.0967248 0.907386
-0.254949 0.0469853 0.907386
-0.266307 -0.000283313 0.907386
-0.255099 -0.0475721 0.907386
-0.240984 -0.0974962 0.907386
-0.230866 -0.143623 0.907386
-0.217814 -0.181666 0.907386
-0.183394 -0.200968 0.907386
-0.14413 -0.226135 0.907386
-0.0987069 -0.244901 0.907386
-0.0954764 0.19184 0.907386
-0.141624 0.175627 0.907386
-0.183647 0.150341 0.907386
-0.182171 0.0948459 0.907386
-0.198674 0.0404798 0.907386
-0.219932 -0.000349182 0.907386
-0.198431 -0.0408499 0.907386
-0.181952 -0.0955341 0.907386
-0.183125 -0.150777 0.907386
-0.14132 -0.176309 0.907386
-0.0952213 -0.192576 0.907386
-0.0933249 -0.141873 0.907386
-0.0858937 -0.0962971 0.907386
-0.0962768 -0.0516152 0.907386
-0.103392 -2.58289e-05 0.907386
-0.0965201 0.0515228 0.907386
-0.0858976 0.0960842 0.907386
-0.093503 0.141301 0.907386
-0.140099 0.126894 0.907386
-0.160168 0.000153653 0.907386
-0.146174 -0.0544653 0.907386
-0.1401 -0.127655 0.907386
-0.124612 -0.0905019 0.907386
-0.146471 0.0545045 0.907386
-0.12466 0.0902268 0.907386
-0.0497597 -0.258225 0.818476
-0.0480654 -0.204722 0.818476
-0.0471843 -0.152025 0.818476
-0.0429846 -0.101936 0.818476
-0.048278 -0.0528546 0.818476
-0.051726 -0.000186365 0.818476
-0.0485576 0.0525196 0.818476
-0.043208 0.101645 0.818476
-0.0473181 0.151366 0.818476
-0.0482316 0.2038 0.818476
-0.0503014 0.25759 0.818476
-0.0984687 0.245352 0.818476
-0.143587 0.227135 0.818476
-0.181489 0.201177 0.818476
-0.216942 0.180969 0.818476
-0.231183 0.141613 0.818476
-0.240997 0.0952833 0.818476
-0.254605 0.0460858 0.818476
-0.266486 -0.000358075 0.818476
-0.254507 -0.046869 0.818476
-0.241036 -0.0962728 0.818476
-0.231045 -0.141828 0.818476
-0.217013 -0.180761 0.818476
-0.181122 -0.201118 0.818476
-0.142865 -0.227552 0.818476
-0.0979688 -0.245673 0.818476
-0.0960088 0.192314 0.818476
-0.142726 0.177121 0.818476
-0.183017 0.150181 0.818476
-0.182183 0.0959389 0.818476
-0.196328 0.0424583 0.818476
-0.217307 -0.000167079 0.818476
-0.196021 -0.0429266 0.818476
-0.181652 -0.0967287 0.818476
-0.182365 -0.150665 0.818476
-0.142004 -0.177888 0.818476
-0.0954738 -0.19305 0.818476
-0.094316 -0.14181 0.818476
-0.0850283 -0.0962821 0.818476
-0.0970955 -0.0525272 0.818476
-0.104479 -0.000123001 0.818476
-0.097688 0.0523168 0.818476
-0.0852996 0.0959845 0.818476
-0.0945827 0.141133 0.818476
-0.142635 0.127903 0.818476
-0.161701 3.16015e-05 0.818476
-0.148912 -0.0536879 0.818476
-0.142005 -0.128753 0.818476
-0.125738 -0.0897492 0.818476
-0.149598 0.0535088 0.818476
-0.126149 0.0893875 0.818476
-0.0494419 -0.258597 0.733123
-0.0480655 -0.204835 0.733123
-0.0475359 -0.151943 0.733123
-0.0424583 -0.101877 0.733123
-0.0485376 -0.0531992 0.733123
-0.0518584 -0.000253769 0.733123
-0.0489454 0.0528437 0.733123
-0.0426455 0.101637 0.733123
-0.0476373 0.151339 0.733123
-0.0484224 0.203882 0.733123
-0.0501056 0.257945 0.733123
-0.0978455 0.246025 0.733123
-0.142762 0.228297 0.733123
-0.179865 0.201508 0.733123
-0.21607 0.180289 0.733123
-0.231356 0.140367 0.733123
-0.241334 0.0941478 0.733123
-0.254447 0.0456261 0.733123
-0.266552 -0.00037243 0.733123
-0.254436 -0.0464956 0.733123
-0.241387 -0.0953073 0.733123
-0.231229 -0.140441 0.733123
-0.216151 -0.180014 0.733123
-0.179618 -0.201268 0.733123
-0.141982 -0.228562 0.733123
-0.0973873 -0.246103 0.733123
-0.0963034 0.192928 0.733123
-0.143452 0.178177 0.733123
-0.182562 0.150244 0.733123
-0.182428 0.0967901 0.733123
-0.194941 0.0440474 0.733123
-0.215036 -0.000139814 0.733123
-0.194727 -0.0443419 0.733123
-0.181702 -0.0976101 0.733123
-0.181848 -0.150761 0.733123
-0.14255 -0.179016 0.733123
-0.0956984 -0.193495 0.733123
-0.0950783 -0.142017 0.733123
-0.0846817 -0.0961755 0.733123
-0.0978884 -0.0529716 0.733123
-0.105505 -0.000138885 0.733123
-0.0989948 0.0526668 0.733123
-0.085263 0.095832 0.733123
-0.0953866 0.141268 0.733123
-0.144598 0.128908 0.733123
-0.163162 -4.24484e-06 0.733123
-0.151018 -0.053122 0.733123
-0.143432 -0.129712 0.733123
-0.12709 -0.0891975 0.733123
-0.152262 0.0528075 0.733123
-0.128158 0.0887806 0.733123
-0.0491289 -0.258873 0.651184
-0.0481021 -0.204956 0.651184
-0.0476347 -0.15199 0.651183
-0.0420635 -0.101868 0.651183
-0.0486856 -0.0534261 0.651183
-0.0520517 -0.000268579 0.651183
-0.0491634 0.0530563 0.651183
-0.0425347 0.101626 0.651183
-0.0476949 0.151268 0.651183
-0.0485904 0.204056 0.651183
-0.0498542 0.258268 0.651183
-0.0972356 0.24664 0.651183
-0.14204 0.229232 0.651183
-0.178512 0.201814 0.651183
-0.215344 0.179853 0.651183
-0.231386 0.139282 0.651183
-0.241655 0.0936128 0.651183
-0.25455 0.0453468 0.651183
-0.266484 -0.000516347 0.651183
-0.254543 -0.0464001 0.651183
-0.241804 -0.0945666 0.651183
-0.231308 -0.139401 0.651183
-0.215405 -0.17939 0.651183
-0.178332 -0.201473 0.651183
-0.141191 -0.229177 0.651184
-0.0968255 -0.24653 0.651184
-0.0964982 0.193259 0.651183
-0.144211 0.179096 0.651183
-0.182359 0.150382 0.651183
-0.182692 0.0975392 0.651183
-0.194102 0.0451283 0.651183
-0.213204 -0.000275916 0.651183
-0.193889 -0.0456159 0.651183
-0.181778 -0.098331 0.651183
-0.18143 -0.150806 0.651183
-0.142961 -0.179771 0.651183
-0.0957414 -0.193884 0.651183
-0.0955255 -0.142366 0.651183
-0.0846203 -0.0960972 0.651183
-0.0986414 -0.053188 0.651183
-0.10611 -0.000162598 0.651183
-0.0999889 0.052802 0.651183
-0.0853481 0.0957124 0.651183
-0.095958 0.141547 0.651183
-0.146008 0.129794 0.651183
-0.164602 -0.00010251 0.651183
-0.153106 -0.0527164 0.651183
-0.144608 -0.130577 0.651183
-0.128493 -0.0888562 0.651183
-0.15433 0.0522849 0.651183
-0.130141 0.0883881 0.651183
-0.0488251 -0.259093 0.572522
-0.0480993 -0.205079 0.572522
-0.0476939 -0.152091 0.572522
-0.0420182 -0.101906 0.572522
-0.0486736 -0.0535259 0.572522
-0.0521824 -0.000256584 0.572522
-0.0493422 0.0531289 0.572522
-0.0423926 0.101556 0.572522
-0.0478342 0.151293 0.572522
-0.0487101 0.204213 0.572522
-0.0495756 0.258579 0.572522
-0.0967329 0.247032 0.572522
-0.141423 0.230011 0.572522
-0.177565 0.202124 0.572522
-0.214664 0.179426 0.572522
-0.231373 0.138449 0.572522
-0.242031 0.0931059 0.572522
-0.254693 0.0452315 0.572522
-0.266293 -0.000599934 0.572522
-0.254668 -0.0463593 0.572522
-0.242212 -0.0939997 0.572522
-0.231425 -0.138694 0.572522
-0.214988 -0.17886 0.572522
-0.177226 -0.201644 0.572522
-0.140545 -0.229721 0.572522
-0.0962814 -0.246924 0.572522
-0.0965387 0.193433 0.572522
-0.144722 0.179642 0.572522
-0.182162 0.150596 0.572522
-0.182855 0.0981633 0.572522
-0.193546 0.0460322 0.572522
-0.211922 -0.000290655 0.572522
-0.193244 -0.0462246 0.572522
-0.181922 -0.0988136 0.572522
-0.181147 -0.150944 0.572522
-0.143412 -0.180414 0.572522
-0.0958048 -0.194232 0.572522
-0.0959465 -0.142754 0.572522
-0.0848789 -0.0960426 0.572522
-0.0993175 -0.0532688 0.572522
-0.106346 -0.000216747 0.572522
-0.100558 0.0527934 0.572522
-0.0856067 0.0955716 0.572522
-0.0962305 0.141829 0.572522
-0.1471 0.130547 0.572522
-0.165602 -5.77063e-05 0.572522
-0.154909 -0.0523525 0.572522
-0.145966 -0.131397 0.572522
-0.130091 -0.0886309 0.572522
-0.156198 0.0519656 0.572522
-0.131618 0.0881454 0.572522
-0.0485324 -0.259276 0.497007
-0.0480708 -0.2052 0.497007
-0.0477668 -0.152241 0.497007
-0.0419401 -0.101921 0.497007
-0.048784 -0.0535942 0.497007
-0.0522386 -0.000247913 0.497007
-0.0494813 0.0531715 0.497007
-0.0423457 0.101465 0.497007
-0.0479646 0.151386 0.497007
-0.0487706 0.20436 0.497007
-0.0493133 0.258847 0.497007
-0.0963781 0.247255 0.497007
-0.141006 0.230482 0.497007
-0.176688 0.202358 0.497007
-0.214223 0.179019 0.497007
-0.231398 0.137792 0.497007
-0.242388 0.0926764 0.497007
-0.254832 0.045169 0.497007
-0.266075 -0.000630149 0.497007
-0.25475 -0.0462264 0.497007
-0.242584 -0.0935333 0.497007
-0.231425 -0.138056 0.497007
-0.214549 -0.178504 0.497007
-0.176622 -0.201669 0.497007
-0.140163 -0.230154 0.497007
-0.0957732 -0.247281 0.497007
-0.0965733 0.193646 0.497007
-0.145064 0.180197 0.497007
-0.181969 0.150824 0.497007
-0.183067 0.0986988 0.497007
-0.19316 0.0467934 0.497007
-0.210731 -0.000286458 0.497007
-0.192722 -0.0468119 0.497007
-0.18218 -0.0992287 0.497007
-0.180919 -0.151109 0.497007
-0.143685 -0.180913 0.497007
-0.0958672 -0.194559 0.497007
-0.0960518 -0.143106 0.497007
-0.0851554 -0.0959947 0.497007
-0.0999063 -0.0532638 0.497007
-0.106537 -0.000227112 0.497007
-0.101067 0.0527346 0.497007
-0.0859305 0.0954244 0.497007
-0.0964775 0.142117 0.497007
-0.147967 0.131221 0.497007
-0.166556 5.0713e-07 0.497007
-0.156536 -0.0520638 0.497007
-0.146922 -0.132051 0.497007
-0.131665 -0.0884932 0.497007
-0.157772 0.0517355 0.497007
-0.133061 0.0879844 0.497007
-0.0482875 -0.259438 0.424512
-0.0480691 -0.205333 0.424512
-0.0477706 -0.152408 0.424512
-0.0419032 -0.101935 0.424512
-0.0489379 -0.0536326 0.424512
-0.0522558 -0.000234653 0.424512
-0.0496017 0.0531789 0.424512
-0.042369 0.101374 0.424512
-0.0480765 0.151511 0.424512
-0.0487831 0.204525 0.424512
-0.0490862 0.259053 0.424512
-0.0960086 0.247491 0.424512
-0.140631 0.230884 0.424512
-0.175978 0.202634 0.424512
-0.213819 0.178881 0.424512
-0.231412 0.137346 0.424512
-0.242732 0.0923245 0.424512
-0.254914 0.0450703 0.424512
-0.265925 -0.000566 0.424512
-0.254838 -0.0462095 0.424512
-0.242831 -0.0932873 0.424512
-0.231512 -0.137713 0.424512
-0.214153 -0.178181 0.424512
-0.176043 -0.201747 0.424512
-0.139842 -0.230533 0.424512
-0.0953379 -0.247597 0.424512
-0.0965989 0.193886 0.424512
-0.145368 0.180675 0.424512
-0.18179 0.151062 0.424512
-0.183284 0.0991834 0.424512
-0.19283 0.0475269 0.424512
-0.209482 -4.55716e-05 0.424512
-0.19232 -0.0473483 0.424512
-0.182389 -0.0996084 0.424512
-0.180738 -0.15128 0.424512
-0.143989 -0.181361 0.424512
-0.0958815 -0.194868 0.424512
-0.0961754 -0.14347 0.424512
-0.085511 -0.0959641 0.424512
-0.100444 -0.0532137 0.424512
-0.106707 -0.000215279 0.424512
-0.101535 0.0526464 0.424512
-0.0863144 0.0952852 0.424512
-0.0967027 0.142409 0.424512
-0.148718 0.131813 0.424512
-0.167456 6.55985e-05 0.424512
-0.157992 -0.0518211 0.424512
-0.147713 -0.132623 0.424512
-0.133161 -0.0883932 0.424512
-0.15916 0.0515548 0.424512
-0.134448 0.0878685 0.424512
-0.0480716 -0.259584 0.354917
-0.0480549 -0.205471 0.354917
-0.0477429 -0.152586 0.354917
-0.0419187 -0.10195 0.354917
-0.0490982 -0.0536453 0.354917
-0.0522523 -0.000218441 0.354917
-0.0497118 0.0531582 0.354917
-0.0424442 0.101291 0.354917
-0.048166 0.151655 0.354917
-0.0487766 0.204692 0.354917
-0.0488731 0.259227 0.354917
-0.0956477 0.247729 0.354917
-0.140323 0.231157 0.354917
-0.175397 0.202834 0.354917
-0.213456 0.178705 0.354917
-0.231338 0.137029 0.354917
-0.243046 0.0920322 0.354917
-0.255038 0.045064 0.354917
-0.26571 -0.000508428 0.354917
-0.254927 -0.0462311 0.354917
-0.243115 -0.0930962 0.354917
-0.231533 -0.137405 0.354917
-0.213798 -0.177931 0.354917
-0.1755 -0.201848 0.354917
-0.139562 -0.230866 0.354917
-0.0949569 -0.247881 0.354917
-0.0966173 0.194138 0.354917
-0.145604 0.180931 0.354917
-0.181636 0.151315 0.354917
-0.183473 0.0995908 0.354917
-0.192556 0.0481004 0.354917
-0.208414 0.000106414 0.354917
-0.191994 -0.0478167 0.354917
-0.182433 -0.0999367 0.354917
-0.180603 -0.151456 0.354917
-0.144262 -0.181527 0.354917
-0.0958803 -0.195166 0.354917
-0.0963712 -0.143712 0.354917
-0.0857705 -0.0959331 0.354917
-0.100781 -0.0531827 0.354917
-0.106873 -0.000193897 0.354917
-0.101956 0.0525397 0.354917
-0.0865564 0.0951263 0.354917
-0.0969069 0.142584 0.354917
-0.149222 0.132204 0.354917
-0.168288 9.87502e-05 0.354917
-0.158955 -0.0516604 0.354917
-0.148264 -0.132984 0.354917
-0.134087 -0.0883387 0.354917
-0.16006 0.0513928 0.354917
-0.135743 0.0877379 0.354917
-0.0480131 -0.259604 0.288107
-0.0480132 -0.205628 0.288107
-0.0477357 -0.152748 0.288107
-0.0419655 -0.101965 0.288107
-0.0492241 -0.0536502 0.288107
-0.0522521 -0.000200911 0.288107
-0.0498402 0.0531222 0.288107
-0.042521 0.101226 0.288106
-0.048247 0.151787 0.288106
-0.0487635 0.204861 0.288106
-0.0486699 0.259385 0.288106
-0.0953175 0.247963 0.288106
-0.140021 0.231402 0.288106
-0.175096 0.202982 0.288106
-0.213115 0.178528 0.288106
-0.231298 0.136743 0.288106
-0.24333 0.0918151 0.288106
-0.255155 0.0451039 0.288107
-0.265483 -0.000466738 0.288107
-0.25497 -0.0462133 0.288107
-0.243355 -0.0929381 0.288107
-0.231538 -0.137144 0.288107
-0.213483 -0.177758 0.288107
-0.175008 -0.201994 0.288107
-0.139319 -0.231018 0.288107
-0.0946217 -0.248148 0.288107
-0.0966438 0.194357 0.288106
-0.145799 0.181203 0.288106
-0.181506 0.15156 0.288106
-0.183636 0.0999511 0.288106
-0.192328 0.0486155 0.288107
-0.20782 0.00031765 0.288107
-0.191752 -0.04823 0.288107
-0.182483 -0.100233 0.288107
-0.18049 -0.151607 0.288107
-0.144514 -0.181747 0.288107
-0.095888 -0.195428 0.288107
-0.0965278 -0.143972 0.288107
-0.0860757 -0.0959195 0.288107
-0.10112 -0.0531386 0.288107
-0.107086 -0.000176913 0.288107
-0.10235 0.0524328 0.288107
-0.0869111 0.0949893 0.288106
-0.0970794 0.142782 0.288106
-0.149731 0.132556 0.288106
-0.168992 0.000110101 0.288107
-0.159837 -0.0515381 0.288107
-0.148739 -0.133319 0.288107
-0.135003 -0.0882903 0.288107
-0.160986 0.0512469 0.288107
-0.13689 0.0876194 0.288106
-0.0478886 -0.259687 0.223968
-0.0479754 -0.205775 0.223968
-0.0477348 -0.152902 0.223968
-0.0420353 -0.101981 0.223968
-0.0493275 -0.0536451 0.223968
-0.0522686 -0.000186537 0.223968
-0.0499575 0.0530795 0.223968
-0.0426253 0.10117 0.223968
-0.0483092 0.151921 0.223968
-0.0487456 0.20502 0.223968
-0.0484774 0.259534 0.223968
-0.0950146 0.248179 0.223968
-0.139784 0.231623 0.223968
-0.174758 0.203127 0.223968
-0.212833 0.178352 0.223968
-0.231276 0.136499 0.223968
-0.243583 0.0916561 0.223968
-0.255213 0.045159 0.223968
-0.265279 -0.000421273 0.223968
-0.255018 -0.0462323 0.223968
-0.243546 -0.0928065 0.223968
-0.231531 -0.136923 0.223968
-0.213197 -0.177618 0.223968
-0.174566 -0.202116 0.223968
-0.139085 -0.231192 0.223968
-0.0943328 -0.248375 0.223968
-0.0966538 0.194567 0.223968
-0.145979 0.181477 0.223968
-0.181401 0.151792 0.223968
-0.183803 0.100277 0.223968
-0.19217 0.0490803 0.223968
-0.207221 0.000471891 0.223968
-0.191587 -0.0485894 0.223968
-0.182568 -0.100492 0.223968
-0.180402 -0.151747 0.223968
-0.144745 -0.181976 0.223968
-0.0958962 -0.195677 0.223968
-0.0966565 -0.144238 0.223968
-0.0864102 -0.0959192 0.223968
-0.101456 -0.0530917 0.223968
-0.107305 -0.000167527 0.223968
-0.10273 0.0523292 0.223968
-0.0873171 0.0948716 0.223968
-0.0972424 0.14299 0.223968
-0.150222 0.132882 0.223968
-0.169638 0.00011718 0.223968
-0.160665 -0.0514312 0.223968
-0.14917 -0.133629 0.223968
-0.135899 -0.0882494 0.223968
-0.161887 0.051116 0.223968
-0.137944 0.0875154 0.223968
-0.0477437 -0.259792 0.162395
-0.0479396 -0.205917 0.162395
-0.0477325 -0.153053 0.162395
-0.0421209 -0.101997 0.162395
-0.0494213 -0.0536327 0.162395
-0.0522938 -0.000176573 0.162395
-0.0500664 0.0530337 0.162395
-0.0427529 0.101121 0.162395
-0.0483595 0.152057 0.162395
-0.0487196 0.205171 0.162395
-0.0482967 0.259672 0.162395
-0.0947435 0.248374 0.162395
-0.139574 0.23183 0.162395
-0.174423 0.203259 0.162395
-0.212592 0.178185 0.162395
-0.231268 0.136298 0.162395
-0.243798 0.0915398 0.162395
-0.255254 0.0452304 0.162395
-0.265086 -0.000377903 0.162395
-0.255067 -0.0462677 0.162395
-0.243705 -0.0926985 0.162395
-0.231514 -0.136741 0.162395
-0.21312 -0.177473 0.162395
-0.174168 -0.202227 0.162395
-0.13887 -0.23137 0.162395
-0.0940756 -0.248579 0.162395
-0.0966543 0.194775 0.162395
-0.14615 0.181747 0.162395
-0.181316 0.152012 0.162395
-0.183853 0.100562 0.162395
-0.192061 0.0494982 0.162395
-0.206652 0.00058747 0.162395
-0.191477 -0.0489083 0.162395
-0.182673 -0.100719 0.162395
-0.180334 -0.151882 0.162395
-0.144956 -0.182206 0.162395
-0.0959053 -0.195915 0.162395
-0.0967692 -0.1445 0.162395
-0.0867627 -0.095929 0.162395
-0.101787 -0.0530453 0.162395
-0.107521 -0.000165096 0.162395
-0.102887 0.0522311 0.162395
-0.0877477 0.0947724 0.162395
-0.0974043 0.143203 0.162395
-0.150689 0.133189 0.162395
-0.170046 0.000120572 0.162395
-0.16145 -0.0513335 0.162395
-0.149569 -0.133918 0.162395
-0.13677 -0.0882162 0.162395
-0.162745 0.0509977 0.162395
-0.138611 0.0874215 0.162395
-0.0475969 -0.259901 0.103285
-0.0479045 -0.206054 0.103285
-0.047727 -0.153201 0.103285
-0.042218 -0.102015 0.103285
-0.0495119 -0.0536159 0.103285
-0.0523489 -0.000171243 0.103285
-0.0501288 0.0529868 0.103285
-0.0429068 0.10108 0.103285
-0.0484064 0.152193 0.103285
-0.0486865 0.205315 0.103285
-0.0481293 0.2598 0.103285
-0.0944982 0.248554 0.103285
-0.139381 0.232024 0.103285
-0.174107 0.203377 0.103285
-0.212381 0.178035 0.103285
-0.23128 0.136138 0.103285
-0.243958 0.0914559 0.103285
-0.255298 0.0453145 0.103285
-0.264915 -0.000337674 0.103285
-0.255115 -0.0463101 0.103285
-0.243841 -0.0926106 0.103285
-0.231536 -0.136585 0.103285
-0.212975 -0.177368 0.103285
-0.173824 -0.20233 0.103285
-0.138679 -0.231547 0.103285
-0.0938456 -0.248766 0.103285
-0.0966514 0.194982 0.103285
-0.146327 0.182014 0.103285
-0.181233 0.152219 0.103285
-0.183915 0.100664 0.103285
-0.191993 0.0498733 0.103285
-0.206142 0.000675241 0.103285
-0.191365 -0.049195 0.103285
-0.182808 -0.100847 0.103285
-0.180292 -0.152013 0.103285
-0.145154 -0.182434 0.103285
-0.0959163 -0.196144 0.103285
-0.0968732 -0.144756 0.103285
-0.0871009 -0.0959579 0.103285
-0.102052 -0.0530221 0.103285
-0.107655 -0.000168791 0.103285
-0.103048 0.0521999 0.103285
-0.0881298 0.0947197 0.103285
-0.0975755 0.143416 0.103285
-0.151095 0.13342 0.103285
-0.1703 0.000112671 0.103285
-0.162095 -0.0512291 0.103285
-0.149947 -0.134162 0.103285
-0.137609 -0.0881906 0.103285
-0.163352 0.0508483 0.103285
-0.139311 0.0873409 0.103285
-0.0474558 -0.260007 0.0465393
-0.0478696 -0.206188 0.0465393
-0.0477222 -0.153344 0.0465393
-0.0423265 -0.102033 0.0465393
-0.0496069 -0.0536008 0.0465393
-0.0523964 -0.000176673 0.0465393
-0.0501851 0.0529496 0.0465393
-0.0430628 0.101049 0.0465393
-0.0484563 0.152325 0.0465393
-0.0486495 0.205454 0.0465393
-0.0479749 0.259917 0.0465393
-0.0942719 0.248722 0.0465393
-0.139206 0.232205 0.0465393
-0.173811 0.203481 0.0465393
-0.212197 0.177905 0.0465393
-0.231293 0.136032 0.0465393
-0.244087 0.0913683 0.0465393
-0.255344 0.0454142 0.0465393
-0.2649 -0.000296331 0.0465393
-0.25515 -0.0463632 0.0465393
-0.243974 -0.0925224 0.0465393
-0.23156 -0.136463 0.0465393
-0.212802 -0.177292 0.0465393
-0.173519 -0.20243 0.0465393
-0.138508 -0.231718 0.0465393
-0.0936383 -0.24894 0.0465393
-0.0966572 0.195198 0.0465393
-0.146493 0.182281 0.0465393
-0.181157 0.152395 0.0465393
-0.184025 0.100804 0.0465393
-0.192006 0.0501274 0.0465393
-0.205695 0.000738264 0.0465393
-0.191248 -0.0494461 0.0465393
-0.18294 -0.100981 0.0465393
-0.180267 -0.152135 0.0465393
-0.145341 -0.182655 0.0465393
-0.0959274 -0.196369 0.0465393
-0.0969686 -0.144999 0.0465393
-0.0874523 -0.0959909 0.0465393
-0.102339 -0.0529897 0.0465393
-0.107735 -0.000165448 0.0465393
-0.103258 0.0521431 0.0465393
-0.0885037 0.0946802 0.0465393
-0.0977446 0.143623 0.0465393
-0.151479 0.133648 0.0465393
-0.170609 0.000112475 0.0465393
-0.162717 -0.0511331 0.0465393
-0.150307 -0.134393 0.0465393
-0.138401 -0.0881726 0.0465393
-0.163899 0.0507255 0.0465393
-0.140004 0.087273 0.0465393
-0.0473233 -0.26011 -0.0079365
-0.0478356 -0.20632 -0.0079365
-0.0477171 -0.153482 -0.0079365
-0.0424432 -0.102053 -0.0079365
-0.0497143 -0.0535883 -0.0079365
-0.0524207 -0.000182003 -0.0079365
-0.050251 0.0529122 -0.0079365
-0.0432171 0.101028 -0.0079365
-0.0485051 0.152452 -0.0079365
-0.0486131 0.205591 -0.0079365
-0.0478314 0.260024 -0.0079365
-0.0940657 0.24888 -0.0079365
-0.139046 0.232378 -0.0079365
-0.173537 0.203566 -0.0079365
-0.212035 0.1778 -0.0079365
-0.231295 0.13595 -0.0079365
-0.244198 0.0913131 -0.0079365
-0.255434 0.0455029 -0.0079365
-0.26483 -0.000252764 -0.0079365
-0.255187 -0.0464106 -0.0079365
-0.244107 -0.0924454 -0.0079365
-0.231578 -0.136367 -0.0079365
-0.212623 -0.17724 -0.0079365
-0.173247 -0.202528 -0.0079365
-0.138355 -0.231883 -0.0079365
-0.0934502 -0.249105 -0.0079365
-0.0966698 0.195417 -0.0079365
-0.146645 0.18254 -0.0079365
-0.181094 0.152553 -0.0079365
-0.184154 0.100948 -0.0079365
-0.191981 0.0503756 -0.0079365
-0.205313 0.000775891 -0.0079365
-0.191139 -0.049668 -0.0079365
-0.183068 -0.10111 -0.0079365
-0.180252 -0.152254 -0.0079365
-0.145518 -0.18287 -0.0079365
-0.0959385 -0.196589 -0.0079365
-0.097064 -0.14523 -0.0079365
-0.0878051 -0.0960262 -0.0079365
-0.102624 -0.0529532 -0.0079365
-0.107812 -0.000163296 -0.0079365
-0.103482 0.0520768 -0.0079365
-0.0888691 0.0946517 -0.0079365
-0.0979123 0.143824 -0.0079365
-0.151846 0.133871 -0.0079365
-0.170944 0.000112749 -0.0079365
-0.163319 -0.0510461 -0.0079365
-0.150648 -0.134613 -0.0079365
-0.139156 -0.0881614 -0.0079365
-0.164419 0.0506162 -0.0079365
-0.140679 0.0872184 -0.0079365
0 -0.570437 -0.107143
0 -0.570437 -0.0365056
0 -0.570437 -0.0693602
0 -0.377976 -0.107143
0 -0.377976 -0.0693602
0 -0.377976 -0.0365056
0 0.377976 -0.107143
0 0.377976 -0.0365056
0 0.377976 -0.0693602
0 0.570437 -0.107143
0 0.570437 -0.0365056
0 0.570437 -0.0693602
0 -0.531944 -0.107143
0 -0.493452 -0.107143
0 -0.45496 -0.107143
0 -0.416468 -0.107143
0 -0.416468 -0.0693602
0 -0.45496 -0.0693602
0 -0.493452 -0.0693602
0 -0.531944 -0.0693602
0 -0.416468 -0.0365056
0 -0.45496 -0.0365056
0 -0.493452 -0.0365056
0 -0.531944 -0.0365056
0.0656349 -0.372234 -0.107143
0.129275 -0.355181 -0.107143
0.188988 -0.327337 -0.107143
0.242958 -0.289547 -0.107143
0.289547 -0.242958 -0.107143
0.327337 -0.188988 -0.107143
0.355181 -0.129275 -0.107143
0.372234 -0.0656349 -0.107143
0.377976 1.67855e-16 -0.107143
0.372234 0.0656349 -0.107143
0.355181 0.129275 -0.107143
0.327337 0.188988 -0.107143
0.289547 0.242958 -0.107143
0.242958 0.289547 -0.107143
0.188988 0.327337 -0.107143
0.129275 0.355181 -0.107143
0.0656349 0.372234 -0.107143
0.0656349 -0.372234 -0.0693602
0.0656349 -0.372234 -0.0365056
0.129275 -0.355181 -0.0693602
0.129275 -0.355181 -0.0365056
0.188988 -0.327337 -0.0693602
0.188988 -0.327337 -0.0365056
0.242958 -0.289547 -0.0693602
0.242958 -0.289547 -0.0365056
0.289547 -0.242958 -0.0693602
0.289547 -0.242958 -0.0365056
0.327337 -0.188988 -0.0693602
0.327337 -0.188988 -0.0365056
0.355181 -0.129275 -0.0693602
0.355181 -0.129275 -0.0365056
0.372234 -0.0656349 -0.0693602
0.372234 -0.0656349 -0.0365056
0.377976 1.76226e-16 -0.0693602
0.377976 1.76226e-16 -0.0365056
0.372234 0.0656349 -0.0693602
0.372234 0.0656349 -0.0365056
0.355181 0.129275 -0.0693602
0.355181 0.129275 -0.0365056
0.327337 0.188988 -0.0693602
0.327337 0.188988 -0.0365056
0.289547 0.242958 -0.0693602
0.289547 0.242958 -0.0365056
0.242958 0.289547 -0.0693602
0.242958 0.289547 -0.0365056
0.188988 0.327337 -0.0693602
0.188988 0.327337 -0.0365056
0.129275 0.355181 -0.0693602
0.129275 0.355181 -0.0365056
0.0656349 0.372234 -0.0693602
0.0656349 0.372234 -0.0365056
0.0990553 0.56177 -0.107143
0.195101 0.536035 -0.107143
0.285218 0.494013 -0.107143
0.36667 0.43698 -0.107143
0.43698 0.36667 -0.107143
0.494013 0.285218 -0.107143
0.536035 0.195101 -0.107143
0.56177 0.0990553 -0.107143
0.570437 -2.53325e-16 -0.107143
0.56177 -0.0990553 -0.107143
0.536035 -0.195101 -0.107143
0.494013 -0.285218 -0.107143
0.43698 -0.36667 -0.107143
0.36667 -0.43698 -0.107143
0.285218 -0.494013 -0.107143
0.195101 -0.536035 -0.107143
0.0990553 -0.56177 -0.107143
0.0990553 -0.56177 -0.0365056
0.0990553 -0.56177 -0.0693602
0.195101 -0.536035 -0.0365056
0.195101 -0.536035 -0.0693602
0.285218 -0.494013 -0.0365056
0.285218 -0.494013 -0.0693602
0.36667 -0.43698 -0.0365056
0.36667 -0.43698 -0.0693602
0.43698 -0.36667 -0.0365056
0.43698 -0.36667 -0.0693602
0.494013 -0.285218 -0.0365056
0.494013 -0.285218 -0.0693602
0.536035 -0.195101 -0.0365056
0.536035 -0.195101 -0.0693602
0.56177 -0.0990553 -0.0365056
0.56177 -0.0990553 -0.0693602
0.570437 -2.64339e-16 -0.0365056
0.570437 -2.64339e-16 -0.0693602
0.56177 0.0990553 -0.0365056
0.56177 0.0990553 -0.0693602
0.536035 0.195101 -0.0365056
0.536035 0.195101 -0.0693602
0.494013 0.285218 -0.0365056
0.494013 0.285218 -0.0693602
0.43698 0.36667 -0.0365056
0.43698 0.36667 -0.0693602
0.36667 0.43698 -0.0365056
0.36667 0.43698 -0.0693602
0.285218 0.494013 -0.0365056
0.285218 0.494013 -0.0693602
0.195101 0.536035 -0.0365056
0.195101 0.536035 -0.0693602
0.0990553 0.56177 -0.0365056
0.0990553 0.56177 -0.0693602
0 0.416468 -0.107143
0 0.45496 -0.107143
0 0.493452 -0.107143
0 0.531944 -0.107143
0 0.531944 -0.0693602
0 0.493452 -0.0693602
0 0.45496 -0.0693602
0 0.416468 -0.0693602
0 0.531944 -0.0365056
0 0.493452 -0.0365056
0 0.45496 -0.0365056
0 0.416468 -0.0365056
0.0923712 -0.523863 -0.0365056
0.181936 -0.499864 -0.0365056
0.265972 -0.460677 -0.0365056
0.341927 -0.407493 -0.0365056
0.407493 -0.341927 -0.0365056
0.460677 -0.265972 -0.0365056
0.499864 -0.181936 -0.0365056
0.523863 -0.0923712 -0.0365056
0.531944 -2.14775e-16 -0.0365056
0.523863 0.0923712 -0.0365056
0.499864 0.181936 -0.0365056
0.460677 0.265972 -0.0365056
0.407493 0.341927 -0.0365056
0.341927 0.407493 -0.0365056
0.265972 0.460677 -0.0365056
0.181936 0.499864 -0.0365056
0.0923712 0.523863 -0.0365056
0.0856871 -0.485956 -0.0365056
0.0856871 0.485956 -0.0365056
0.079003 -0.448048 -0.0365056
0.079003 0.448048 -0.0365056
0.072319 -0.410141 -0.0365056
0.072319 0.410141 -0.0365056
0.142441 -0.391352 -0.0365056
0.208234 -0.360672 -0.0365056
0.267701 -0.319033 -0.0365056
0.319033 -0.267701 -0.0365056
0.360672 -0.208234 -0.0365056
0.391352 -0.142441 -0.0365056
0.410141 -0.072319 -0.0365056
0.416468 5.78241e-17 -0.0365056
0.410141 0.072319 -0.0365056
0.391352 0.142441 -0.0365056
0.360672 0.208234 -0.0365056
0.319033 0.267701 -0.0365056
0.267701 0.319033 -0.0365056
0.208234 0.360672 -0.0365056
0.142441 0.391352 -0.0365056
0.168771 -0.463694 -0.0365056
0.246726 -0.427342 -0.0365056
0.317185 -0.378006 -0.0365056
0.378006 -0.317185 -0.0365056
0.427342 -0.246726 -0.0365056
0.463694 -0.168771 -0.0365056
0.485956 -0.0856871 -0.0365056
0.493452 -2.93251e-16 -0.0365056
0.485956 0.0856871 -0.0365056
0.463694 0.168771 -0.0365056
0.427342 0.246726 -0.0365056
0.378006 0.317185 -0.0365056
0.317185 0.378006 -0.0365056
0.246726 0.427342 -0.0365056
0.168771 0.463694 -0.0365056
0.155606 -0.427523 -0.0365056
0.22748 -0.394007 -0.0365056
0.292443 -0.34852 -0.0365056
0.34852 -0.292443 -0.0365056
0.394007 -0.22748 -0.0365056
0.427523 -0.155606 -0.0365056
0.448048 -0.079003 -0.0365056
0.45496 -2.03761e-16 -0.0365056
0.448048 0.079003 -0.0365056
0.427523 0.155606 -0.0365056
0.394007 0.22748 -0.0365056
0.34852 0.292443 -0.0365056
0.292443 0.34852 -0.0365056
0.22748 0.394007 -0.0365056
0.155606 0.427523 -0.0365056
0.0923712 -0.523863 -0.0693602
0.181936 -0.499864 -0.0693602
0.265972 -0.460677 -0.0693602
0.341927 -0.407493 -0.0693602
0.407493 -0.341927 -0.0693602
0.460677 -0.265972 -0.0693602
0.499864 -0.181936 -0.0693602
0.523863 -0.0923712 -0.0693602
0.531944 -2.05138e-16 -0.0693602
0.523863 0.0923712 -0.0693602
0.499864 0.181936 -0.0693602
0.460677 0.265972 -0.0693602
0.407493 0.341927 -0.0693602
0.341927 0.407493 -0.0693602
0.265972 0.460677 -0.0693602
0.181936 0.499864 -0.0693602
0.0923712 0.523863 -0.0693602
0.0856871 -0.485956 -0.0693602
0.0856871 0.485956 -0.0693602
0.079003 -0.448048 -0.0693602
0.079003 0.448048 -0.0693602
0.072319 -0.410141 -0.0693602
0.072319 0.410141 -0.0693602
0.142441 -0.391352 -0.0693602
0.208234 -0.360672 -0.0693602
0.267701 -0.319033 -0.0693602
0.319033 -0.267701 -0.0693602
0.360672 -0.208234 -0.0693602
0.391352 -0.142441 -0.0693602
0.410141 -0.072319 -0.0693602
0.416468 5.92009e-17 -0.0693602
0.410141 0.072319 -0.0693602
0.391352 0.142441 -0.0693602
0.360672 0.208234 -0.0693602
0.319033 0.267701 -0.0693602
0.267701 0.319033 -0.0693602
0.208234 0.360672 -0.0693602
0.142441 0.391352 -0.0693602
0.168771 -0.463694 -0.0693602
0.246726 -0.427342 -0.0693602
0.317185 -0.378006 -0.0693602
0.378006 -0.317185 -0.0693602
0.427342 -0.246726 -0.0693602
0.463694 -0.168771 -0.0693602
0.485956 -0.0856871 -0.0693602
0.493452 -2.93251e-16 -0.0693602
0.485956 0.0856871 -0.0693602
0.463694 0.168771 -0.0693602
0.427342 0.246726 -0.0693602
0.378006 0.317185 -0.0693602
0.317185 0.378006 -0.0693602
0.246726 0.427342 -0.0693602
0.168771 0.463694 -0.0693602
0.155606 -0.427523 -0.0693602
0.22748 -0.394007 -0.0693602
0.292443 -0.34852 -0.0693602
0.34852 -0.292443 -0.0693602
0.394007 -0.22748 -0.0693602
0.427523 -0.155606 -0.0693602
0.448048 -0.079003 -0.0693602
0.45496 -2.10645e-16 -0.0693602
0.448048 0.079003 -0.0693602
0.427523 0.155606 -0.0693602
0.394007 0.22748 -0.0693602
0.34852 0.292443 -0.0693602
0.292443 0.34852 -0.0693602
0.22748 0.394007 -0.0693602
0.155606 0.427523 -0.0693602
0.0923712 -0.523863 -0.107143
0.181936 -0.499864 -0.107143
0.265972 -0.460677 -0.107143
0.341927 -0.407493 -0.107143
0.407493 -0.341927 -0.107143
0.460677 -0.265972 -0.107143
0.499864 -0.181936 -0.107143
0.523863 -0.0923712 -0.107143
0.531944 -1.76226e-16 -0.107143
0.523863 0.0923712 -0.107143
0.499864 0.181936 -0.107143
0.460677 0.265972 -0.107143
0.407493 0.341927 -0.107143
0.341927 0.407493 -0.107143
0.265972 0.460677 -0.107143
0.181936 0.499864 -0.107143
0.0923712 0.523863 -0.107143
0.0856871 -0.485956 -0.107143
0.0856871 0.485956 -0.107143
0.079003 -0.448048 -0.107143
0.079003 0.448048 -0.107143
0.072319 -0.410141 -0.107143
0.072319 0.410141 -0.107143
0.142441 -0.391352 -0.107143
0.208234 -0.360672 -0.107143
0.267701 -0.319033 -0.107143
0.319033 -0.267701 -0.107143
0.360672 -0.208234 -0.107143
0.391352 -0.142441 -0.107143
0.410141 -0.072319 -0.107143
0.416468 4.81868e-17 -0.107143
0.410141 0.072319 -0.107143
0.391352 0.142441 -0.107143
0.360672 0.208234 -0.107143
0.319033 0.267701 -0.107143
0.267701 0.319033 -0.107143
0.208234 0.360672 -0.107143
0.142441 0.391352 -0.107143
0.168771 -0.463694 -0.107143
0.246726 -0.427342 -0.107143
0.317185 -0.378006 -0.107143
0.378006 -0.317185 -0.107143
0.427342 -0.246726 -0.107143
0.463694 -0.168771 -0.107143
0.485956 -0.0856871 -0.107143
0.493452 -2.68469e-16 -0.107143
0.485956 0.0856871 -0.107143
0.463694 0.168771 -0.107143
0.427342 0.246726 -0.107143
0.378006 0.317185 -0.107143
0.317185 0.378006 -0.107143
0.246726 0.427342 -0.107143
0.168771 0.463694 -0.107143
0.155606 -0.427523 -0.107143
0.22748 -0.394007 -0.107143
0.292443 -0.34852 -0.107143
0.34852 -0.292443 -0.107143
0.394007 -0.22748 -0.107143
0.427523 -0.155606 -0.107143
0.448048 -0.079003 -0.107143
0.45496 -1.96877e-16 -0.107143
0.448048 0.079003 -0.107143
0.427523 0.155606 -0.107143
0.394007 0.22748 -0.107143
0.34852 0.292443 -0.107143
0.292443 0.34852 -0.107143
0.22748 0.394007 -0.107143
0.155606 0.427523 -0.107143
-0.0656349 0.372234 -0.107143
-0.129275 0.355181 -0.107143
-0.188988 0.327337 -0.107143
-0.242958 0.289547 -0.107143
-0.289547 0.242958 -0.107143
-0.327337 0.188988 -0.107143
-0.355181 0.129275 -0.107143
-0.372234 0.0656349 -0.107143
-0.377976 -2.85354e-15 -0.107143
-0.372234 -0.0656349 -0.107143
-0.355181 -0.129275 -0.107143
-0.327337 -0.188988 -0.107143
-0.289547 -0.242958 -0.107143
-0.242958 -0.289547 -0.107143
-0.188988 -0.327337 -0.107143
-0.129275 -0.355181 -0.107143
-0.0656349 -0.372234 -0.107143
-0.0656349 0.372234 -0.0693602
-0.0656349 0.372234 -0.0365056
-0.129275 0.355181 -0.0693602
-0.129275 0.355181 -0.0365056
-0.188988 0.327337 -0.0693602
-0.188988 0.327337 -0.0365056
-0.242958 0.289547 -0.0693602
-0.242958 0.289547 -0.0365056
-0.289547 0.242958 -0.0693602
-0.289547 0.242958 -0.0365056
-0.327337 0.188988 -0.0693602
-0.327337 0.188988 -0.0365056
-0.355181 0.129275 -0.0693602
-0.355181 0.129275 -0.0365056
-0.372234 0.0656349 -0.0693602
-0.372234 0.0656349 -0.0365056
-0.377976 -2.86367e-15 -0.0693602
-0.377976 -2.86367e-15 -0.0365056
-0.372234 -0.0656349 -0.0693602
-0.372234 -0.0656349 -0.0365056
-0.355181 -0.129275 -0.0693602
-0.355181 -0.129275 -0.0365056
-0.327337 -0.188988 -0.0693602
-0.327337 -0.188988 -0.0365056
-0.289547 -0.242958 -0.0693602
-0.289547 -0.242958 -0.0365056
-0.242958 -0.289547 -0.0693602
-0.242958 -0.289547 -0.0365056
-0.188988 -0.327337 -0.0693602
-0.188988 -0.327337 -0.0365056
-0.129275 -0.355181 -0.0693602
-0.129275 -0.355181 -0.0365056
-0.0656349 -0.372234 -0.0693602
-0.0656349 -0.372234 -0.0365056
-0.0990553 -0.56177 -0.107143
-0.195101 -0.536035 -0.107143
-0.285218 -0.494013 -0.107143
-0.36667 -0.43698 -0.107143
-0.43698 -0.36667 -0.107143
-0.494013 -0.285218 -0.107143
-0.536035 -0.195101 -0.107143
-0.56177 -0.0990553 -0.107143
-0.570437 4.30652e-15 -0.107143
-0.56177 0.0990553 -0.107143
-0.536035 0.195101 -0.107143
-0.494013 0.285218 -0.107143
-0.43698 0.36667 -0.107143
-0.36667 0.43698 -0.107143
-0.285218 0.494013 -0.107143
-0.195101 0.536035 -0.107143
-0.0990553 0.56177 -0.107143
-0.0990553 0.56177 -0.0365056
-0.0990553 0.56177 -0.0693602
-0.195101 0.536035 -0.0365056
-0.195101 0.536035 -0.0693602
-0.285218 0.494013 -0.0365056
-0.285218 0.494013 -0.0693602
-0.36667 0.43698 -0.0365056
-0.36667 0.43698 -0.0693602
-0.43698 0.36667 -0.0365056
-0.43698 0.36667 -0.0693602
-0.494013 0.285218 -0.0365056
-0.494013 0.285218 -0.0693602
-0.536035 0.195101 -0.0365056
-0.536035 0.195101 -0.0693602
-0.56177 0.0990553 -0.0365056
-0.56177 0.0990553 -0.0693602
-0.570437 4.31753e-15 -0.0365056
-0.570437 4.31753e-15 -0.0693602
-0.56177 -0.0990553 -0.0365056
-0.56177 -0.0990553 -0.0693602
-0.536035 -0.195101 -0.0365056
-0.536035 -0.195101 -0.0693602
-0.494013 -0.285218 -0.0365056
-0.494013 -0.285218 -0.0693602
-0.43698 -0.36667 -0.0365056
-0.43698 -0.36667 -0.0693602
-0.36667 -0.43698 -0.0365056
-0.36667 -0.43698 -0.0693602
-0.285218 -0.494013 -0.0365056
-0.285218 -0.494013 -0.0693602
-0.195101 -0.536035 -0.0365056
-0.195101 -0.536035 -0.0693602
-0.0990553 -0.56177 -0.0365056
-0.0990553 -0.56177 -0.0693602
-0.0923712 0.523863 -0.0365056
-0.181936 0.499864 -0.0365056
-0.265972 0.460677 -0.0365056
-0.341927 0.407493 -0.0365056
-0.407493 0.341927 -0.0365056
-0.460677 0.265972 -0.0365056
-0.499864 0.181936 -0.0365056
-0.523863 0.0923712 -0.0365056
-0.531944 5.35837e-15 -0.0365056
-0.523863 -0.0923712 -0.0365056
-0.499864 -0.181936 -0.0365056
-0.460677 -0.265972 -0.0365056
-0.407493 -0.341927 -0.0365056
-0.341927 -0.407493 -0.0365056
-0.265972 -0.460677 -0.0365056
-0.181936 -0.499864 -0.0365056
-0.0923712 -0.523863 -0.0365056
-0.0856871 0.485956 -0.0365056
-0.0856871 -0.485956 -0.0365056
-0.079003 0.448048 -0.0365056
-0.079003 -0.448048 -0.0365056
-0.072319 0.410141 -0.0365056
-0.072319 -0.410141 -0.0365056
-0.142441 0.391352 -0.0365056
-0.208234 0.360672 -0.0365056
-0.267701 0.319033 -0.0365056
-0.319033 0.267701 -0.0365056
-0.360672 0.208234 -0.0365056
-0.391352 0.142441 -0.0365056
-0.410141 0.072319 -0.0365056
-0.416468 -1.42357e-15 -0.0365056
-0.410141 -0.072319 -0.0365056
-0.391352 -0.142441 -0.0365056
-0.360672 -0.208234 -0.0365056
-0.319033 -0.267701 -0.0365056
-0.267701 -0.319033 -0.0365056
-0.208234 -0.360672 -0.0365056
-0.142441 -0.391352 -0.0365056
-0.168771 0.463694 -0.0365056
-0.246726 0.427342 -0.0365056
-0.317185 0.378006 -0.0365056
-0.378006 0.317185 -0.0365056
-0.427342 0.246726 -0.0365056
-0.463694 0.168771 -0.0365056
-0.485956 0.0856871 -0.0365056
-0.493452 6.18167e-15 -0.0365056
-0.485956 -0.0856871 -0.0365056
-0.463694 -0.168771 -0.0365056
-0.427342 -0.246726 -0.0365056
-0.378006 -0.317185 -0.0365056
-0.317185 -0.378006 -0.0365056
-0.246726 -0.427342 -0.0365056
-0.168771 -0.463694 -0.0365056
-0.155606 0.427523 -0.0365056
-0.22748 0.394007 -0.0365056
-0.292443 0.34852 -0.0365056
-0.34852 0.292443 -0.0365056
-0.394007 0.22748 -0.0365056
-0.427523 0.155606 -0.0365056
-0.448048 0.079003 -0.0365056
-0.45496 4.93983e-15 -0.0365056
-0.448048 -0.079003 -0.0365056
-0.427523 -0.155606 -0.0365056
-0.394007 -0.22748 -0.0365056
-0.34852 -0.292443 -0.0365056
-0.292443 -0.34852 -0.0365056
-0.22748 -0.394007 -0.0365056
-0.155606 -0.427523 -0.0365056
-0.0923712 0.523863 -0.0693602
-0.181936 0.499864 -0.0693602
-0.265972 0.460677 -0.0693602
-0.341927 0.407493 -0.0693602
-0.407493 0.341927 -0.0693602
-0.460677 0.265972 -0.0693602
-0.499864 0.181936 -0.0693602
-0.523863 0.0923712 -0.0693602
-0.531944 5.35148e-15 -0.0693602
-0.523863 -0.0923712 -0.0693602
-0.499864 -0.181936 -0.0693602
-0.460677 -0.265972 -0.0693602
-0.407493 -0.341927 -0.0693602
-0.341927 -0.407493 -0.0693602
-0.265972 -0.460677 -0.0693602
-0.181936 -0.499864 -0.0693602
-0.0923712 -0.523863 -0.0693602
-0.0856871 0.485956 -0.0693602
-0.0856871 -0.485956 -0.0693602
-0.079003 0.448048 -0.0693602
-0.079003 -0.448048 -0.0693602
-0.072319 0.410141 -0.0693602
-0.072319 -0.410141 -0.0693602
-0.142441 0.391352 -0.0693602
-0.208234 0.360672 -0.0693602
-0.267701 0.319033 -0.0693602
-0.319033 0.267701 -0.0693602
-0.360672 0.208234 -0.0693602
-0.391352 0.142441 -0.0693602
-0.410141 0.072319 -0.0693602
-0.416468 -1.39053e-15 -0.0693602
-0.410141 -0.072319 -0.0693602
-0.391352 -0.142441 -0.0693602
-0.360672 -0.208234 -0.0693602
-0.319033 -0.267701 -0.0693602
-0.267701 -0.319033 -0.0693602
-0.208234 -0.360672 -0.0693602
-0.142441 -0.391352 -0.0693602
-0.168771 0.463694 -0.0693602
-0.246726 0.427342 -0.0693602
-0.317185 0.378006 -0.0693602
-0.378006 0.317185 -0.0693602
-0.427342 0.246726 -0.0693602
-0.463694 0.168771 -0.0693602
-0.485956 0.0856871 -0.0693602
-0.493452 6.1624e-15 -0.0693602
-0.485956 -0.0856871 -0.0693602
-0.463694 -0.168771 -0.0693602
-0.427342 -0.246726 -0.0693602
-0.378006 -0.317185 -0.0693602
-0.317185 -0.378006 -0.0693602
-0.246726 -0.427342 -0.0693602
-0.168771 -0.463694 -0.0693602
-0.155606 0.427523 -0.0693602
-0.22748 0.394007 -0.0693602
-0.292443 0.34852 -0.0693602
-0.34852 0.292443 -0.0693602
-0.394007 0.22748 -0.0693602
-0.427523 0.155606 -0.0693602
-0.448048 0.079003 -0.0693602
-0.45496 4.90679e-15 -0.0693602
-0.448048 -0.079003 -0.0693602
-0.427523 -0.155606 -0.0693602
-0.394007 -0.22748 -0.0693602
-0.34852 -0.292443 -0.0693602
-0.292443 -0.34852 -0.0693602
-0.22748 -0.394007 -0.0693602
-0.155606 -0.427523 -0.0693602
-0.0923712 0.523863 -0.107143
-0.181936 0.499864 -0.107143
-0.265972 0.460677 -0.107143
-0.341927 0.407493 -0.107143
-0.407493 0.341927 -0.107143
-0.460677 0.265972 -0.107143
-0.499864 0.181936 -0.107143
-0.523863 0.0923712 -0.107143
-0.531944 5.31844e-15 -0.107143
-0.523863 -0.0923712 -0.107143
-0.499864 -0.181936 -0.107143
-0.460677 -0.265972 -0.107143
-0.407493 -0.341927 -0.107143
-0.341927 -0.407493 -0.107143
-0.265972 -0.460677 -0.107143
-0.181936 -0.499864 -0.107143
-0.0923712 -0.523863 -0.107143
-0.0856871 0.485956 -0.107143
-0.0856871 -0.485956 -0.107143
-0.079003 0.448048 -0.107143
-0.079003 -0.448048 -0.107143
-0.072319 0.410141 -0.107143
-0.072319 -0.410141 -0.107143
-0.142441 0.391352 -0.107143
-0.208234 0.360672 -0.107143
-0.267701 0.319033 -0.107143
-0.319033 0.267701 -0.107143
-0.360672 0.208234 -0.107143
-0.391352 0.142441 -0.107143
-0.410141 0.072319 -0.107143
-0.416468 -1.35611e-15 -0.107143
-0.410141 -0.072319 -0.107143
-0.391352 -0.142441 -0.107143
-0.360672 -0.208234 -0.107143
-0.319033 -0.267701 -0.107143
-0.267701 -0.319033 -0.107143
-0.208234 -0.360672 -0.107143
-0.142441 -0.391352 -0.107143
-0.168771 0.463694 -0.107143
-0.246726 0.427342 -0.107143
-0.317185 0.378006 -0.107143
-0.378006 0.317185 -0.107143
-0.427342 0.246726 -0.107143
-0.463694 0.168771 -0.107143
-0.485956 0.0856871 -0.107143
-0.493452 6.1266e-15 -0.107143
-0.485956 -0.0856871 -0.107143
-0.463694 -0.168771 -0.107143
-0.427342 -0.246726 -0.107143
-0.378006 -0.317185 -0.107143
-0.317185 -0.378006 -0.107143
-0.246726 -0.427342 -0.107143
-0.168771 -0.463694 -0.107143
-0.155606 0.427523 -0.107143
-0.22748 0.394007 -0.107143
-0.292443 0.34852 -0.107143
-0.34852 0.292443 -0.107143
-0.394007 0.22748 -0.107143
-0.427523 0.155606 -0.107143
-0.448048 0.079003 -0.107143
-0.45496 4.86273e-15 -0.107143
-0.448048 -0.079003 -0.107143
-0.427523 -0.155606 -0.107143
-0.394007 -0.22748 -0.107143
-0.34852 -0.292443 -0.107143
-0.292443 -0.34852 -0.107143
-0.22748 -0.394007 -0.107143
-0.155606 -0.427523 -0.107143
0 -0.570437 -1
0 -0.570437 -0.222864
0 -0.570437 -0.350157
0 -0.570437 -0.490179
0 -0.570437 -0.644203
0 -0.570437 -0.81363
0 -0.377976 -1
0 -0.377976 -0.81363
0 -0.377976 -0.644203
0 -0.377976 -0.490179
0 -0.377976 -0.350157
0 -0.377976 -0.222864
0 0.377976 -1
0 0.377976 -0.222864
0 0.377976 -0.350157
0 0.377976 -0.490179
0 0.377976 -0.644203
0 0.377976 -0.81363
0 0.570437 -1
0 0.570437 -0.222864
0 0.570437 -0.350157
0 0.570437 -0.490179
0 0.570437 -0.644203
0 0.570437 -0.81363
0 -0.531944 -1
0 -0.493452 -1
0 -0.45496 -1
0 -0.416468 -1
0 -0.416468 -0.81363
0 -0.45496 -0.81363
0 -0.493452 -0.81363
0 -0.531944 -0.81363
0 -0.416468 -0.644203
0 -0.45496 -0.644203
0 -0.493452 -0.644203
0 -0.531944 -0.644203
0 -0.416468 -0.490179
0 -0.45496 -0.490179
0 -0.493452 -0.490179
0 -0.531944 -0.490179
0 -0.416468 -0.350157
0 -0.45496 -0.350157
0 -0.493452 -0.350157
0 -0.531944 -0.350157
0 -0.416468 -0.222864
0 -0.45496 -0.222864
0 -0.493452 -0.222864
0 -0.531944 -0.222864
0.0656349 -0.372234 -1
0.129275 -0.355181 -1
0.188988 -0.327337 -1
0.242958 -0.289547 -1
0.289547 -0.242958 -1
0.327337 -0.188988 -1
0.355181 -0.129275 -1
0.372234 -0.0656349 -1
0.377976 1.67855e-16 -1
0.372234 0.0656349 -1
0.355181 0.129275 -1
0.327337 0.188988 -1
0.289547 0.242958 -1
0.242958 0.289547 -1
0.188988 0.327337 -1
0.129275 0.355181 -1
0.0656349 0.372234 -1
0.0656349 -0.372234 -0.81363
0.0656349 -0.372234 -0.644203
0.0656349 -0.372234 -0.490179
0.0656349 -0.372234 -0.350157
0.0656349 -0.372234 -0.222864
0.129275 -0.355181 -0.81363
0.129275 -0.355181 -0.644203
0.129275 -0.355181 -0.490179
0.129275 -0.355181 -0.350157
0.129275 -0.355181 -0.222864
0.188988 -0.327337 -0.81363
0.188988 -0.327337 -0.644203
0.188988 -0.327337 -0.490179
0.188988 -0.327337 -0.350157
0.188988 -0.327337 -0.222864
0.242958 -0.289547 -0.81363
0.242958 -0.289547 -0.644203
0.242958 -0.289547 -0.490179
0.242958 -0.289547 -0.350157
0.242958 -0.289547 -0.222864
0.289547 -0.242958 -0.81363
0.289547 -0.242958 -0.644203
0.289547 -0.242958 -0.490179
0.289547 -0.242958 -0.350157
0.289547 -0.242958 -0.222864
0.327337 -0.188988 -0.81363
0.327337 -0.188988 -0.644203
0.327337 -0.188988 -0.490179
0.327337 -0.188988 -0.350157
0.327337 -0.188988 -0.222864
0.355181 -0.129275 -0.81363
0.355181 -0.129275 -0.644203
0.355181 -0.129275 -0.490179
0.355181 -0.129275 -0.350157
0.355181 -0.129275 -0.222864
0.372234 -0.0656349 -0.81363
0.372234 -0.0656349 -0.644203
0.372234 -0.0656349 -0.490179
0.372234 -0.0656349 -0.350157
0.372234 -0.0656349 -0.222864
0.377976 1.76226e-16 -0.81363
0.377976 1.76226e-16 -0.644203
0.377976 1.65212e-16 -0.490179
0.377976 1.76226e-16 -0.350157
0.377976 1.76226e-16 -0.222864
0.372234 0.0656349 -0.81363
0.372234 0.0656349 -0.644203
0.372234 0.0656349 -0.490179
0.372234 0.0656349 -0.350157
0.372234 0.0656349 -0.222864
0.355181 0.129275 -0.81363
0.355181 0.129275 -0.644203
0.355181 0.129275 -0.490179
0.355181 0.129275 -0.350157
0.355181 0.129275 -0.222864
0.327337 0.188988 -0.81363
0.327337 0.188988 -0.644203
0.327337 0.188988 -0.490179
0.327337 0.188988 -0.350157
0.327337 0.188988 -0.222864
0.289547 0.242958 -0.81363
0.289547 0.242958 -0.644203
0.289547 0.242958 -0.490179
0.289547 0.242958 -0.350157
0.289547 0.242958 -0.222864
0.242958 0.289547 -0.81363
0.242958 0.289547 -0.644203
0.242958 0.289547 -0.490179
0.242958 0.289547 -0.350157
0.242958 0.289547 -0.222864
0.188988 0.327337 -0.81363
0.188988 0.327337 -0.644203
0.188988 0.327337 -0.490179
0.188988 0.327337 -0.350157
0.188988 0.327337 -0.222864
0.129275 0.355181 -0.81363
0.129275 0.355181 -0.644203
0.129275 0.355181 -0.490179
0.129275 0.355181 -0.350157
0.129275 0.355181 -0.222864
0.0656349 0.372234 -0.81363
0.0656349 0.372234 -0.644203
0.0656349 0.372234 -0.490179
0.0656349 0.372234 -0.350157
0.0656349 0.372234 -0.222864
0.0990553 0.56177 -1
0.195101 0.536035 -1
0.285218 0.494013 -1
0.36667 0.43698 -1
0.43698 0.36667 -1
0.494013 0.285218 -1
0.536035 0.195101 -1
0.56177 0.0990553 -1
0.570437 -2.53325e-16 -1
0.56177 -0.0990553 -1
0.536035 -0.195101 -1
0.494013 -0.285218 -1
0.43698 -0.36667 -1
0.36667 -0.43698 -1
0.285218 -0.494013 -1
0.195101 -0.536035 -1
0.0990553 -0.56177 -1
0.0990553 -0.56177 -0.222864
0.0990553 -0.56177 -0.350157
0.0990553 -0.56177 -0.490179
0.0990553 -0.56177 -0.644203
0.0990553 -0.56177 -0.81363
0.195101 -0.536035 -0.222864
0.195101 -0.536035 -0.350157
0.195101 -0.536035 -0.490179
0.195101 -0.536035 -0.644203
0.195101 -0.536035 -0.81363
0.285218 -0.494013 -0.222864
0.285218 -0.494013 -0.350157
0.285218 -0.494013 -0.490179
0.285218 -0.494013 -0.644203
0.285218 -0.494013 -0.81363
0.36667 -0.43698 -0.222864
0.36667 -0.43698 -0.350157
0.36667 -0.43698 -0.490179
0.36667 -0.43698 -0.644203
0.36667 -0.43698 -0.81363
0.43698 -0.36667 -0.222864
0.43698 -0.36667 -0.350157
0.43698 -0.36667 -0.490179
0.43698 -0.36667 -0.644203
0.43698 -0.36667 -0.81363
0.494013 -0.285218 -0.222864
0.494013 -0.285218 -0.350157
0.494013 -0.285218 -0.490179
0.494013 -0.285218 -0.644203
0.494013 -0.285218 -0.81363
0.536035 -0.195101 -0.222864
0.536035 -0.195101 -0.350157
0.536035 -0.195101 -0.490179
0.536035 -0.195101 -0.644203
0.536035 -0.195101 -0.81363
0.56177 -0.0990553 -0.222864
0.56177 -0.0990553 -0.350157
0.56177 -0.0990553 -0.490179
0.56177 -0.0990553 -0.644203
0.56177 -0.0990553 -0.81363
0.570437 -2.64339e-16 -0.222864
0.570437 -2.64339e-16 -0.350157
0.570437 -2.64339e-16 -0.490179
0.570437 -2.64339e-16 -0.644203
0.570437 -2.64339e-16 -0.81363
0.56177 0.0990553 -0.222864
0.56177 0.0990553 -0.350157
0.56177 0.0990553 -0.490179
0.56177 0.0990553 -0.644203
0.56177 0.0990553 -0.81363
0.536035 0.195101 -0.222864
0.536035 0.195101 -0.350157
0.536035 0.195101 -0.490179
0.536035 0.195101 -0.644203
0.536035 0.195101 -0.81363
0.494013 0.285218 -0.222864
0.494013 0.285218 -0.350157
0.494013 0.285218 -0.490179
0.494013 0.285218 -0.644203
0.494013 0.285218 -0.81363
0.43698 0.36667 -0.222864
0.43698 0.36667 -0.350157
0.43698 0.36667 -0.490179
0.43698 0.36667 -0.644203
0.43698 0.36667 -0.81363
0.36667 0.43698 -0.222864
0.36667 0.43698 -0.350157
0.36667 0.43698 -0.490179
0.36667 0.43698 -0.644203
0.36667 0.43698 -0.81363
0.285218 0.494013 -0.222864
0.285218 0.494013 -0.350157
0.285218 0.494013 -0.490179
0.285218 0.494013 -0.644203
0.285218 0.494013 -0.81363
0.195101 0.536035 -0.222864
0.195101 0.536035 -0.350157
0.195101 0.536035 -0.490179
0.195101 0.536035 -0.644203
0.195101 0.536035 -0.81363
0.0990553 0.56177 -0.222864
0.0990553 0.56177 -0.350157
0.0990553 0.56177 -0.490179
0.0990553 0.56177 -0.644203
0.0990553 0.56177 -0.81363
0 0.416468 -1
0 0.45496 -1
0 0.493452 -1
0 0.531944 -1
0 0.531944 -0.81363
0 0.493452 -0.81363
0 0.45496 -0.81363
0 0.416468 -0.81363
0 0.531944 -0.644203
0 0.493452 -0.644203
0 0.45496 -0.644203
0 0.416468 -0.644203
0 0.531944 -0.490179
0 0.493452 -0.490179
0 0.45496 -0.490179
0 0.416468 -0.490179
0 0.531944 -0.350157
0 0.493452 -0.350157
0 0.45496 -0.350157
0 0.416468 -0.350157
0 0.531944 -0.222864
0 0.493452 -0.222864
0 0.45496 -0.222864
0 0.416468 -0.222864
0.0923712 -0.523863 -0.222864
0.181936 -0.499864 -0.222864
0.265972 -0.460677 -0.222864
0.341927 -0.407493 -0.222864
0.407493 -0.341927 -0.222864
0.460677 -0.265972 -0.222864
0.499864 -0.181936 -0.222864
0.523863 -0.0923712 -0.222864
0.531944 -1.67965e-16 -0.222864
0.523863 0.0923712 -0.222864
0.499864 0.181936 -0.222864
0.460677 0.265972 -0.222864
0.407493 0.341927 -0.222864
0.341927 0.407493 -0.222864
0.265972 0.460677 -0.222864
0.181936 0.499864 -0.222864
0.0923712 0.523863 -0.222864
0.0856871 -0.485956 -0.222864
0.0856871 0.485956 -0.222864
0.079003 -0.448048 -0.222864
0.079003 0.448048 -0.222864
0.072319 -0.410141 -0.222864
0.072319 0.410141 -0.222864
0.142441 -0.391352 -0.222864
0.208234 -0.360672 -0.222864
0.267701 -0.319033 -0.222864
0.319033 -0.267701 -0.222864
0.360672 -0.208234 -0.222864
0.391352 -0.142441 -0.222864
0.410141 -0.072319 -0.222864
0.416468 4.26797e-17 -0.222864
0.410141 0.072319 -0.222864
0.391352 0.142441 -0.222864
0.360672 0.208234 -0.222864
0.319033 0.267701 -0.222864
0.267701 0.319033 -0.222864
0.208234 0.360672 -0.222864
0.142441 0.391352 -0.222864
0.168771 -0.463694 -0.222864
0.246726 -0.427342 -0.222864
0.317185 -0.378006 -0.222864
0.378006 -0.317185 -0.222864
0.427342 -0.246726 -0.222864
0.463694 -0.168771 -0.222864
0.485956 -0.0856871 -0.222864
0.493452 -2.39557e-16 -0.222864
0.485956 0.0856871 -0.222864
0.463694 0.168771 -0.222864
0.427342 0.246726 -0.222864
0.378006 0.317185 -0.222864
0.317185 0.378006 -0.222864
0.246726 0.427342 -0.222864
0.168771 0.463694 -0.222864
0.155606 -0.427523 -0.222864
0.22748 -0.394007 -0.222864
0.292443 -0.34852 -0.222864
0.34852 -0.292443 -0.222864
0.394007 -0.22748 -0.222864
0.427523 -0.155606 -0.222864
0.448048 -0.079003 -0.222864
0.45496 -1.76226e-16 -0.222864
0.448048 0.079003 -0.222864
0.427523 0.155606 -0.222864
0.394007 0.22748 -0.222864
0.34852 0.292443 -0.222864
0.292443 0.34852 -0.222864
0.22748 0.394007 -0.222864
0.155606 0.427523 -0.222864
0.0923712 -0.523863 -0.350157
0.181936 -0.499864 -0.350157
0.265972 -0.460677 -0.350157
0.341927 -0.407493 -0.350157
0.407493 -0.341927 -0.350157
0.460677 -0.265972 -0.350157
0.499864 -0.181936 -0.350157
0.523863 -0.0923712 -0.350157
0.531944 -1.84486e-16 -0.350157
0.523863 0.0923712 -0.350157
0.499864 0.181936 -0.350157
0.460677 0.265972 -0.350157
0.407493 0.341927 -0.350157
0.341927 0.407493 -0.350157
0.265972 0.460677 -0.350157
0.181936 0.499864 -0.350157
0.0923712 0.523863 -0.350157
0.0856871 -0.485956 -0.350157
0.0856871 0.485956 -0.350157
0.079003 -0.448048 -0.350157
0.079003 0.448048 -0.350157
0.072319 -0.410141 -0.350157
0.072319 0.410141 -0.350157
0.142441 -0.391352 -0.350157
0.208234 -0.360672 -0.350157
0.267701 -0.319033 -0.350157
0.319033 -0.267701 -0.350157
0.360672 -0.208234 -0.350157
0.391352 -0.142441 -0.350157
0.410141 -0.072319 -0.350157
0.416468 2.20282e-17 -0.350157
0.410141 0.072319 -0.350157
0.391352 0.142441 -0.350157
0.360672 0.208234 -0.350157
0.319033 0.267701 -0.350157
0.267701 0.319033 -0.350157
0.208234 0.360672 -0.350157
0.142441 0.391352 -0.350157
0.168771 -0.463694 -0.350157
0.246726 -0.427342 -0.350157
0.317185 -0.378006 -0.350157
0.378006 -0.317185 -0.350157
0.427342 -0.246726 -0.350157
0.463694 -0.168771 -0.350157
0.485956 -0.0856871 -0.350157
0.493452 -2.73976e-16 -0.350157
0.485956 0.0856871 -0.350157
0.463694 0.168771 -0.350157
0.427342 0.246726 -0.350157
0.378006 0.317185 -0.350157
0.317185 0.378006 -0.350157
0.246726 0.427342 -0.350157
0.168771 0.463694 -0.350157
0.155606 -0.427523 -0.350157
0.22748 -0.394007 -0.350157
0.292443 -0.34852 -0.350157
0.34852 -0.292443 -0.350157
0.394007 -0.22748 -0.350157
0.427523 -0.155606 -0.350157
0.448048 -0.079003 -0.350157
0.45496 -2.23036e-16 -0.350157
0.448048 0.079003 -0.350157
0.427523 0.155606 -0.350157
0.394007 0.22748 -0.350157
0.34852 0.292443 -0.350157
0.292443 0.34852 -0.350157
0.22748 0.394007 -0.350157
0.155606 0.427523 -0.350157
0.0923712 -0.523863 -0.490179
0.181936 -0.499864 -0.490179
0.265972 -0.460677 -0.490179
0.341927 -0.407493 -0.490179
0.407493 -0.341927 -0.490179
0.460677 -0.265972 -0.490179
0.499864 -0.181936 -0.490179
0.523863 -0.0923712 -0.490179
0.531944 -1.69342e-16 -0.490179
0.523863 0.0923712 -0.490179
0.499864 0.181936 -0.490179
0.460677 0.265972 -0.490179
0.407493 0.341927 -0.490179
0.341927 0.407493 -0.490179
0.265972 0.460677 -0.490179
0.181936 0.499864 -0.490179
0.0923712 0.523863 -0.490179
0.0856871 -0.485956 -0.490179
0.0856871 0.485956 -0.490179
0.079003 -0.448048 -0.490179
0.079003 0.448048 -0.490179
0.072319 -0.410141 -0.490179
0.072319 0.410141 -0.490179
0.142441 -0.391352 -0.490179
0.208234 -0.360672 -0.490179
0.267701 -0.319033 -0.490179
0.319033 -0.267701 -0.490179
0.360672 -0.208234 -0.490179
0.391352 -0.142441 -0.490179
0.410141 -0.072319 -0.490179
0.416468 3.30424e-17 -0.490179
0.410141 0.072319 -0.490179
0.391352 0.142441 -0.490179
0.360672 0.208234 -0.490179
0.319033 0.267701 -0.490179
0.267701 0.319033 -0.490179
0.208234 0.360672 -0.490179
0.142441 0.391352 -0.490179
0.168771 -0.463694 -0.490179
0.246726 -0.427342 -0.490179
0.317185 -0.378006 -0.490179
0.378006 -0.317185 -0.490179
0.427342 -0.246726 -0.490179
0.463694 -0.168771 -0.490179
0.485956 -0.0856871 -0.490179
0.493452 -2.3818e-16 -0.490179
0.485956 0.0856871 -0.490179
0.463694 0.168771 -0.490179
0.427342 0.246726 -0.490179
0.378006 0.317185 -0.490179
0.317185 0.378006 -0.490179
0.246726 0.427342 -0.490179
0.168771 0.463694 -0.490179
0.155606 -0.427523 -0.490179
0.22748 -0.394007 -0.490179
0.292443 -0.34852 -0.490179
0.34852 -0.292443 -0.490179
0.394007 -0.22748 -0.490179
0.427523 -0.155606 -0.490179
0.448048 -0.079003 -0.490179
0.45496 -1.73472e-16 -0.490179
0.448048 0.079003 -0.490179
0.427523 0.155606 -0.490179
0.394007 0.22748 -0.490179
0.34852 0.292443 -0.490179
0.292443 0.34852 -0.490179
0.22748 0.394007 -0.490179
0.155606 0.427523 -0.490179
0.0923712 -0.523863 -0.644203
0.181936 -0.499864 -0.644203
0.265972 -0.460677 -0.644203
0.341927 -0.407493 -0.644203
0.407493 -0.341927 -0.644203
0.460677 -0.265972 -0.644203
0.499864 -0.181936 -0.644203
0.523863 -0.0923712 -0.644203
0.531944 -1.78979e-16 -0.644203
0.523863 0.0923712 -0.644203
0.499864 0.181936 -0.644203
0.460677 0.265972 -0.644203
0.407493 0.341927 -0.644203
0.341927 0.407493 -0.644203
0.265972 0.460677 -0.644203
0.181936 0.499864 -0.644203
0.0923712 0.523863 -0.644203
0.0856871 -0.485956 -0.644203
0.0856871 0.485956 -0.644203
0.079003 -0.448048 -0.644203
0.079003 0.448048 -0.644203
0.072319 -0.410141 -0.644203
0.072319 0.410141 -0.644203
0.142441 -0.391352 -0.644203
0.208234 -0.360672 -0.644203
0.267701 -0.319033 -0.644203
0.319033 -0.267701 -0.644203
0.360672 -0.208234 -0.644203
0.391352 -0.142441 -0.644203
0.410141 -0.072319 -0.644203
0.416468 1.23909e-17 -0.644203
0.410141 0.072319 -0.644203
0.391352 0.142441 -0.644203
0.360672 0.208234 -0.644203
0.319033 0.267701 -0.644203
0.267701 0.319033 -0.644203
0.208234 0.360672 -0.644203
0.142441 0.391352 -0.644203
0.168771 -0.463694 -0.644203
0.246726 -0.427342 -0.644203
0.317185 -0.378006 -0.644203
0.378006 -0.317185 -0.644203
0.427342 -0.246726 -0.644203
0.463694 -0.168771 -0.644203
0.485956 -0.0856871 -0.644203
0.493452 -2.68469e-16 -0.644203
0.485956 0.0856871 -0.644203
0.463694 0.168771 -0.644203
0.427342 0.246726 -0.644203
0.378006 0.317185 -0.644203
0.317185 0.378006 -0.644203
0.246726 0.427342 -0.644203
0.168771 0.463694 -0.644203
0.155606 -0.427523 -0.644203
0.22748 -0.394007 -0.644203
0.292443 -0.34852 -0.644203
0.34852 -0.292443 -0.644203
0.394007 -0.22748 -0.644203
0.427523 -0.155606 -0.644203
0.448048 -0.079003 -0.644203
0.45496 -2.02384e-16 -0.644203
0.448048 0.079003 -0.644203
0.427523 0.155606 -0.644203
0.394007 0.22748 -0.644203
0.34852 0.292443 -0.644203
0.292443 0.34852 -0.644203
0.22748 0.394007 -0.644203
0.155606 0.427523 -0.644203
0.0923712 -0.523863 -0.81363
0.181936 -0.499864 -0.81363
0.265972 -0.460677 -0.81363
0.341927 -0.407493 -0.81363
0.407493 -0.341927 -0.81363
0.460677 -0.265972 -0.81363
0.499864 -0.181936 -0.81363
0.523863 -0.0923712 -0.81363
0.531944 -1.61081e-16 -0.81363
0.523863 0.0923712 -0.81363
0.499864 0.181936 -0.81363
0.460677 0.265972 -0.81363
0.407493 0.341927 -0.81363
0.341927 0.407493 -0.81363
0.265972 0.460677 -0.81363
0.181936 0.499864 -0.81363
0.0923712 0.523863 -0.81363
0.0856871 -0.485956 -0.81363
0.0856871 0.485956 -0.81363
0.079003 -0.448048 -0.81363
0.079003 0.448048 -0.81363
0.072319 -0.410141 -0.81363
0.072319 0.410141 -0.81363
0.142441 -0.391352 -0.81363
0.208234 -0.360672 -0.81363
0.267701 -0.319033 -0.81363
0.319033 -0.267701 -0.81363
0.360672 -0.208234 -0.81363
0.391352 -0.142441 -0.81363
0.410141 -0.072319 -0.81363
0.416468 9.63735e-18 -0.81363
0.410141 0.072319 -0.81363
0.391352 0.142441 -0.81363
0.360672 0.208234 -0.81363
0.319033 0.267701 -0.81363
0.267701 0.319033 -0.81363
0.208234 0.360672 -0.81363
0.142441 0.391352 -0.81363
0.168771 -0.463694 -0.81363
0.246726 -0.427342 -0.81363
0.317185 -0.378006 -0.81363
0.378006 -0.317185 -0.81363
0.427342 -0.246726 -0.81363
0.463694 -0.168771 -0.81363
0.485956 -0.0856871 -0.81363
0.493452 -2.42311e-16 -0.81363
0.485956 0.0856871 -0.81363
0.463694 0.168771 -0.81363
0.427342 0.246726 -0.81363
0.378006 0.317185 -0.81363
0.317185 0.378006 -0.81363
0.246726 0.427342 -0.81363
0.168771 0.463694 -0.81363
0.155606 -0.427523 -0.81363
0.22748 -0.394007 -0.81363
0.292443 -0.34852 -0.81363
0.34852 -0.292443 -0.81363
0.394007 -0.22748 -0.81363
0.427523 -0.155606 -0.81363
0.448048 -0.079003 -0.81363
0.45496 -1.78979e-16 -0.81363
0.448048 0.079003 -0.81363
0.427523 0.155606 -0.81363
0.394007 0.22748 -0.81363
0.34852 0.292443 -0.81363
0.292443 0.34852 -0.81363
0.22748 0.394007 -0.81363
0.155606 0.427523 -0.81363
0.0923712 -0.523863 -1
0.181936 -0.499864 -1
0.265972 -0.460677 -1
0.341927 -0.407493 -1
0.407493 -0.341927 -1
0.460677 -0.265972 -1
0.499864 -0.181936 -1
0.523863 -0.0923712 -1
0.531944 -1.67965e-16 -1
0.523863 0.0923712 -1
0.499864 0.181936 -1
0.460677 0.265972 -1
0.407493 0.341927 -1
0.341927 0.407493 -1
0.265972 0.460677 -1
0.181936 0.499864 -1
0.0923712 0.523863 -1
0.0856871 -0.485956 -1
0.0856871 0.485956 -1
0.079003 -0.448048 -1
0.079003 0.448048 -1
0.072319 -0.410141 -1
0.072319 0.410141 -1
0.142441 -0.391352 -1
0.208234 -0.360672 -1
0.267701 -0.319033 -1
0.319033 -0.267701 -1
0.360672 -0.208234 -1
0.391352 -0.142441 -1
0.410141 -0.072319 -1
0.416468 -4.13029e-18 -1
0.410141 0.072319 -1
0.391352 0.142441 -1
0.360672 0.208234 -1
0.319033 0.267701 -1
0.267701 0.319033 -1
0.208234 0.360672 -1
0.142441 0.391352 -1
0.168771 -0.463694 -1
0.246726 -0.427342 -1
0.317185 -0.378006 -1
0.378006 -0.317185 -1
0.427342 -0.246726 -1
0.463694 -0.168771 -1
0.485956 -0.0856871 -1
0.493452 -2.3818e-16 -1
0.485956 0.0856871 -1
0.463694 0.168771 -1
0.427342 0.246726 -1
0.378006 0.317185 -1
0.317185 0.378006 -1
0.246726 0.427342 -1
0.168771 0.463694 -1
0.155606 -0.427523 -1
0.22748 -0.394007 -1
0.292443 -0.34852 -1
0.34852 -0.292443 -1
0.394007 -0.22748 -1
0.427523 -0.155606 -1
0.448048 -0.079003 -1
0.45496 -1.73472e-16 -1
0.448048 0.079003 -1
0.427523 0.155606 -1
0.394007 0.22748 -1
0.34852 0.292443 -1
0.292443 0.34852 -1
0.22748 0.394007 -1
0.155606 0.427523 -1
-0.0990553 -0.56177 -1
-0.195101 -0.536035 -1
-0.285218 -0.494013 -1
-0.36667 -0.43698 -1
-0.43698 -0.36667 -1
-0.494013 -0.285218 -1
-0.536035 -0.195101 -1
-0.56177 -0.0990553 -1
-0.570437 4.30652e-15 -1
-0.56177 0.0990553 -1
-0.536035 0.195101 -1
-0.494013 0.285218 -1
-0.43698 0.36667 -1
-0.36667 0.43698 -1
-0.285218 0.494013 -1
-0.195101 0.536035 -1
-0.0990553 0.56177 -1
-0.0990553 -0.56177 -0.81363
-0.0990553 -0.56177 -0.644203
-0.0990553 -0.56177 -0.490179
-0.0990553 -0.56177 -0.350157
-0.0990553 -0.56177 -0.222864
-0.195101 -0.536035 -0.81363
-0.195101 -0.536035 -0.644203
-0.195101 -0.536035 -0.490179
-0.195101 -0.536035 -0.350157
-0.195101 -0.536035 -0.222864
-0.285218 -0.494013 -0.81363
-0.285218 -0.494013 -0.644203
-0.285218 -0.494013 -0.490179
-0.285218 -0.494013 -0.350157
-0.285218 -0.494013 -0.222864
-0.36667 -0.43698 -0.81363
-0.36667 -0.43698 -0.644203
-0.36667 -0.43698 -0.490179
-0.36667 -0.43698 -0.350157
-0.36667 -0.43698 -0.222864
-0.43698 -0.36667 -0.81363
-0.43698 -0.36667 -0.644203
-0.43698 -0.36667 -0.490179
-0.43698 -0.36667 -0.350157
-0.43698 -0.36667 -0.222864
-0.494013 -0.285218 -0.81363
-0.494013 -0.285218 -0.644203
-0.494013 -0.285218 -0.490179
-0.494013 -0.285218 -0.350157
-0.494013 -0.285218 -0.222864
-0.536035 -0.195101 -0.81363
-0.536035 -0.195101 -0.644203
-0.536035 -0.195101 -0.490179
-0.536035 -0.195101 -0.350157
-0.536035 -0.195101 -0.222864
-0.56177 -0.0990553 -0.81363
-0.56177 -0.0990553 -0.644203
-0.56177 -0.0990553 -0.490179
-0.56177 -0.0990553 -0.350157
-0.56177 -0.0990553 -0.222864
-0.570437 4.31753e-15 -0.81363
-0.570437 4.31753e-15 -0.644203
-0.570437 4.31753e-15 -0.490179
-0.570437 4.31753e-15 -0.350157
-0.570437 4.31753e-15 -0.222864
-0.56177 0.0990553 -0.81363
-0.56177 0.0990553 -0.644203
-0.56177 0.0990553 -0.490179
-0.56177 0.0990553 -0.350157
-0.56177 0.0990553 -0.222864
-0.536035 0.195101 -0.81363
-0.536035 0.195101 -0.644203
-0.536035 0.195101 -0.490179
-0.536035 0.195101 -0.350157
-0.536035 0.195101 -0.222864
-0.494013 0.285218 -0.81363
-0.494013 0.285218 -0.644203
-0.494013 0.285218 -0.490179
-0.494013 0.285218 -0.350157
-0.494013 0.285218 -0.222864
-0.43698 0.36667 -0.81363
-0.43698 0.36667 -0.644203
-0.43698 0.36667 -0.490179
-0.43698 0.36667 -0.350157
-0.43698 0.36667 -0.222864
-0.36667 0.43698 -0.81363
-0.36667 0.43698 -0.644203
-0.36667 0.43698 -0.490179
-0.36667 0.43698 -0.350157
-0.36667 0.43698 -0.222864
-0.285218 0.494013 -0.81363
-0.285218 0.494013 -0.644203
-0.285218 0.494013 -0.490179
-0.285218 0.494013 -0.350157
-0.285218 0.494013 -0.222864
-0.195101 0.536035 -0.81363
-0.195101 0.536035 -0.644203
-0.195101 0.536035 -0.490179
-0.195101 0.536035 -0.350157
-0.195101 0.536035 -0.222864
-0.0990553 0.56177 -0.81363
-0.0990553 0.56177 -0.644203
-0.0990553 0.56177 -0.490179
-0.0990553 0.56177 -0.350157
-0.0990553 0.56177 -0.222864
-0.0656349 0.372234 -1
-0.129275 0.355181 -1
-0.188988 0.327337 -1
-0.242958 0.289547 -1
-0.289547 0.242958 -1
-0.327337 0.188988 -1
-0.355181 0.129275 -1
-0.372234 0.0656349 -1
-0.377976 -2.85354e-15 -1
-0.372234 -0.0656349 -1
-0.355181 -0.129275 -1
-0.327337 -0.188988 -1
-0.289547 -0.242958 -1
-0.242958 -0.289547 -1
-0.188988 -0.327337 -1
-0.129275 -0.355181 -1
-0.0656349 -0.372234 -1
-0.0656349 0.372234 -0.81363
-0.0656349 0.372234 -0.644203
-0.0656349 0.372234 -0.490179
-0.0656349 0.372234 -0.350157
-0.0656349 0.372234 -0.222864
-0.129275 0.355181 -0.81363
-0.129275 0.355181 -0.644203
-0.129275 0.355181 -0.490179
-0.129275 0.355181 -0.350157
-0.129275 0.355181 -0.222864
-0.188988 0.327337 -0.81363
-0.188988 0.327337 -0.644203
-0.188988 0.327337 -0.490179
-0.188988 0.327337 -0.350157
-0.188988 0.327337 -0.222864
-0.242958 0.289547 -0.81363
-0.242958 0.289547 -0.644203
-0.242958 0.289547 -0.490179
-0.242958 0.289547 -0.350157
-0.242958 0.289547 -0.222864
-0.289547 0.242958 -0.81363
-0.289547 0.242958 -0.644203
-0.289547 0.242958 -0.490179
-0.289547 0.242958 -0.350157
-0.289547 0.242958 -0.222864
-0.327337 0.188988 -0.81363
-0.327337 0.188988 -0.644203
-0.327337 0.188988 -0.490179
-0.327337 0.188988 -0.350157
-0.327337 0.188988 -0.222864
-0.355181 0.129275 -0.81363
-0.355181 0.129275 -0.644203
-0.355181 0.129275 -0.490179
-0.355181 0.129275 -0.350157
-0.355181 0.129275 -0.222864
-0.372234 0.0656349 -0.81363
-0.372234 0.0656349 -0.644203
-0.372234 0.0656349 -0.490179
-0.372234 0.0656349 -0.350157
-0.372234 0.0656349 -0.222864
-0.377976 -2.86367e-15 -0.81363
-0.377976 -2.86367e-15 -0.644203
-0.377976 -2.85266e-15 -0.490179
-0.377976 -2.86367e-15 -0.350157
-0.377976 -2.86367e-15 -0.222864
-0.372234 -0.0656349 -0.81363
-0.372234 -0.0656349 -0.644203
-0.372234 -0.0656349 -0.490179
-0.372234 -0.0656349 -0.350157
-0.372234 -0.0656349 -0.222864
-0.355181 -0.129275 -0.81363
-0.355181 -0.129275 -0.644203
-0.355181 -0.129275 -0.490179
-0.355181 -0.129275 -0.350157
-0.355181 -0.129275 -0.222864
-0.327337 -0.188988 -0.81363
-0.327337 -0.188988 -0.644203
-0.327337 -0.188988 -0.490179
-0.327337 -0.188988 -0.350157
-0.327337 -0.188988 -0.222864
-0.289547 -0.242958 -0.81363
-0.289547 -0.242958 -0.644203
-0.289547 -0.242958 -0.490179
-0.289547 -0.242958 -0.350157
-0.289547 -0.242958 -0.222864
-0.242958 -0.289547 -0.81363
-0.242958 -0.289547 -0.644203
-0.242958 -0.289547 -0.490179
-0.242958 -0.289547 -0.350157
-0.242958 -0.289547 -0.222864
-0.188988 -0.327337 -0.81363
-0.188988 -0.327337 -0.644203
-0.188988 -0.327337 -0.490179
-0.188988 -0.327337 -0.350157
-0.188988 -0.327337 -0.222864
-0.129275 -0.355181 -0.81363
-0.129275 -0.355181 -0.644203
-0.129275 -0.355181 -0.490179
-0.129275 -0.355181 -0.350157
-0.129275 -0.355181 -0.222864
-0.0656349 -0.372234 -0.81363
-0.0656349 -0.372234 -0.644203
-0.0656349 -0.372234 -0.490179
-0.0656349 -0.372234 -0.350157
-0.0656349 -0.372234 -0.222864
-0.0923712 0.523863 -0.222864
-0.181936 0.499864 -0.222864
-0.265972 0.460677 -0.222864
-0.341927 0.407493 -0.222864
-0.407493 0.341927 -0.222864
-0.460677 0.265972 -0.222864
-0.499864 0.181936 -0.222864
-0.523863 0.0923712 -0.222864
-0.531944 5.3267e-15 -0.222864
-0.523863 -0.0923712 -0.222864
-0.499864 -0.181936 -0.222864
-0.460677 -0.265972 -0.222864
-0.407493 -0.341927 -0.222864
-0.341927 -0.407493 -0.222864
-0.265972 -0.460677 -0.222864
-0.181936 -0.499864 -0.222864
-0.0923712 -0.523863 -0.222864
-0.0856871 0.485956 -0.222864
-0.0856871 -0.485956 -0.222864
-0.079003 0.448048 -0.222864
-0.079003 -0.448048 -0.222864
-0.072319 0.410141 -0.222864
-0.072319 -0.410141 -0.222864
-0.142441 0.391352 -0.222864
-0.208234 0.360672 -0.222864
-0.267701 0.319033 -0.222864
-0.319033 0.267701 -0.222864
-0.360672 0.208234 -0.222864
-0.391352 0.142441 -0.222864
-0.410141 0.072319 -0.222864
-0.416468 -1.32858e-15 -0.222864
-0.410141 -0.072319 -0.222864
-0.391352 -0.142441 -0.222864
-0.360672 -0.208234 -0.222864
-0.319033 -0.267701 -0.222864
-0.267701 -0.319033 -0.222864
-0.208234 -0.360672 -0.222864
-0.142441 -0.391352 -0.222864
-0.168771 0.463694 -0.222864
-0.246726 0.427342 -0.222864
-0.317185 0.378006 -0.222864
-0.378006 0.317185 -0.222864
-0.427342 0.246726 -0.222864
-0.463694 0.168771 -0.222864
-0.485956 0.0856871 -0.222864
-0.493452 6.12247e-15 -0.222864
-0.485956 -0.0856871 -0.222864
-0.463694 -0.168771 -0.222864
-0.427342 -0.246726 -0.222864
-0.378006 -0.317185 -0.222864
-0.317185 -0.378006 -0.222864
-0.246726 -0.427342 -0.222864
-0.168771 -0.463694 -0.222864
-0.155606 0.427523 -0.222864
-0.22748 0.394007 -0.222864
-0.292443 0.34852 -0.222864
-0.34852 0.292443 -0.222864
-0.394007 0.22748 -0.222864
-0.427523 0.155606 -0.222864
-0.448048 0.079003 -0.222864
-0.45496 4.84483e-15 -0.222864
-0.448048 -0.079003 -0.222864
-0.427523 -0.155606 -0.222864
-0.394007 -0.22748 -0.222864
-0.34852 -0.292443 -0.222864
-0.292443 -0.34852 -0.222864
-0.22748 -0.394007 -0.222864
-0.155606 -0.427523 -0.222864
-0.0923712 0.523863 -0.350157
-0.181936 0.499864 -0.350157
-0.265972 0.460677 -0.350157
-0.341927 0.407493 -0.350157
-0.407493 0.341927 -0.350157
-0.460677 0.265972 -0.350157
-0.499864 0.181936 -0.350157
-0.523863 0.0923712 -0.350157
-0.531944 5.33221e-15 -0.350157
-0.523863 -0.0923712 -0.350157
-0.499864 -0.181936 -0.350157
-0.460677 -0.265972 -0.350157
-0.407493 -0.341927 -0.350157
-0.341927 -0.407493 -0.350157
-0.265972 -0.460677 -0.350157
-0.181936 -0.499864 -0.350157
-0.0923712 -0.523863 -0.350157
-0.0856871 0.485956 -0.350157
-0.0856871 -0.485956 -0.350157
-0.079003 0.448048 -0.350157
-0.079003 -0.448048 -0.350157
-0.072319 0.410141 -0.350157
-0.072319 -0.410141 -0.350157
-0.142441 0.391352 -0.350157
-0.208234 0.360672 -0.350157
-0.267701 0.319033 -0.350157
-0.319033 0.267701 -0.350157
-0.360672 0.208234 -0.350157
-0.391352 0.142441 -0.350157
-0.410141 0.072319 -0.350157
-0.416468 -1.32445e-15 -0.350157
-0.410141 -0.072319 -0.350157
-0.391352 -0.142441 -0.350157
-0.360672 -0.208234 -0.350157
-0.319033 -0.267701 -0.350157
-0.267701 -0.319033 -0.350157
-0.208234 -0.360672 -0.350157
-0.142441 -0.391352 -0.350157
-0.168771 0.463694 -0.350157
-0.246726 0.427342 -0.350157
-0.317185 0.378006 -0.350157
-0.378006 0.317185 -0.350157
-0.427342 0.246726 -0.350157
-0.463694 0.168771 -0.350157
-0.485956 0.0856871 -0.350157
-0.493452 6.13486e-15 -0.350157
-0.485956 -0.0856871 -0.350157
-0.463694 -0.168771 -0.350157
-0.427342 -0.246726 -0.350157
-0.378006 -0.317185 -0.350157
-0.317185 -0.378006 -0.350157
-0.246726 -0.427342 -0.350157
-0.168771 -0.463694 -0.350157
-0.155606 0.427523 -0.350157
-0.22748 0.394007 -0.350157
-0.292443 0.34852 -0.350157
-0.34852 0.292443 -0.350157
-0.394007 0.22748 -0.350157
-0.427523 0.155606 -0.350157
-0.448048 0.079003 -0.350157
-0.45496 4.82281e-15 -0.350157
-0.448048 -0.079003 -0.350157
-0.427523 -0.155606 -0.350157
-0.394007 -0.22748 -0.350157
-0.34852 -0.292443 -0.350157
-0.292443 -0.34852 -0.350157
-0.22748 -0.394007 -0.350157
-0.155606 -0.427523 -0.350157
-0.0923712 0.523863 -0.490179
-0.181936 0.499864 -0.490179
-0.265972 0.460677 -0.490179
-0.341927 0.407493 -0.490179
-0.407493 0.341927 -0.490179
-0.460677 0.265972 -0.490179
-0.499864 0.181936 -0.490179
-0.523863 0.0923712 -0.490179
-0.531944 5.31707e-15 -0.490179
-0.523863 -0.0923712 -0.490179
-0.499864 -0.181936 -0.490179
-0.460677 -0.265972 -0.490179
-0.407493 -0.341927 -0.490179
-0.341927 -0.407493 -0.490179
-0.265972 -0.460677 -0.490179
-0.181936 -0.499864 -0.490179
-0.0923712 -0.523863 -0.490179
-0.0856871 0.485956 -0.490179
-0.0856871 -0.485956 -0.490179
-0.079003 0.448048 -0.490179
-0.079003 -0.448048 -0.490179
-0.072319 0.410141 -0.490179
-0.072319 -0.410141 -0.490179
-0.142441 0.391352 -0.490179
-0.208234 0.360672 -0.490179
-0.267701 0.319033 -0.490179
-0.319033 0.267701 -0.490179
-0.360672 0.208234 -0.490179
-0.391352 0.142441 -0.490179
-0.410141 0.072319 -0.490179
-0.416468 -1.29141e-15 -0.490179
-0.410141 -0.072319 -0.490179
-0.391352 -0.142441 -0.490179
-0.360672 -0.208234 -0.490179
-0.319033 -0.267701 -0.490179
-0.267701 -0.319033 -0.490179
-0.208234 -0.360672 -0.490179
-0.142441 -0.391352 -0.490179
-0.168771 0.463694 -0.490179
-0.246726 0.427342 -0.490179
-0.317185 0.378006 -0.490179
-0.378006 0.317185 -0.490179
-0.427342 0.246726 -0.490179
-0.463694 0.168771 -0.490179
-0.485956 0.0856871 -0.490179
-0.493452 6.09769e-15 -0.490179
-0.485956 -0.0856871 -0.490179
-0.463694 -0.168771 -0.490179
-0.427342 -0.246726 -0.490179
-0.378006 -0.317185 -0.490179
-0.317185 -0.378006 -0.490179
-0.246726 -0.427342 -0.490179
-0.168771 -0.463694 -0.490179
-0.155606 0.427523 -0.490179
-0.22748 0.394007 -0.490179
-0.292443 0.34852 -0.490179
-0.34852 0.292443 -0.490179
-0.394007 0.22748 -0.490179
-0.427523 0.155606 -0.490179
-0.448048 0.079003 -0.490179
-0.45496 4.77187e-15 -0.490179
-0.448048 -0.079003 -0.490179
-0.427523 -0.155606 -0.490179
-0.394007 -0.22748 -0.490179
-0.34852 -0.292443 -0.490179
-0.292443 -0.34852 -0.490179
-0.22748 -0.394007 -0.490179
-0.155606 -0.427523 -0.490179
-0.0923712 0.523863 -0.644203
-0.181936 0.499864 -0.644203
-0.265972 0.460677 -0.644203
-0.341927 0.407493 -0.644203
-0.407493 0.341927 -0.644203
-0.460677 0.265972 -0.644203
-0.499864 0.181936 -0.644203
-0.523863 0.0923712 -0.644203
-0.531944 5.34047e-15 -0.644203
-0.523863 -0.0923712 -0.644203
-0.499864 -0.181936 -0.644203
-0.460677 -0.265972 -0.644203
-0.407493 -0.341927 -0.644203
-0.341927 -0.407493 -0.644203
-0.265972 -0.460677 -0.644203
-0.181936 -0.499864 -0.644203
-0.0923712 -0.523863 -0.644203
-0.0856871 0.485956 -0.644203
-0.0856871 -0.485956 -0.644203
-0.079003 0.448048 -0.644203
-0.079003 -0.448048 -0.644203
-0.072319 0.410141 -0.644203
-0.072319 -0.410141 -0.644203
-0.142441 0.391352 -0.644203
-0.208234 0.360672 -0.644203
-0.267701 0.319033 -0.644203
-0.319033 0.267701 -0.644203
-0.360672 0.208234 -0.644203
-0.391352 0.142441 -0.644203
-0.410141 0.072319 -0.644203
-0.416468 -1.26662e-15 -0.644203
-0.410141 -0.072319 -0.644203
-0.391352 -0.142441 -0.644203
-0.360672 -0.208234 -0.644203
-0.319033 -0.267701 -0.644203
-0.267701 -0.319033 -0.644203
-0.208234 -0.360672 -0.644203
-0.142441 -0.391352 -0.644203
-0.168771 0.463694 -0.644203
-0.246726 0.427342 -0.644203
-0.317185 0.378006 -0.644203
-0.378006 0.317185 -0.644203
-0.427342 0.246726 -0.644203
-0.463694 0.168771 -0.644203
-0.485956 0.0856871 -0.644203
-0.493452 6.11421e-15 -0.644203
-0.485956 -0.0856871 -0.644203
-0.463694 -0.168771 -0.644203
-0.427342 -0.246726 -0.644203
-0.378006 -0.317185 -0.644203
-0.317185 -0.378006 -0.644203
-0.246726 -0.427342 -0.644203
-0.168771 -0.463694 -0.644203
-0.155606 0.427523 -0.644203
-0.22748 0.394007 -0.644203
-0.292443 0.34852 -0.644203
-0.34852 0.292443 -0.644203
-0.394007 0.22748 -0.644203
-0.427523 0.155606 -0.644203
-0.448048 0.079003 -0.644203
-0.45496 4.76498e-15 -0.644203
-0.448048 -0.079003 -0.644203
-0.427523 -0.155606 -0.644203
-0.394007 -0.22748 -0.644203
-0.34852 -0.292443 -0.644203
-0.292443 -0.34852 -0.644203
-0.22748 -0.394007 -0.644203
-0.155606 -0.427523 -0.644203
-0.0923712 0.523863 -0.81363
-0.181936 0.499864 -0.81363
-0.265972 0.460677 -0.81363
-0.341927 0.407493 -0.81363
-0.407493 0.341927 -0.81363
-0.460677 0.265972 -0.81363
-0.499864 0.181936 -0.81363
-0.523863 0.0923712 -0.81363
-0.531944 5.32395e-15 -0.81363
-0.523863 -0.0923712 -0.81363
-0.499864 -0.181936 -0.81363
-0.460677 -0.265972 -0.81363
-0.407493 -0.341927 -0.81363
-0.341927 -0.407493 -0.81363
-0.265972 -0.460677 -0.81363
-0.181936 -0.499864 -0.81363
-0.0923712 -0.523863 -0.81363
-0.0856871 0.485956 -0.81363
-0.0856871 -0.485956 -0.81363
-0.079003 0.448048 -0.81363
-0.079003 -0.448048 -0.81363
-0.072319 0.410141 -0.81363
-0.072319 -0.410141 -0.81363
-0.142441 0.391352 -0.81363
-0.208234 0.360672 -0.81363
-0.267701 0.319033 -0.81363
-0.319033 0.267701 -0.81363
-0.360672 0.208234 -0.81363
-0.391352 0.142441 -0.81363
-0.410141 0.072319 -0.81363
-0.416468 -1.24322e-15 -0.81363
-0.410141 -0.072319 -0.81363
-0.391352 -0.142441 -0.81363
-0.360672 -0.208234 -0.81363
-0.319033 -0.267701 -0.81363
-0.267701 -0.319033 -0.81363
-0.208234 -0.360672 -0.81363
-0.142441 -0.391352 -0.81363
-0.168771 0.463694 -0.81363
-0.246726 0.427342 -0.81363
-0.317185 0.378006 -0.81363
-0.378006 0.317185 -0.81363
-0.427342 0.246726 -0.81363
-0.463694 0.168771 -0.81363
-0.485956 0.0856871 -0.81363
-0.493452 6.0853e-15 -0.81363
-0.485956 -0.0856871 -0.81363
-0.463694 -0.168771 -0.81363
-0.427342 -0.246726 -0.81363
-0.378006 -0.317185 -0.81363
-0.317185 -0.378006 -0.81363
-0.246726 -0.427342 -0.81363
-0.168771 -0.463694 -0.81363
-0.155606 0.427523 -0.81363
-0.22748 0.394007 -0.81363
-0.292443 0.34852 -0.81363
-0.34852 0.292443 -0.81363
-0.394007 0.22748 -0.81363
-0.427523 0.155606 -0.81363
-0.448048 0.079003 -0.81363
-0.45496 4.71955e-15 -0.81363
-0.448048 -0.079003 -0.81363
-0.427523 -0.155606 -0.81363
-0.394007 -0.22748 -0.81363
-0.34852 -0.292443 -0.81363
-0.292443 -0.34852 -0.81363
-0.22748 -0.394007 -0.81363
-0.155606 -0.427523 -0.81363
-0.0923712 0.523863 -1
-0.181936 0.499864 -1
-0.265972 0.460677 -1
-0.341927 0.407493 -1
-0.407493 0.341927 -1
-0.460677 0.265972 -1
-0.499864 0.181936 -1
-0.523863 0.0923712 -1
-0.531944 5.31431e-15 -1
-0.523863 -0.0923712 -1
-0.499864 -0.181936 -1
-0.460677 -0.265972 -1
-0.407493 -0.341927 -1
-0.341927 -0.407493 -1
-0.265972 -0.460677 -1
-0.181936 -0.499864 -1
-0.0923712 -0.523863 -1
-0.0856871 0.485956 -1
-0.0856871 -0.485956 -1
-0.079003 0.448048 -1
-0.079003 -0.448048 -1
-0.072319 0.410141 -1
-0.072319 -0.410141 -1
-0.142441 0.391352 -1
-0.208234 0.360672 -1
-0.267701 0.319033 -1
-0.319033 0.267701 -1
-0.360672 0.208234 -1
-0.391352 0.142441 -1
-0.410141 0.072319 -1
-0.416468 -1.20742e-15 -1
-0.410141 -0.072319 -1
-0.391352 -0.142441 -1
-0.360672 -0.208234 -1
-0.319033 -0.267701 -1
-0.267701 -0.319033 -1
-0.208234 -0.360672 -1
-0.142441 -0.391352 -1
-0.168771 0.463694 -1
-0.246726 0.427342 -1
-0.317185 0.378006 -1
-0.378006 0.317185 -1
-0.427342 0.246726 -1
-0.463694 0.168771 -1
-0.485956 0.0856871 -1
-0.493452 6.06603e-15 -1
-0.485956 -0.0856871 -1
-0.463694 -0.168771 -1
-0.427342 -0.246726 -1
-0.378006 -0.317185 -1
-0.317185 -0.378006 -1
-0.246726 -0.427342 -1
-0.168771 -0.463694 -1
-0.155606 0.427523 -1
-0.22748 0.394007 -1
-0.292443 0.34852 -1
-0.34852 0.292443 -1
-0.394007 0.22748 -1
-0.427523 0.155606 -1
-0.448048 0.079003 -1
-0.45496 4.69477e-15 -1
-0.448048 -0.079003 -1
-0.427523 -0.155606 -1
-0.394007 -0.22748 -1
-0.34852 -0.292443 -1
-0.292443 -0.34852 -1
-0.22748 -0.394007 -1
-0.155606 -0.427523 -1
CELLS 7472 67248
8 142 705 3172 1828 6565 6689 6999 6965 
8 1828 3172 3173 1827 6965 6999 7000 6967 
8 1827 3173 3174 1826 6967 7000 7001 6969 
8 1826 3174 3175 1825 6969 7001 7002 6971 
8 1825 3175 3176 1824 6971 7002 7003 6973 
8 1824 3176 3177 1823 6973 7003 7004 6975 
8 1823 3177 3178 1822 6975 7004 7005 6977 
8 1822 3178 3179 1821 6977 7005 7006 6979 
8 1821 3179 3180 1820 6979 7006 7007 6981 
8 1820 3180 3181 1819 6981 7007 7008 6983 
8 1819 3181 3182 1818 6983 7008 7009 6985 
8 1818 3182 3183 1817 6985 7009 7010 6987 
8 1817 3183 3184 1816 6987 7010 7011 6989 
8 1816 3184 3185 1815 6989 7011 7012 6991 
8 1815 3185 3186 1814 6991 7012 7013 6993 
8 1814 3186 3187 1813 6993 7013 7014 6995 
8 1813 3187 3188 1812 6995 7014 7015 6997 
8 1812 3188 170 128 6997 7015 6578 6556 
8 705 704 3189 3172 6689 6690 7016 6999 
8 3188 3190 171 170 7015 7017 6577 6578 
8 704 703 3191 3189 6690 6691 7018 7016 
8 3190 3192 172 171 7017 7019 6576 6577 
8 703 702 3193 3191 6691 6692 7020 7018 
8 3192 3194 173 172 7019 7021 6575 6576 
8 702 156 2050 3193 6692 6562 6915 7020 
8 3193 2050 2051 3195 7020 6915 6917 7022 
8 3195 2051 2052 3196 7022 6917 6919 7023 
8 3196 2052 2053 3197 7023 6919 6921 7024 
8 3197 2053 2054 3198 7024 6921 6923 7025 
8 3198 2054 2055 3199 7025 6923 6925 7026 
8 3199 2055 2056 3200 7026 6925 6927 7027 
8 3200 2056 2057 3201 7027 6927 6929 7028 
8 3201 2057 2058 3202 7028 6929 6931 7029 
8 3202 2058 2059 3203 7029 6931 6933 7030 
8 3203 2059 2060 3204 7030 6933 6935 7031 
8 3204 2060 2061 3205 7031 6935 6937 7032 
8 3205 2061 2062 3206 7032 6937 6939 7033 
8 3206 2062 2063 3207 7033 6939 6941 7034 
8 3207 2063 2064 3208 7034 6941 6943 7035 
8 3208 2064 2065 3209 7035 6943 6945 7036 
8 3209 2065 2066 3194 7036 6945 6947 7021 
8 3194 2066 114 173 7021 6947 6560 6575 
8 3172 3189 3210 3173 6999 7016 7037 7000 
8 3173 3210 3211 3174 7000 7037 7038 7001 
8 3174 3211 3212 3175 7001 7038 7039 7002 
8 3175 3212 3213 3176 7002 7039 7040 7003 
8 3176 3213 3214 3177 7003 7040 7041 7004 
8 3177 3214 3215 3178 7004 7041 7042 7005 
8 3178 3215 3216 3179 7005 7042 7043 7006 
8 3179 3216 3217 3180 7006 7043 7044 7007 
8 3180 3217 3218 3181 7007 7044 7045 7008 
8 3181 3218 3219 3182 7008 7045 7046 7009 
8 3182 3219 3220 3183 7009 7046 7047 7010 
8 3183 3220 3221 3184 7010 7047 7048 7011 
8 3184 3221 3222 3185 7011 7048 7049 7012 
8 3185 3222 3223 3186 7012 7049 7050 7013 
8 3186 3223 3224 3187 7013 7050 7051 7014 
8 3187 3224 3190 3188 7014 7051 7017 7015 
8 3189 3191 3225 3210 7016 7018 7052 7037 
8 3210 3225 3226 3211 7037 7052 7053 7038 
8 3211 3226 3227 3212 7038 7053 7054 7039 
8 3212 3227 3228 3213 7039 7054 7055 7040 
8 3213 3228 3229 3214 7040 7055 7056 7041 
8 3214 3229 3230 3215 7041 7056 7057 7042 
8 3215 3230 3231 3216 7042 7057 7058 7043 
8 3216 3231 3232 3217 7043 7058 7059 7044 
8 3217 3232 3233 3218 7044 7059 7060 7045 
8 3218 3233 3234 3219 7045 7060 7061 7046 
8 3219 3234 3235 3220 7046 7061 7062 7047 
8 3220 3235 3236 3221 7047 7062 7063 7048 
8 3221 3236 3237 3222 7048 7063 7064 7049 
8 3222 3237 3238 3223 7049 7064 7065 7050 
8 3223 3238 3239 3224 7050 7065 7066 7051 
8 3224 3239 3192 3190 7051 7066 7019 7017 
8 3191 3193 3195 3225 7018 7020 7022 7052 
8 3225 3195 3196 3226 7052 7022 7023 7053 
8 3226 3196 3197 3227 7053 7023 7024 7054 
8 3227 3197 3198 3228 7054 7024 7025 7055 
8 3228 3198 3199 3229 7055 7025 7026 7056 
8 3229 3199 3200 3230 7056 7026 7027 7057 
8 3230 3200 3201 3231 7057 7027 7028 7058 
8 3231 3201 3202 3232 7058 7028 7029 7059 
8 3232 3202 3203 3233 7059 7029 7030 7060 
8 3233 3203 3204 3234 7060 7030 7031 7061 
8 3234 3204 3205 3235 7061 7031 7032 7062 
8 3235 3205 3206 3236 7062 7032 7033 7063 
8 3236 3206 3207 3237 7063 7033 7034 7064 
8 3237 3207 3208 3238 7064 7034 7035 7065 
8 3238 3208 3209 3239 7065 7035 7036 7066 
8 3239 3209 3194 3192 7066 7036 7021 7019 
8 6565 6689 6999 6965 6566 6685 7067 6966 
8 6965 6999 7000 6967 6966 7067 7068 6968 
8 6967 7000 7001 6969 6968 7068 7069 6970 
8 6969 7001 7002 6971 6970 7069 7070 6972 
8 6971 7002 7003 6973 6972 7070 7071 6974 
8 6973 7003 7004 6975 6974 7071 7072 6976 
8 6975 7004 7005 6977 6976 7072 7073 6978 
8 6977 7005 7006 6979 6978 7073 7074 6980 
8 6979 7006 7007 6981 6980 7074 7075 6982 
8 6981 7007 7008 6983 6982 7075 7076 6984 
8 6983 7008 7009 6985 6984 7076 7077 6986 
8 6985 7009 7010 6987 6986 7077 7078 6988 
8 6987 7010 7011 6989 6988 7078 7079 6990 
8 6989 7011 7012 6991 6990 7079 7080 6992 
8 6991 7012 7013 6993 6992 7080 7081 6994 
8 6993 7013 7014 6995 6994 7081 7082 6996 
8 6995 7014 7015 6997 6996 7082 7083 6998 
8 6997 7015 6578 6556 6998 7083 6574 6557 
8 6689 6690 7016 6999 6685 6686 7084 7067 
8 7015 7017 6577 6578 7083 7085 6573 6574 
8 6690 6691 7018 7016 6686 6687 7086 7084 
8 7017 7019 6576 6577 7085 7087 6572 6573 
8 6691 6692 7020 7018 6687 6688 7088 7086 
8 7019 7021 6575 6576 7087 7089 6571 6572 
8 6692 6562 6915 7020 6688 6563 6914 7088 
8 7020 6915 6917 7022 7088 6914 6916 7090 
8 7022 6917 6919 7023 7090 6916 6918 7091 
8 7023 6919 6921 7024 7091 6918 6920 7092 
8 7024 6921 6923 7025 7092 6920 6922 7093 
8 7025 6923 6925 7026 7093 6922 6924 7094 
8 7026 6925 6927 7027 7094 6924 6926 7095 
8 7027 6927 6929 7028 7095 6926 6928 7096 
8 7028 6929 6931 7029 7096 6928 6930 7097 
8 7029 6931 6933 7030 7097 6930 6932 7098 
8 7030 6933 6935 7031 7098 6932 6934 7099 
8 7031 6935 6937 7032 7099 6934 6936 7100 
8 7032 6937 6939 7033 7100 6936 6938 7101 
8 7033 6939 6941 7034 7101 6938 6940 7102 
8 7034 6941 6943 7035 7102 6940 6942 7103 
8 7035 6943 6945 7036 7103 6942 6944 7104 
8 7036 6945 6947 7021 7104 6944 6946 7089 
8 7021 6947 6560 6575 7089 6946 6559 6571 
8 6999 7016 7037 7000 7067 7084 7105 7068 
8 7000 7037 7038 7001 7068 7105 7106 7069 
8 7001 7038 7039 7002 7069 7106 7107 7070 
8 7002 7039 7040 7003 7070 7107 7108 7071 
8 7003 7040 7041 7004 7071 7108 7109 7072 
8 7004 7041 7042 7005 7072 7109 7110 7073 
8 7005 7042 7043 7006 7073 7110 7111 7074 
8 7006 7043 7044 7007 7074 7111 7112 7075 
8 7007 7044 7045 7008 7075 7112 7113 7076 
8 7008 7045 7046 7009 7076 7113 7114 7077 
8 7009 7046 7047 7010 7077 7114 7115 7078 
8 7010 7047 7048 7011 7078 7115 7116 7079 
8 7011 7048 7049 7012 7079 7116 7117 7080 
8 7012 7049 7050 7013 7080 7117 7118 7081 
8 7013 7050 7051 7014 7081 7118 7119 7082 
8 7014 7051 7017 7015 7082 7119 7085 7083 
8 7016 7018 7052 7037 7084 7086 7120 7105 
8 7037 7052 7053 7038 7105 7120 7121 7106 
8 7038 7053 7054 7039 7106 7121 7122 7107 
8 7039 7054 7055 7040 7107 7122 7123 7108 
8 7040 7055 7056 7041 7108 7123 7124 7109 
8 7041 7056 7057 7042 7109 7124 7125 7110 
8 7042 7057 7058 7043 7110 7125 7126 7111 
8 7043 7058 7059 7044 7111 7126 7127 7112 
8 7044 7059 7060 7045 7112 7127 7128 7113 
8 7045 7060 7061 7046 7113 7128 7129 7114 
8 7046 7061 7062 7047 7114 7129 7130 7115 
8 7047 7062 7063 7048 7115 7130 7131 7116 
8 7048 7063 7064 7049 7116 7131 7132 7117 
8 7049 7064 7065 7050 7117 7132 7133 7118 
8 7050 7065 7066 7051 7118 7133 7134 7119 
8 7051 7066 7019 7017 7119 7134 7087 7085 
8 7018 7020 7022 7052 7086 7088 7090 7120 
8 7052 7022 7023 7053 7120 7090 7091 7121 
8 7053 7023 7024 7054 7121 7091 7092 7122 
8 7054 7024 7025 7055 7122 7092 7093 7123 
8 7055 7025 7026 7056 7123 7093 7094 7124 
8 7056 7026 7027 7057 7124 7094 7095 7125 
8 7057 7027 7028 7058 7125 7095 7096 7126 
8 7058 7028 7029 7059 7126 7096 7097 7127 
8 7059 7029 7030 7060 7127 7097 7098 7128 
8 7060 7030 7031 7061 7128 7098 7099 7129 
8 7061 7031 7032 7062 7129 7099 7100 7130 
8 7062 7032 7033 7063 7130 7100 7101 7131 
8 7063 7033 7034 7064 7131 7101 7102 7132 
8 7064 7034 7035 7065 7132 7102 7103 7133 
8 7065 7035 7036 7066 7133 7103 7104 7134 
8 7066 7036 7021 7019 7134 7104 7089 7087 
8 6566 6685 7067 6966 6564 6684 7135 6964 
8 6966 7067 7068 6968 6964 7135 7136 6963 
8 6968 7068 7069 6970 6963 7136 7137 6962 
8 6970 7069 7070 6972 6962 7137 7138 6961 
8 6972 7070 7071 6974 6961 7138 7139 6960 
8 6974 7071 7072 6976 6960 7139 7140 6959 
8 6976 7072 7073 6978 6959 7140 7141 6958 
8 6978 7073 7074 6980 6958 7141 7142 6957 
8 6980 7074 7075 6982 6957 7142 7143 6956 
8 6982 7075 7076 6984 6956 7143 7144 6955 
8 6984 7076 7077 6986 6955 7144 7145 6954 
8 6986 7077 7078 6988 6954 7145 7146 6953 
8 6988 7078 7079 6990 6953 7146 7147 6952 
8 6990 7079 7080 6992 6952 7147 7148 6951 
8 6992 7080 7081 6994 6951 7148 7149 6950 
8 6994 7081 7082 6996 6950 7149 7150 6949 
8 6996 7082 7083 6998 6949 7150 7151 6948 
8 6998 7083 6574 6557 6948 7151 6567 6555 
8 6685 6686 7084 7067 6684 6683 7152 7135 
8 7083 7085 6573 6574 7151 7153 6568 6567 
8 6686 6687 7086 7084 6683 6682 7154 7152 
8 7085 7087 6572 6573 7153 7155 6569 6568 
8 6687 6688 7088 7086 6682 6681 7156 7154 
8 7087 7089 6571 6572 7155 7157 6570 6569 
8 6688 6563 6914 7088 6681 6561 6897 7156 
8 7088 6914 6916 7090 7156 6897 6898 7158 
8 7090 6916 6918 7091 7158 6898 6899 7159 
8 7091 6918 6920 7092 7159 6899 6900 7160 
8 7092 6920 6922 7093 7160 6900 6901 7161 
8 7093 6922 6924 7094 7161 6901 6902 7162 
8 7094 6924 6926 7095 7162 6902 6903 7163 
8 7095 6926 6928 7096 7163 6903 6904 7164 
8 7096 6928 6930 7097 7164 6904 6905 7165 
8 7097 6930 6932 7098 7165 6905 6906 7166 
8 7098 6932 6934 7099 7166 6906 6907 7167 
8 7099 6934 6936 7100 7167 6907 6908 7168 
8 7100 6936 6938 7101 7168 6908 6909 7169 
8 7101 6938 6940 7102 7169 6909 6910 7170 
8 7102 6940 6942 7103 7170 6910 6911 7171 
8 7103 6942 6944 7104 7171 6911 6912 7172 
8 7104 6944 6946 7089 7172 6912 6913 7157 
8 7089 6946 6559 6571 7157 6913 6558 6570 
8 7067 7084 7105 7068 7135 7152 7173 7136 
8 7068 7105 7106 7069 7136 7173 7174 7137 
8 7069 7106 7107 7070 7137 7174 7175 7138 
8 7070 7107 7108 7071 7138 7175 7176 7139 
8 7071 7108 7109 7072 7139 7176 7177 7140 
8 7072 7109 7110 7073 7140 7177 7178 7141 
8 7073 7110 7111 7074 7141 7178 7179 7142 
8 7074 7111 7112 7075 7142 7179 7180 7143 
8 7075 7112 7113 7076 7143 7180 7181 7144 
8 7076 7113 7114 7077 7144 7181 7182 7145 
8 7077 7114 7115 7078 7145 7182 7183 7146 
8 7078 7115 7116 7079 7146 7183 7184 7147 
8 7079 7116 7117 7080 7147 7184 7185 7148 
8 7080 7117 7118 7081 7148 7185 7186 7149 
8 7081 7118 7119 7082 7149 7186 7187 7150 
8 7082 7119 7085 7083 7150 7187 7153 7151 
8 7084 7086 7120 7105 7152 7154 7188 7173 
8 7105 7120 7121 7106 7173 7188 7189 7174 
8 7106 7121 7122 7107 7174 7189 7190 7175 
8 7107 7122 7123 7108 7175 7190 7191 7176 
8 7108 7123 7124 7109 7176 7191 7192 7177 
8 7109 7124 7125 7110 7177 7192 7193 7178 
8 7110 7125 7126 7111 7178 7193 7194 7179 
8 7111 7126 7127 7112 7179 7194 7195 7180 
8 7112 7127 7128 7113 7180 7195 7196 7181 
8 7113 7128 7129 7114 7181 7196 7197 7182 
8 7114 7129 7130 7115 7182 7197 7198 7183 
8 7115 7130 7131 7116 7183 7198 7199 7184 
8 7116 7131 7132 7117 7184 7199 7200 7185 
8 7117 7132 7133 7118 7185 7200 7201 7186 
8 7118 7133 7134 7119 7186 7201 7202 7187 
8 7119 7134 7087 7085 7187 7202 7155 7153 
8 7086 7088 7090 7120 7154 7156 7158 7188 
8 7120 7090 7091 7121 7188 7158 7159 7189 
8 7121 7091 7092 7122 7189 7159 7160 7190 
8 7122 7092 7093 7123 7190 7160 7161 7191 
8 7123 7093 7094 7124 7191 7161 7162 7192 
8 7124 7094 7095 7125 7192 7162 7163 7193 
8 7125 7095 7096 7126 7193 7163 7164 7194 
8 7126 7096 7097 7127 7194 7164 7165 7195 
8 7127 7097 7098 7128 7195 7165 7166 7196 
8 7128 7098 7099 7129 7196 7166 7167 7197 
8 7129 7099 7100 7130 7197 7167 7168 7198 
8 7130 7100 7101 7131 7198 7168 7169 7199 
8 7131 7101 7102 7132 7199 7169 7170 7200 
8 7132 7102 7103 7133 7200 7170 7171 7201 
8 7133 7103 7104 7134 7201 7171 7172 7202 
8 7134 7104 7089 7087 7202 7172 7157 7155 
8 4112 3271 0 1710 4384 3380 127 2067 
8 4113 3270 3271 4112 4385 3379 3380 4384 
8 4111 3255 3270 4113 4371 3257 3379 4385 
8 4114 4112 1710 1711 4386 4384 2067 2080 
8 4110 4111 4113 4115 4358 4371 4385 4387 
8 4116 4114 1711 1712 4388 4386 2080 2093 
8 4109 4110 4115 4117 4345 4358 4387 4389 
8 4118 4116 1712 1713 4390 4388 2093 2106 
8 4108 4109 4117 4119 4332 4345 4389 4391 
8 4120 4118 1713 1714 4392 4390 2106 2119 
8 4107 4108 4119 4121 4319 4332 4391 4393 
8 4122 4120 1714 1715 4394 4392 2119 2132 
8 4106 4107 4121 4123 4306 4319 4393 4395 
8 4124 4122 1715 1716 4396 4394 2132 2145 
8 4105 4106 4123 4125 4293 4306 4395 4397 
8 4126 4124 1716 1717 4398 4396 2145 2158 
8 4104 4105 4125 4127 4280 4293 4397 4399 
8 4128 4126 1717 1718 4400 4398 2158 2171 
8 4103 4104 4127 4129 4267 4280 4399 4401 
8 4130 4128 1718 1719 4402 4400 2171 2184 
8 4102 4103 4129 4131 4254 4267 4401 4403 
8 4132 4130 1719 1720 4404 4402 2184 2197 
8 4101 4102 4131 4133 4241 4254 4403 4405 
8 4134 4132 1720 1721 4406 4404 2197 2210 
8 4100 4101 4133 4135 4228 4241 4405 4407 
8 4136 4134 1721 1722 4408 4406 2210 2223 
8 4099 4100 4135 4137 4215 4228 4407 4409 
8 4138 4136 1722 1723 4410 4408 2223 2236 
8 4098 4099 4137 4139 4202 4215 4409 4411 
8 4140 4138 1723 1724 4412 4410 2236 2249 
8 4097 4098 4139 4141 4189 4202 4411 4413 
8 4142 4140 1724 1725 4414 4412 2249 2262 
8 4096 4097 4141 4143 4176 4189 4413 4415 
8 4144 4142 1725 1726 4416 4414 2262 2275 
8 4095 4096 4143 4145 4163 4176 4415 4417 
8 3272 4144 1726 24 3351 4416 2275 157 
8 3273 4145 4144 3272 3352 4417 4416 3351 
8 3241 4095 4145 3273 3254 4163 4417 3352 
8 4115 4113 4112 4114 4387 4385 4384 4386 
8 4117 4115 4114 4116 4389 4387 4386 4388 
8 4119 4117 4116 4118 4391 4389 4388 4390 
8 4121 4119 4118 4120 4393 4391 4390 4392 
8 4123 4121 4120 4122 4395 4393 4392 4394 
8 4125 4123 4122 4124 4397 4395 4394 4396 
8 4127 4125 4124 4126 4399 4397 4396 4398 
8 4129 4127 4126 4128 4401 4399 4398 4400 
8 4131 4129 4128 4130 4403 4401 4400 4402 
8 4133 4131 4130 4132 4405 4403 4402 4404 
8 4135 4133 4132 4134 4407 4405 4404 4406 
8 4137 4135 4134 4136 4409 4407 4406 4408 
8 4139 4137 4136 4138 4411 4409 4408 4410 
8 4141 4139 4138 4140 4413 4411 4410 4412 
8 4143 4141 4140 4142 4415 4413 4412 4414 
8 4145 4143 4142 4144 4417 4415 4414 4416 
8 127 2067 4384 3380 126 2068 4418 3378 
8 3380 4384 4385 3379 3378 4418 4419 3377 
8 3379 4385 4371 3257 3377 4419 4372 3258 
8 2067 2080 4386 4384 2068 2081 4420 4418 
8 4385 4387 4358 4371 4419 4421 4359 4372 
8 2080 2093 4388 4386 2081 2094 4422 4420 
8 4387 4389 4345 4358 4421 4423 4346 4359 
8 2093 2106 4390 4388 2094 2107 4424 4422 
8 4389 4391 4332 4345 4423 4425 4333 4346 
8 2106 2119 4392 4390 2107 2120 4426 4424 
8 4391 4393 4319 4332 4425 4427 4320 4333 
8 2119 2132 4394 4392 2120 2133 4428 4426 
8 4393 4395 4306 4319 4427 4429 4307 4320 
8 2132 2145 4396 4394 2133 2146 4430 4428 
8 4395 4397 4293 4306 4429 4431 4294 4307 
8 2145 2158 4398 4396 2146 2159 4432 4430 
8 4397 4399 4280 4293 4431 4433 4281 4294 
8 2158 2171 4400 4398 2159 2172 4434 4432 
8 4399 4401 4267 4280 4433 4435 4268 4281 
8 2171 2184 4402 4400 2172 2185 4436 4434 
8 4401 4403 4254 4267 4435 4437 4255 4268 
8 2184 2197 4404 4402 2185 2198 4438 4436 
8 4403 4405 4241 4254 4437 4439 4242 4255 
8 2197 2210 4406 4404 2198 2211 4440 4438 
8 4405 4407 4228 4241 4439 4441 4229 4242 
8 2210 2223 4408 4406 2211 2224 4442 4440 
8 4407 4409 4215 4228 4441 4443 4216 4229 
8 2223 2236 4410 4408 2224 2237 4444 4442 
8 4409 4411 4202 4215 4443 4445 4203 4216 
8 2236 2249 4412 4410 2237 2250 4446 4444 
8 4411 4413 4189 4202 4445 4447 4190 4203 
8 2249 2262 4414 4412 2250 2263 4448 4446 
8 4413 4415 4176 4189 4447 4449 4177 4190 
8 2262 2275 4416 4414 2263 2276 4450 4448 
8 4415 4417 4163 4176 4449 4451 4164 4177 
8 2275 157 3351 4416 2276 158 3349 4450 
8 4416 3351 3352 4417 4450 3349 3350 4451 
8 4417 3352 3254 4163 4451 3350 3253 4164 
8 4384 4386 4387 4385 4418 4420 4421 4419 
8 4386 4388 4389 4387 4420 4422 4423 4421 
8 4388 4390 4391 4389 4422 4424 4425 4423 
8 4390 4392 4393 4391 4424 4426 4427 4425 
8 4392 4394 4395 4393 4426 4428 4429 4427 
8 4394 4396 4397 4395 4428 4430 4431 4429 
8 4396 4398 4399 4397 4430 4432 4433 4431 
8 4398 4400 4401 4399 4432 4434 4435 4433 
8 4400 4402 4403 4401 4434 4436 4437 4435 
8 4402 4404 4405 4403 4436 4438 4439 4437 
8 4404 4406 4407 4405 4438 4440 4441 4439 
8 4406 4408 4409 4407 4440 4442 4443 4441 
8 4408 4410 4411 4409 4442 4444 4445 4443 
8 4410 4412 4413 4411 4444 4446 4447 4445 
8 4412 4414 4415 4413 4446 4448 4449 4447 
8 4414 4416 4417 4415 4448 4450 4451 4449 
8 126 2068 4418 3378 125 2069 4452 3376 
8 3378 4418 4419 3377 3376 4452 4453 3375 
8 3377 4419 4372 3258 3375 4453 4373 3259 
8 2068 2081 4420 4418 2069 2082 4454 4452 
8 4419 4421 4359 4372 4453 4455 4360 4373 
8 2081 2094 4422 4420 2082 2095 4456 4454 
8 4421 4423 4346 4359 4455 4457 4347 4360 
8 2094 2107 4424 4422 2095 2108 4458 4456 
8 4423 4425 4333 4346 4457 4459 4334 4347 
8 2107 2120 4426 4424 2108 2121 4460 4458 
8 4425 4427 4320 4333 4459 4461 4321 4334 
8 2120 2133 4428 4426 2121 2134 4462 4460 
8 4427 4429 4307 4320 4461 4463 4308 4321 
8 2133 2146 4430 4428 2134 2147 4464 4462 
8 4429 4431 4294 4307 4463 4465 4295 4308 
8 2146 2159 4432 4430 2147 2160 4466 4464 
8 4431 4433 4281 4294 4465 4467 4282 4295 
8 2159 2172 4434 4432 2160 2173 4468 4466 
8 4433 4435 4268 4281 4467 4469 4269 4282 
8 2172 2185 4436 4434 2173 2186 4470 4468 
8 4435 4437 4255 4268 4469 4471 4256 4269 
8 2185 2198 4438 4436 2186 2199 4472 4470 
8 4437 4439 4242 4255 4471 4473 4243 4256 
8 2198 2211 4440 4438 2199 2212 4474 4472 
8 4439 4441 4229 4242 4473 4475 4230 4243 
8 2211 2224 4442 4440 2212 2225 4476 4474 
8 4441 4443 4216 4229 4475 4477 4217 4230 
8 2224 2237 4444 4442 2225 2238 4478 4476 
8 4443 4445 4203 4216 4477 4479 4204 4217 
8 2237 2250 4446 4444 2238 2251 4480 4478 
8 4445 4447 4190 4203 4479 4481 4191 4204 
8 2250 2263 4448 4446 2251 2264 4482 4480 
8 4447 4449 4177 4190 4481 4483 4178 4191 
8 2263 2276 4450 4448 2264 2277 4484 4482 
8 4449 4451 4164 4177 4483 4485 4165 4178 
8 2276 158 3349 4450 2277 159 3347 4484 
8 4450 3349 3350 4451 4484 3347 3348 4485 
8 4451 3350 3253 4164 4485 3348 3252 4165 
8 4418 4420 4421 4419 4452 4454 4455 4453 
8 4420 4422 4423 4421 4454 4456 4457 4455 
8 4422 4424 4425 4423 4456 4458 4459 4457 
8 4424 4426 4427 4425 4458 4460 4461 4459 
8 4426 4428 4429 4427 4460 4462 4463 4461 
8 4428 4430 4431 4429 4462 4464 4465 4463 
8 4430 4432 4433 4431 4464 4466 4467 4465 
8 4432 4434 4435 4433 4466 4468 4469 4467 
8 4434 4436 4437 4435 4468 4470 4471 4469 
8 4436 4438 4439 4437 4470 4472 4473 4471 
8 4438 4440 4441 4439 4472 4474 4475 4473 
8 4440 4442 4443 4441 4474 4476 4477 4475 
8 4442 4444 4445 4443 4476 4478 4479 4477 
8 4444 4446 4447 4445 4478 4480 4481 4479 
8 4446 4448 4449 4447 4480 4482 4483 4481 
8 4448 4450 4451 4449 4482 4484 4485 4483 
8 125 2069 4452 3376 124 2070 4486 3374 
8 3376 4452 4453 3375 3374 4486 4487 3373 
8 3375 4453 4373 3259 3373 4487 4374 3260 
8 2069 2082 4454 4452 2070 2083 4488 4486 
8 4453 4455 4360 4373 4487 4489 4361 4374 
8 2082 2095 4456 4454 2083 2096 4490 4488 
8 4455 4457 4347 4360 4489 4491 4348 4361 
8 2095 2108 4458 4456 2096 2109 4492 4490 
8 4457 4459 4334 4347 4491 4493 4335 4348 
8 2108 2121 4460 4458 2109 2122 4494 4492 
8 4459 4461 4321 4334 4493 4495 4322 4335 
8 2121 2134 4462 4460 2122 2135 4496 4494 
8 4461 4463 4308 4321 4495 4497 4309 4322 
8 2134 2147 4464 4462 2135 2148 4498 4496 
8 4463 4465 4295 4308 4497 4499 4296 4309 
8 2147 2160 4466 4464 2148 2161 4500 4498 
8 4465 4467 4282 4295 4499 4501 4283 4296 
8 2160 2173 4468 4466 2161 2174 4502 4500 
8 4467 4469 4269 4282 4501 4503 4270 4283 
8 2173 2186 4470 4468 2174 2187 4504 4502 
8 4469 4471 4256 4269 4503 4505 4257 4270 
8 2186 2199 4472 4470 2187 2200 4506 4504 
8 4471 4473 4243 4256 4505 4507 4244 4257 
8 2199 2212 4474 4472 2200 2213 4508 4506 
8 4473 4475 4230 4243 4507 4509 4231 4244 
8 2212 2225 4476 4474 2213 2226 4510 4508 
8 4475 4477 4217 4230 4509 4511 4218 4231 
8 2225 2238 4478 4476 2226 2239 4512 4510 
8 4477 4479 4204 4217 4511 4513 4205 4218 
8 2238 2251 4480 4478 2239 2252 4514 4512 
8 4479 4481 4191 4204 4513 4515 4192 4205 
8 2251 2264 4482 4480 2252 2265 4516 4514 
8 4481 4483 4178 4191 4515 4517 4179 4192 
8 2264 2277 4484 4482 2265 2278 4518 4516 
8 4483 4485 4165 4178 4517 4519 4166 4179 
8 2277 159 3347 4484 2278 160 3345 4518 
8 4484 3347 3348 4485 4518 3345 3346 4519 
8 4485 3348 3252 4165 4519 3346 3251 4166 
8 4452 4454 4455 4453 4486 4488 4489 4487 
8 4454 4456 4457 4455 4488 4490 4491 4489 
8 4456 4458 4459 4457 4490 4492 4493 4491 
8 4458 4460 4461 4459 4492 4494 4495 4493 
8 4460 4462 4463 4461 4494 4496 4497 4495 
8 4462 4464 4465 4463 4496 4498 4499 4497 
8 4464 4466 4467 4465 4498 4500 4501 4499 
8 4466 4468 4469 4467 4500 4502 4503 4501 
8 4468 4470 4471 4469 4502 4504 4505 4503 
8 4470 4472 4473 4471 4504 4506 4507 4505 
8 4472 4474 4475 4473 4506 4508 4509 4507 
8 4474 4476 4477 4475 4508 4510 4511 4509 
8 4476 4478 4479 4477 4510 4512 4513 4511 
8 4478 4480 4481 4479 4512 4514 4515 4513 
8 4480 4482 4483 4481 4514 4516 4517 4515 
8 4482 4484 4485 4483 4516 4518 4519 4517 
8 124 2070 4486 3374 123 2071 4520 3372 
8 3374 4486 4487 3373 3372 4520 4521 3371 
8 3373 4487 4374 3260 3371 4521 4375 3261 
8 2070 2083 4488 4486 2071 2084 4522 4520 
8 4487 4489 4361 4374 4521 4523 4362 4375 
8 2083 2096 4490 4488 2084 2097 4524 4522 
8 4489 4491 4348 4361 4523 4525 4349 4362 
8 2096 2109 4492 4490 2097 2110 4526 4524 
8 4491 4493 4335 4348 4525 4527 4336 4349 
8 2109 2122 4494 4492 2110 2123 4528 4526 
8 4493 4495 4322 4335 4527 4529 4323 4336 
8 2122 2135 4496 4494 2123 2136 4530 4528 
8 4495 4497 4309 4322 4529 4531 4310 4323 
8 2135 2148 4498 4496 2136 2149 4532 4530 
8 4497 4499 4296 4309 4531 4533 4297 4310 
8 2148 2161 4500 4498 2149 2162 4534 4532 
8 4499 4501 4283 4296 4533 4535 4284 4297 
8 2161 2174 4502 4500 2162 2175 4536 4534 
8 4501 4503 4270 4283 4535 4537 4271 4284 
8 2174 2187 4504 4502 2175 2188 4538 4536 
8 4503 4505 4257 4270 4537 4539 4258 4271 
8 2187 2200 4506 4504 2188 2201 4540 4538 
8 4505 4507 4244 4257 4539 4541 4245 4258 
8 2200 2213 4508 4506 2201 2214 4542 4540 
8 4507 4509 4231 4244 4541 4543 4232 4245 
8 2213 2226 4510 4508 2214 2227 4544 4542 
8 4509 4511 4218 4231 4543 4545 4219 4232 
8 2226 2239 4512 4510 2227 2240 4546 4544 
8 4511 4513 4205 4218 4545 4547 4206 4219 
8 2239 2252 4514 4512 2240 2253 4548 4546 
8 4513 4515 4192 4205 4547 4549 4193 4206 
8 2252 2265 4516 4514 2253 2266 4550 4548 
8 4515 4517 4179 4192 4549 4551 4180 4193 
8 2265 2278 4518 4516 2266 2279 4552 4550 
8 4517 4519 4166 4179 4551 4553 4167 4180 
8 2278 160 3345 4518 2279 161 3343 4552 
8 4518 3345 3346 4519 4552 3343 3344 4553 
8 4519 3346 3251 4166 4553 3344 3250 4167 
8 4486 4488 4489 4487 4520 4522 4523 4521 
8 4488 4490 4491 4489 4522 4524 4525 4523 
8 4490 4492 4493 4491 4524 4526 4527 4525 
8 4492 4494 4495 4493 4526 4528 4529 4527 
8 4494 4496 4497 4495 4528 4530 4531 4529 
8 4496 4498 4499 4497 4530 4532 4533 4531 
8 4498 4500 4501 4499 4532 4534 4535 4533 
8 4500 4502 4503 4501 4534 4536 4537 4535 
8 4502 4504 4505 4503 4536 4538 4539 4537 
8 4504 4506 4507 4505 4538 4540 4541 4539 
8 4506 4508 4509 4507 4540 4542 4543 4541 
8 4508 4510 4511 4509 4542 4544 4545 4543 
8 4510 4512 4513 4511 4544 4546 4547 4545 
8 4512 4514 4515 4513 4546 4548 4549 4547 
8 4514 4516 4517 4515 4548 4550 4551 4549 
8 4516 4518 4519 4517 4550 4552 4553 4551 
8 123 2071 4520 3372 122 2072 4554 3370 
8 3372 4520 4521 3371 3370 4554 4555 3369 
8 3371 4521 4375 3261 3369 4555 4376 3262 
8 2071 2084 4522 4520 2072 2085 4556 4554 
8 4521 4523 4362 4375 4555 4557 4363 4376 
8 2084 2097 4524 4522 2085 2098 4558 4556 
8 4523 4525 4349 4362 4557 4559 4350 4363 
8 2097 2110 4526 4524 2098 2111 4560 4558 
8 4525 4527 4336 4349 4559 4561 4337 4350 
8 2110 2123 4528 4526 2111 2124 4562 4560 
8 4527 4529 4323 4336 4561 4563 4324 4337 
8 2123 2136 4530 4528 2124 2137 4564 4562 
8 4529 4531 4310 4323 4563 4565 4311 4324 
8 2136 2149 4532 4530 2137 2150 4566 4564 
8 4531 4533 4297 4310 4565 4567 4298 4311 
8 2149 2162 4534 4532 2150 2163 4568 4566 
8 4533 4535 4284 4297 4567 4569 4285 4298 
8 2162 2175 4536 4534 2163 2176 4570 4568 
8 4535 4537 4271 4284 4569 4571 4272 4285 
8 2175 2188 4538 4536 2176 2189 4572 4570 
8 4537 4539 4258 4271 4571 4573 4259 4272 
8 2188 2201 4540 4538 2189 2202 4574 4572 
8 4539 4541 4245 4258 4573 4575 4246 4259 
8 2201 2214 4542 4540 2202 2215 4576 4574 
8 4541 4543 4232 4245 4575 4577 4233 4246 
8 2214 2227 4544 4542 2215 2228 4578 4576 
8 4543 4545 4219 4232 4577 4579 4220 4233 
8 2227 2240 4546 4544 2228 2241 4580 4578 
8 4545 4547 4206 4219 4579 4581 4207 4220 
8 2240 2253 4548 4546 2241 2254 4582 4580 
8 4547 4549 4193 4206 4581 4583 4194 4207 
8 2253 2266 4550 4548 2254 2267 4584 4582 
8 4549 4551 4180 4193 4583 4585 4181 4194 
8 2266 2279 4552 4550 2267 2280 4586 4584 
8 4551 4553 4167 4180 4585 4587 4168 4181 
8 2279 161 3343 4552 2280 162 3341 4586 
8 4552 3343 3344 4553 4586 3341 3342 4587 
8 4553 3344 3250 4167 4587 3342 3249 4168 
8 4520 4522 4523 4521 4554 4556 4557 4555 
8 4522 4524 4525 4523 4556 4558 4559 4557 
8 4524 4526 4527 4525 4558 4560 4561 4559 
8 4526 4528 4529 4527 4560 4562 4563 4561 
8 4528 4530 4531 4529 4562 4564 4565 4563 
8 4530 4532 4533 4531 4564 4566 4567 4565 
8 4532 4534 4535 4533 4566 4568 4569 4567 
8 4534 4536 4537 4535 4568 4570 4571 4569 
8 4536 4538 4539 4537 4570 4572 4573 4571 
8 4538 4540 4541 4539 4572 4574 4575 4573 
8 4540 4542 4543 4541 4574 4576 4577 4575 
8 4542 4544 4545 4543 4576 4578 4579 4577 
8 4544 4546 4547 4545 4578 4580 4581 4579 
8 4546 4548 4549 4547 4580 4582 4583 4581 
8 4548 4550 4551 4549 4582 4584 4585 4583 
8 4550 4552 4553 4551 4584 4586 4587 4585 
8 122 2072 4554 3370 121 2073 4588 3368 
8 3370 4554 4555 3369 3368 4588 4589 3367 
8 3369 4555 4376 3262 3367 4589 4377 3263 
8 2072 2085 4556 4554 2073 2086 4590 4588 
8 4555 4557 4363 4376 4589 4591 4364 4377 
8 2085 2098 4558 4556 2086 2099 4592 4590 
8 4557 4559 4350 4363 4591 4593 4351 4364 
8 2098 2111 4560 4558 2099 2112 4594 4592 
8 4559 4561 4337 4350 4593 4595 4338 4351 
8 2111 2124 4562 4560 2112 2125 4596 4594 
8 4561 4563 4324 4337 4595 4597 4325 4338 
8 2124 2137 4564 4562 2125 2138 4598 4596 
8 4563 4565 4311 4324 4597 4599 4312 4325 
8 2137 2150 4566 4564 2138 2151 4600 4598 
8 4565 4567 4298 4311 4599 4601 4299 4312 
8 2150 2163 4568 4566 2151 2164 4602 4600 
8 4567 4569 4285 4298 4601 4603 4286 4299 
8 2163 2176 4570 4568 2164 2177 4604 4602 
8 4569 4571 4272 4285 4603 4605 4273 4286 
8 2176 2189 4572 4570 2177 2190 4606 4604 
8 4571 4573 4259 4272 4605 4607 4260 4273 
8 2189 2202 4574 4572 2190 2203 4608 4606 
8 4573 4575 4246 4259 4607 4609 4247 4260 
8 2202 2215 4576 4574 2203 2216 4610 4608 
8 4575 4577 4233 4246 4609 4611 4234 4247 
8 2215 2228 4578 4576 2216 2229 4612 4610 
8 4577 4579 4220 4233 4611 4613 4221 4234 
8 2228 2241 4580 4578 2229 2242 4614 4612 
8 4579 4581 4207 4220 4613 4615 4208 4221 
8 2241 2254 4582 4580 2242 2255 4616 4614 
8 4581 4583 4194 4207 4615 4617 4195 4208 
8 2254 2267 4584 4582 2255 2268 4618 4616 
8 4583 4585 4181 4194 4617 4619 4182 4195 
8 2267 2280 4586 4584 2268 2281 4620 4618 
8 4585 4587 4168 4181 4619 4621 4169 4182 
8 2280 162 3341 4586 2281 163 3339 4620 
8 4586 3341 3342 4587 4620 3339 3340 4621 
8 4587 3342 3249 4168 4621 3340 3248 4169 
8 4554 4556 4557 4555 4588 4590 4591 4589 
8 4556 4558 4559 4557 4590 4592 4593 4591 
8 4558 4560 4561 4559 4592 4594 4595 4593 
8 4560 4562 4563 4561 4594 4596 4597 4595 
8 4562 4564 4565 4563 4596 4598 4599 4597 
8 4564 4566 4567 4565 4598 4600 4601 4599 
8 4566 4568 4569 4567 4600 4602 4603 4601 
8 4568 4570 4571 4569 4602 4604 4605 4603 
8 4570 4572 4573 4571 4604 4606 4607 4605 
8 4572 4574 4575 4573 4606 4608 4609 4607 
8 4574 4576 4577 4575 4608 4610 4611 4609 
8 4576 4578 4579 4577 4610 4612 4613 4611 
8 4578 4580 4581 4579 4612 4614 4615 4613 
8 4580 4582 4583 4581 4614 4616 4617 4615 
8 4582 4584 4585 4583 4616 4618 4619 4617 
8 4584 4586 4587 4585 4618 4620 4621 4619 
8 121 2073 4588 3368 120 2074 4622 3366 
8 3368 4588 4589 3367 3366 4622 4623 3365 
8 3367 4589 4377 3263 3365 4623 4378 3264 
8 2073 2086 4590 4588 2074 2087 4624 4622 
8 4589 4591 4364 4377 4623 4625 4365 4378 
8 2086 2099 4592 4590 2087 2100 4626 4624 
8 4591 4593 4351 4364 4625 4627 4352 4365 
8 2099 2112 4594 4592 2100 2113 4628 4626 
8 4593 4595 4338 4351 4627 4629 4339 4352 
8 2112 2125 4596 4594 2113 2126 4630 4628 
8 4595 4597 4325 4338 4629 4631 4326 4339 
8 2125 2138 4598 4596 2126 2139 4632 4630 
8 4597 4599 4312 4325 4631 4633 4313 4326 
8 2138 2151 4600 4598 2139 2152 4634 4632 
8 4599 4601 4299 4312 4633 4635 4300 4313 
8 2151 2164 4602 4600 2152 2165 4636 4634 
8 4601 4603 4286 4299 4635 4637 4287 4300 
8 2164 2177 4604 4602 2165 2178 4638 4636 
8 4603 4605 4273 4286 4637 4639 4274 4287 
8 2177 2190 4606 4604 2178 2191 4640 4638 
8 4605 4607 4260 4273 4639 4641 4261 4274 
8 2190 2203 4608 4606 2191 2204 4642 4640 
8 4607 4609 4247 4260 4641 4643 4248 4261 
8 2203 2216 4610 4608 2204 2217 4644 4642 
8 4609 4611 4234 4247 4643 4645 4235 4248 
8 2216 2229 4612 4610 2217 2230 4646 4644 
8 4611 4613 4221 4234 4645 4647 4222 4235 
8 2229 2242 4614 4612 2230 2243 4648 4646 
8 4613 4615 4208 4221 4647 4649 4209 4222 
8 2242 2255 4616 4614 2243 2256 4650 4648 
8 4615 4617 4195 4208 4649 4651 4196 4209 
8 2255 2268 4618 4616 2256 2269 4652 4650 
8 4617 4619 4182 4195 4651 4653 4183 4196 
8 2268 2281 4620 4618 2269 2282 4654 4652 
8 4619 4621 4169 4182 4653 4655 4170 4183 
8 2281 163 3339 4620 2282 164 3337 4654 
8 4620 3339 3340 4621 4654 3337 3338 4655 
8 4621 3340 3248 4169 4655 3338 3247 4170 
8 4588 4590 4591 4589 4622 4624 4625 4623 
8 4590 4592 4593 4591 4624 4626 4627 4625 
8 4592 4594 4595 4593 4626 4628 4629 4627 
8 4594 4596 4597 4595 4628 4630 4631 4629 
8 4596 4598 4599 4597 4630 4632 4633 4631 
8 4598 4600 4601 4599 4632 4634 4635 4633 
8 4600 4602 4603 4601 4634 4636 4637 4635 
8 4602 4604 4605 4603 4636 4638 4639 4637 
8 4604 4606 4607 4605 4638 4640 4641 4639 
8 4606 4608 4609 4607 4640 4642 4643 4641 
8 4608 4610 4611 4609 4642 4644 4645 4643 
8 4610 4612 4613 4611 4644 4646 4647 4645 
8 4612 4614 4615 4613 4646 4648 4649 4647 
8 4614 4616 4617 4615 4648 4650 4651 4649 
8 4616 4618 4619 4617 4650 4652 4653 4651 
8 4618 4620 4621 4619 4652 4654 4655 4653 
8 120 2074 4622 3366 119 2075 4656 3364 
8 3366 4622 4623 3365 3364 4656 4657 3363 
8 3365 4623 4378 3264 3363 4657 4379 3265 
8 2074 2087 4624 4622 2075 2088 4658 4656 
8 4623 4625 4365 4378 4657 4659 4366 4379 
8 2087 2100 4626 4624 2088 2101 4660 4658 
8 4625 4627 4352 4365 4659 4661 4353 4366 
8 2100 2113 4628 4626 2101 2114 4662 4660 
8 4627 4629 4339 4352 4661 4663 4340 4353 
8 2113 2126 4630 4628 2114 2127 4664 4662 
8 4629 4631 4326 4339 4663 4665 4327 4340 
8 2126 2139 4632 4630 2127 2140 4666 4664 
8 4631 4633 4313 4326 4665 4667 4314 4327 
8 2139 2152 4634 4632 2140 2153 4668 4666 
8 4633 4635 4300 4313 4667 4669 4301 4314 
8 2152 2165 4636 4634 2153 2166 4670 4668 
8 4635 4637 4287 4300 4669 4671 4288 4301 
8 2165 2178 4638 4636 2166 2179 4672 4670 
8 4637 4639 4274 4287 4671 4673 4275 4288 
8 2178 2191 4640 4638 2179 2192 4674 4672 
8 4639 4641 4261 4274 4673 4675 4262 4275 
8 2191 2204 4642 4640 2192 2205 4676 4674 
8 4641 4643 4248 4261 4675 4677 4249 4262 
8 2204 2217 4644 4642 2205 2218 4678 4676 
8 4643 4645 4235 4248 4677 4679 4236 4249 
8 2217 2230 4646 4644 2218 2231 4680 4678 
8 4645 4647 4222 4235 4679 4681 4223 4236 
8 2230 2243 4648 4646 2231 2244 4682 4680 
8 4647 4649 4209 4222 4681 4683 4210 4223 
8 2243 2256 4650 4648 2244 2257 4684 4682 
8 4649 4651 4196 4209 4683 4685 4197 4210 
8 2256 2269 4652 4650 2257 2270 4686 4684 
8 4651 4653 4183 4196 4685 4687 4184 4197 
8 2269 2282 4654 4652 2270 2283 4688 4686 
8 4653 4655 4170 4183 4687 4689 4171 4184 
8 2282 164 3337 4654 2283 165 3335 4688 
8 4654 3337 3338 4655 4688 3335 3336 4689 
8 4655 3338 3247 4170 4689 3336 3246 4171 
8 4622 4624 4625 4623 4656 4658 4659 4657 
8 4624 4626 4627 4625 4658 4660 4661 4659 
8 4626 4628 4629 4627 4660 4662 4663 4661 
8 4628 4630 4631 4629 4662 4664 4665 4663 
8 4630 4632 4633 4631 4664 4666 4667 4665 
8 4632 4634 4635 4633 4666 4668 4669 4667 
8 4634 4636 4637 4635 4668 4670 4671 4669 
8 4636 4638 4639 4637 4670 4672 4673 4671 
8 4638 4640 4641 4639 4672 4674 4675 4673 
8 4640 4642 4643 4641 4674 4676 4677 4675 
8 4642 4644 4645 4643 4676 4678 4679 4677 
8 4644 4646 4647 4645 4678 4680 4681 4679 
8 4646 4648 4649 4647 4680 4682 4683 4681 
8 4648 4650 4651 4649 4682 4684 4685 4683 
8 4650 4652 4653 4651 4684 4686 4687 4685 
8 4652 4654 4655 4653 4686 4688 4689 4687 
8 119 2075 4656 3364 118 2076 4690 3362 
8 3364 4656 4657 3363 3362 4690 4691 3361 
8 3363 4657 4379 3265 3361 4691 4380 3266 
8 2075 2088 4658 4656 2076 2089 4692 4690 
8 4657 4659 4366 4379 4691 4693 4367 4380 
8 2088 2101 4660 4658 2089 2102 4694 4692 
8 4659 4661 4353 4366 4693 4695 4354 4367 
8 2101 2114 4662 4660 2102 2115 4696 4694 
8 4661 4663 4340 4353 4695 4697 4341 4354 
8 2114 2127 4664 4662 2115 2128 4698 4696 
8 4663 4665 4327 4340 4697 4699 4328 4341 
8 2127 2140 4666 4664 2128 2141 4700 4698 
8 4665 4667 4314 4327 4699 4701 4315 4328 
8 2140 2153 4668 4666 2141 2154 4702 4700 
8 4667 4669 4301 4314 4701 4703 4302 4315 
8 2153 2166 4670 4668 2154 2167 4704 4702 
8 4669 4671 4288 4301 4703 4705 4289 4302 
8 2166 2179 4672 4670 2167 2180 4706 4704 
8 4671 4673 4275 4288 4705 4707 4276 4289 
8 2179 2192 4674 4672 2180 2193 4708 4706 
8 4673 4675 4262 4275 4707 4709 4263 4276 
8 2192 2205 4676 4674 2193 2206 4710 4708 
8 4675 4677 4249 4262 4709 4711 4250 4263 
8 2205 2218 4678 4676 2206 2219 4712 4710 
8 4677 4679 4236 4249 4711 4713 4237 4250 
8 2218 2231 4680 4678 2219 2232 4714 4712 
8 4679 4681 4223 4236 4713 4715 4224 4237 
8 2231 2244 4682 4680 2232 2245 4716 4714 
8 4681 4683 4210 4223 4715 4717 4211 4224 
8 2244 2257 4684 4682 2245 2258 4718 4716 
8 4683 4685 4197 4210 4717 4719 4198 4211 
8 2257 2270 4686 4684 2258 2271 4720 4718 
8 4685 4687 4184 4197 4719 4721 4185 4198 
8 2270 2283 4688 4686 2271 2284 4722 4720 
8 4687 4689 4171 4184 4721 4723 4172 4185 
8 2283 165 3335 4688 2284 166 3333 4722 
8 4688 3335 3336 4689 4722 3333 3334 4723 
8 4689 3336 3246 4171 4723 3334 3245 4172 
8 4656 4658 4659 4657 4690 4692 4693 4691 
8 4658 4660 4661 4659 4692 4694 4695 4693 
8 4660 4662 4663 4661 4694 4696 4697 4695 
8 4662 4664 4665 4663 4696 4698 4699 4697 
8 4664 4666 4667 4665 4698 4700 4701 4699 
8 4666 4668 4669 4667 4700 4702 4703 4701 
8 4668 4670 4671 4669 4702 4704 4705 4703 
8 4670 4672 4673 4671 4704 4706 4707 4705 
8 4672 4674 4675 4673 4706 4708 4709 4707 
8 4674 4676 4677 4675 4708 4710 4711 4709 
8 4676 4678 4679 4677 4710 4712 4713 4711 
8 4678 4680 4681 4679 4712 4714 4715 4713 
8 4680 4682 4683 4681 4714 4716 4717 4715 
8 4682 4684 4685 4683 4716 4718 4719 4717 
8 4684 4686 4687 4685 4718 4720 4721 4719 
8 4686 4688 4689 4687 4720 4722 4723 4721 
8 118 2076 4690 3362 117 2077 4724 3360 
8 3362 4690 4691 3361 3360 4724 4725 3359 
8 3361 4691 4380 3266 3359 4725 4381 3267 
8 2076 2089 4692 4690 2077 2090 4726 4724 
8 4691 4693 4367 4380 4725 4727 4368 4381 
8 2089 2102 4694 4692 2090 2103 4728 4726 
8 4693 4695 4354 4367 4727 4729 4355 4368 
8 2102 2115 4696 4694 2103 2116 4730 4728 
8 4695 4697 4341 4354 4729 4731 4342 4355 
8 2115 2128 4698 4696 2116 2129 4732 4730 
8 4697 4699 4328 4341 4731 4733 4329 4342 
8 2128 2141 4700 4698 2129 2142 4734 4732 
8 4699 4701 4315 4328 4733 4735 4316 4329 
8 2141 2154 4702 4700 2142 2155 4736 4734 
8 4701 4703 4302 4315 4735 4737 4303 4316 
8 2154 2167 4704 4702 2155 2168 4738 4736 
8 4703 4705 4289 4302 4737 4739 4290 4303 
8 2167 2180 4706 4704 2168 2181 4740 4738 
8 4705 4707 4276 4289 4739 4741 4277 4290 
8 2180 2193 4708 4706 2181 2194 4742 4740 
8 4707 4709 4263 4276 4741 4743 4264 4277 
8 2193 2206 4710 4708 2194 2207 4744 4742 
8 4709 4711 4250 4263 4743 4745 4251 4264 
8 2206 2219 4712 4710 2207 2220 4746 4744 
8 4711 4713 4237 4250 4745 4747 4238 4251 
8 2219 2232 4714 4712 2220 2233 4748 4746 
8 4713 4715 4224 4237 4747 4749 4225 4238 
8 2232 2245 4716 4714 2233 2246 4750 4748 
8 4715 4717 4211 4224 4749 4751 4212 4225 
8 2245 2258 4718 4716 2246 2259 4752 4750 
8 4717 4719 4198 4211 4751 4753 4199 4212 
8 2258 2271 4720 4718 2259 2272 4754 4752 
8 4719 4721 4185 4198 4753 4755 4186 4199 
8 2271 2284 4722 4720 2272 2285 4756 4754 
8 4721 4723 4172 4185 4755 4757 4173 4186 
8 2284 166 3333 4722 2285 167 3331 4756 
8 4722 3333 3334 4723 4756 3331 3332 4757 
8 4723 3334 3245 4172 4757 3332 3244 4173 
8 4690 4692 4693 4691 4724 4726 4727 4725 
8 4692 4694 4695 4693 4726 4728 4729 4727 
8 4694 4696 4697 4695 4728 4730 4731 4729 
8 4696 4698 4699 4697 4730 4732 4733 4731 
8 4698 4700 4701 4699 4732 4734 4735 4733 
8 4700 4702 4703 4701 4734 4736 4737 4735 
8 4702 4704 4705 4703 4736 4738 4739 4737 
8 4704 4706 4707 4705 4738 4740 4741 4739 
8 4706 4708 4709 4707 4740 4742 4743 4741 
8 4708 4710 4711 4709 4742 4744 4745 4743 
8 4710 4712 4713 4711 4744 4746 4747 4745 
8 4712 4714 4715 4713 4746 4748 4749 4747 
8 4714 4716 4717 4715 4748 4750 4751 4749 
8 4716 4718 4719 4717 4750 4752 4753 4751 
8 4718 4720 4721 4719 4752 4754 4755 4753 
8 4720 4722 4723 4721 4754 4756 4757 4755 
8 117 2077 4724 3360 116 2078 4758 3358 
8 3360 4724 4725 3359 3358 4758 4759 3357 
8 3359 4725 4381 3267 3357 4759 4382 3268 
8 2077 2090 4726 4724 2078 2091 4760 4758 
8 4725 4727 4368 4381 4759 4761 4369 4382 
8 2090 2103 4728 4726 2091 2104 4762 4760 
8 4727 4729 4355 4368 4761 4763 4356 4369 
8 2103 2116 4730 4728 2104 2117 4764 4762 
8 4729 4731 4342 4355 4763 4765 4343 4356 
8 2116 2129 4732 4730 2117 2130 4766 4764 
8 4731 4733 4329 4342 4765 4767 4330 4343 
8 2129 2142 4734 4732 2130 2143 4768 4766 
8 4733 4735 4316 4329 4767 4769 4317 4330 
8 2142 2155 4736 4734 2143 2156 4770 4768 
8 4735 4737 4303 4316 4769 4771 4304 4317 
8 2155 2168 4738 4736 2156 2169 4772 4770 
8 4737 4739 4290 4303 4771 4773 4291 4304 
8 2168 2181 4740 4738 2169 2182 4774 4772 
8 4739 4741 4277 4290 4773 4775 4278 4291 
8 2181 2194 4742 4740 2182 2195 4776 4774 
8 4741 4743 4264 4277 4775 4777 4265 4278 
8 2194 2207 4744 4742 2195 2208 4778 4776 
8 4743 4745 4251 4264 4777 4779 4252 4265 
8 2207 2220 4746 4744 2208 2221 4780 4778 
8 4745 4747 4238 4251 4779 4781 4239 4252 
8 2220 2233 4748 4746 2221 2234 4782 4780 
8 4747 4749 4225 4238 4781 4783 4226 4239 
8 2233 2246 4750 4748 2234 2247 4784 4782 
8 4749 4751 4212 4225 4783 4785 4213 4226 
8 2246 2259 4752 4750 2247 2260 4786 4784 
8 4751 4753 4199 4212 4785 4787 4200 4213 
8 2259 2272 4754 4752 2260 2273 4788 4786 
8 4753 4755 4186 4199 4787 4789 4187 4200 
8 2272 2285 4756 4754 2273 2286 4790 4788 
8 4755 4757 4173 4186 4789 4791 4174 4187 
8 2285 167 3331 4756 2286 168 3329 4790 
8 4756 3331 3332 4757 4790 3329 3330 4791 
8 4757 3332 3244 4173 4791 3330 3243 4174 
8 4724 4726 4727 4725 4758 4760 4761 4759 
8 4726 4728 4729 4727 4760 4762 4763 4761 
8 4728 4730 4731 4729 4762 4764 4765 4763 
8 4730 4732 4733 4731 4764 4766 4767 4765 
8 4732 4734 4735 4733 4766 4768 4769 4767 
8 4734 4736 4737 4735 4768 4770 4771 4769 
8 4736 4738 4739 4737 4770 4772 4773 4771 
8 4738 4740 4741 4739 4772 4774 4775 4773 
8 4740 4742 4743 4741 4774 4776 4777 4775 
8 4742 4744 4745 4743 4776 4778 4779 4777 
8 4744 4746 4747 4745 4778 4780 4781 4779 
8 4746 4748 4749 4747 4780 4782 4783 4781 
8 4748 4750 4751 4749 4782 4784 4785 4783 
8 4750 4752 4753 4751 4784 4786 4787 4785 
8 4752 4754 4755 4753 4786 4788 4789 4787 
8 4754 4756 4757 4755 4788 4790 4791 4789 
8 116 2078 4758 3358 115 2079 4792 3356 
8 3358 4758 4759 3357 3356 4792 4793 3355 
8 3357 4759 4382 3268 3355 4793 4383 3269 
8 2078 2091 4760 4758 2079 2092 4794 4792 
8 4759 4761 4369 4382 4793 4795 4370 4383 
8 2091 2104 4762 4760 2092 2105 4796 4794 
8 4761 4763 4356 4369 4795 4797 4357 4370 
8 2104 2117 4764 4762 2105 2118 4798 4796 
8 4763 4765 4343 4356 4797 4799 4344 4357 
8 2117 2130 4766 4764 2118 2131 4800 4798 
8 4765 4767 4330 4343 4799 4801 4331 4344 
8 2130 2143 4768 4766 2131 2144 4802 4800 
8 4767 4769 4317 4330 4801 4803 4318 4331 
8 2143 2156 4770 4768 2144 2157 4804 4802 
8 4769 4771 4304 4317 4803 4805 4305 4318 
8 2156 2169 4772 4770 2157 2170 4806 4804 
8 4771 4773 4291 4304 4805 4807 4292 4305 
8 2169 2182 4774 4772 2170 2183 4808 4806 
8 4773 4775 4278 4291 4807 4809 4279 4292 
8 2182 2195 4776 4774 2183 2196 4810 4808 
8 4775 4777 4265 4278 4809 4811 4266 4279 
8 2195 2208 4778 4776 2196 2209 4812 4810 
8 4777 4779 4252 4265 4811 4813 4253 4266 
8 2208 2221 4780 4778 2209 2222 4814 4812 
8 4779 4781 4239 4252 4813 4815 4240 4253 
8 2221 2234 4782 4780 2222 2235 4816 4814 
8 4781 4783 4226 4239 4815 4817 4227 4240 
8 2234 2247 4784 4782 2235 2248 4818 4816 
8 4783 4785 4213 4226 4817 4819 4214 4227 
8 2247 2260 4786 4784 2248 2261 4820 4818 
8 4785 4787 4200 4213 4819 4821 4201 4214 
8 2260 2273 4788 4786 2261 2274 4822 4820 
8 4787 4789 4187 4200 4821 4823 4188 4201 
8 2273 2286 4790 4788 2274 2287 4824 4822 
8 4789 4791 4174 4187 4823 4825 4175 4188 
8 2286 168 3329 4790 2287 169 3327 4824 
8 4790 3329 3330 4791 4824 3327 3328 4825 
8 4791 3330 3243 4174 4825 3328 3242 4175 
8 4758 4760 4761 4759 4792 4794 4795 4793 
8 4760 4762 4763 4761 4794 4796 4797 4795 
8 4762 4764 4765 4763 4796 4798 4799 4797 
8 4764 4766 4767 4765 4798 4800 4801 4799 
8 4766 4768 4769 4767 4800 4802 4803 4801 
8 4768 4770 4771 4769 4802 4804 4805 4803 
8 4770 4772 4773 4771 4804 4806 4807 4805 
8 4772 4774 4775 4773 4806 4808 4809 4807 
8 4774 4776 4777 4775 4808 4810 4811 4809 
8 4776 4778 4779 4777 4810 4812 4813 4811 
8 4778 4780 4781 4779 4812 4814 4815 4813 
8 4780 4782 4783 4781 4814 4816 4817 4815 
8 4782 4784 4785 4783 4816 4818 4819 4817 
8 4784 4786 4787 4785 4818 4820 4821 4819 
8 4786 4788 4789 4787 4820 4822 4823 4821 
8 4788 4790 4791 4789 4822 4824 4825 4823 
8 115 2079 4792 3356 114 2066 4826 3353 
8 3356 4792 4793 3355 3353 4826 4827 3354 
8 3355 4793 4383 3269 3354 4827 4146 3256 
8 2079 2092 4794 4792 2066 2065 4828 4826 
8 4793 4795 4370 4383 4827 4829 4147 4146 
8 2092 2105 4796 4794 2065 2064 4830 4828 
8 4795 4797 4357 4370 4829 4831 4148 4147 
8 2105 2118 4798 4796 2064 2063 4832 4830 
8 4797 4799 4344 4357 4831 4833 4149 4148 
8 2118 2131 4800 4798 2063 2062 4834 4832 
8 4799 4801 4331 4344 4833 4835 4150 4149 
8 2131 2144 4802 4800 2062 2061 4836 4834 
8 4801 4803 4318 4331 4835 4837 4151 4150 
8 2144 2157 4804 4802 2061 2060 4838 4836 
8 4803 4805 4305 4318 4837 4839 4152 4151 
8 2157 2170 4806 4804 2060 2059 4840 4838 
8 4805 4807 4292 4305 4839 4841 4153 4152 
8 2170 2183 4808 4806 2059 2058 4842 4840 
8 4807 4809 4279 4292 4841 4843 4154 4153 
8 2183 2196 4810 4808 2058 2057 4844 4842 
8 4809 4811 4266 4279 4843 4845 4155 4154 
8 2196 2209 4812 4810 2057 2056 4846 4844 
8 4811 4813 4253 4266 4845 4847 4156 4155 
8 2209 2222 4814 4812 2056 2055 4848 4846 
8 4813 4815 4240 4253 4847 4849 4157 4156 
8 2222 2235 4816 4814 2055 2054 4850 4848 
8 4815 4817 4227 4240 4849 4851 4158 4157 
8 2235 2248 4818 4816 2054 2053 4852 4850 
8 4817 4819 4214 4227 4851 4853 4159 4158 
8 2248 2261 4820 4818 2053 2052 4854 4852 
8 4819 4821 4201 4214 4853 4855 4160 4159 
8 2261 2274 4822 4820 2052 2051 4856 4854 
8 4821 4823 4188 4201 4855 4857 4161 4160 
8 2274 2287 4824 4822 2051 2050 4858 4856 
8 4823 4825 4175 4188 4857 4859 4162 4161 
8 2287 169 3327 4824 2050 156 3326 4858 
8 4824 3327 3328 4825 4858 3326 3325 4859 
8 4825 3328 3242 4175 4859 3325 3240 4162 
8 4792 4794 4795 4793 4826 4828 4829 4827 
8 4794 4796 4797 4795 4828 4830 4831 4829 
8 4796 4798 4799 4797 4830 4832 4833 4831 
8 4798 4800 4801 4799 4832 4834 4835 4833 
8 4800 4802 4803 4801 4834 4836 4837 4835 
8 4802 4804 4805 4803 4836 4838 4839 4837 
8 4804 4806 4807 4805 4838 4840 4841 4839 
8 4806 4808 4809 4807 4840 4842 4843 4841 
8 4808 4810 4811 4809 4842 4844 4845 4843 
8 4810 4812 4813 4811 4844 4846 4847 4845 
8 4812 4814 4815 4813 4846 4848 4849 4847 
8 4814 4816 4817 4815 4848 4850 4851 4849 
8 4816 4818 4819 4817 4850 4852 4853 4851 
8 4818 4820 4821 4819 4852 4854 4855 4853 
8 4820 4822 4823 4821 4854 4856 4857 4855 
8 4822 4824 4825 4823 4856 4858 4859 4857 
8 5790 4870 3255 4111 5841 4933 3257 4371 
8 5791 4869 4870 5790 5842 4934 4933 5841 
8 5792 4868 4869 5791 5843 4935 4934 5842 
8 5793 4867 4868 5792 5844 4936 4935 5843 
8 5794 4866 4867 5793 5845 4937 4936 5844 
8 5795 4865 4866 5794 5846 4938 4937 5845 
8 5796 4864 4865 5795 5847 4939 4938 5846 
8 5797 4863 4864 5796 5848 4940 4939 5847 
8 5798 4862 4863 5797 5849 4941 4940 5848 
8 5799 4861 4862 5798 5850 4942 4941 5849 
8 5800 4860 4861 5799 5851 4943 4942 5850 
8 4095 3241 4860 5800 4163 3254 4943 5851 
8 5801 4096 4095 5800 5852 4176 4163 5851 
8 5802 4097 4096 5801 5853 4189 4176 5852 
8 5803 4098 4097 5802 5854 4202 4189 5853 
8 5804 4099 4098 5803 5855 4215 4202 5854 
8 5805 4100 4099 5804 5856 4228 4215 5855 
8 5806 4101 4100 5805 5857 4241 4228 5856 
8 5807 4102 4101 5806 5858 4254 4241 5857 
8 5808 4103 4102 5807 5859 4267 4254 5858 
8 5809 4104 4103 5808 5860 4280 4267 5859 
8 5810 4105 4104 5809 5861 4293 4280 5860 
8 5811 4106 4105 5810 5862 4306 4293 5861 
8 5812 4107 4106 5811 5863 4319 4306 5862 
8 5813 4108 4107 5812 5864 4332 4319 5863 
8 5814 4109 4108 5813 5865 4345 4332 5864 
8 5815 4110 4109 5814 5866 4358 4345 5865 
8 5790 4111 4110 5815 5841 4371 4358 5866 
8 5816 5801 5800 5799 5867 5852 5851 5850 
8 5817 5802 5801 5816 5868 5853 5852 5867 
8 5818 5803 5802 5817 5869 5854 5853 5868 
8 5818 5805 5804 5803 5869 5856 5855 5854 
8 5819 5806 5805 5818 5870 5857 5856 5869 
8 5820 5807 5806 5819 5871 5858 5857 5870 
8 5821 5808 5807 5820 5872 5859 5858 5871 
8 5822 5809 5808 5821 5873 5860 5859 5872 
8 5823 5810 5809 5822 5874 5861 5860 5873 
8 5824 5811 5810 5823 5875 5862 5861 5874 
8 5824 5813 5812 5811 5875 5864 5863 5862 
8 5825 5814 5813 5824 5876 5865 5864 5875 
8 5826 5815 5814 5825 5877 5866 5865 5876 
8 5791 5790 5815 5826 5842 5841 5866 5877 
8 5827 5792 5791 5826 5878 5843 5842 5877 
8 5828 5793 5792 5827 5879 5844 5843 5878 
8 5829 5794 5793 5828 5880 5845 5844 5879 
8 5830 5795 5794 5829 5881 5846 5845 5880 
8 5831 5796 5795 5830 5882 5847 5846 5881 
8 5832 5797 5796 5831 5883 5848 5847 5882 
8 5833 5798 5797 5832 5884 5849 5848 5883 
8 5816 5799 5798 5833 5867 5850 5849 5884 
8 5838 5819 5818 5817 5885 5870 5869 5868 
8 5822 5821 5820 5834 5873 5872 5871 5886 
8 5835 5823 5822 5834 5887 5874 5873 5886 
8 5839 5827 5826 5825 5888 5878 5877 5876 
8 5840 5828 5827 5839 5889 5879 5878 5888 
8 5835 5829 5828 5840 5887 5880 5879 5889 
8 5834 5830 5829 5835 5886 5881 5880 5887 
8 5836 5831 5830 5834 5890 5882 5881 5886 
8 5837 5832 5831 5836 5891 5883 5882 5890 
8 5838 5833 5832 5837 5885 5884 5883 5891 
8 5817 5816 5833 5838 5868 5867 5884 5885 
8 5825 5824 5823 5839 5876 5875 5874 5888 
8 5839 5823 5835 5840 5888 5874 5887 5889 
8 5834 5820 5819 5836 5886 5871 5870 5890 
8 5836 5819 5838 5837 5890 5870 5885 5891 
8 3257 4371 5841 4933 3258 4372 5892 4944 
8 4933 5841 5842 4934 4944 5892 5893 4945 
8 4934 5842 5843 4935 4945 5893 5894 4946 
8 4935 5843 5844 4936 4946 5894 5895 4947 
8 4936 5844 5845 4937 4947 5895 5896 4948 
8 4937 5845 5846 4938 4948 5896 5897 4949 
8 4938 5846 5847 4939 4949 5897 5898 4950 
8 4939 5847 5848 4940 4950 5898 5899 4951 
8 4940 5848 5849 4941 4951 5899 5900 4952 
8 4941 5849 5850 4942 4952 5900 5901 4953 
8 4942 5850 5851 4943 4953 5901 5902 4954 
8 4943 5851 4163 3254 4954 5902 4164 3253 
8 4163 5851 5852 4176 4164 5902 5903 4177 
8 4176 5852 5853 4189 4177 5903 5904 4190 
8 4189 5853 5854 4202 4190 5904 5905 4203 
8 4202 5854 5855 4215 4203 5905 5906 4216 
8 4215 5855 5856 4228 4216 5906 5907 4229 
8 4228 5856 5857 4241 4229 5907 5908 4242 
8 4241 5857 5858 4254 4242 5908 5909 4255 
8 4254 5858 5859 4267 4255 5909 5910 4268 
8 4267 5859 5860 4280 4268 5910 5911 4281 
8 4280 5860 5861 4293 4281 5911 5912 4294 
8 4293 5861 5862 4306 4294 5912 5913 4307 
8 4306 5862 5863 4319 4307 5913 5914 4320 
8 4319 5863 5864 4332 4320 5914 5915 4333 
8 4332 5864 5865 4345 4333 5915 5916 4346 
8 4345 5865 5866 4358 4346 5916 5917 4359 
8 4358 5866 5841 4371 4359 5917 5892 4372 
8 5851 5850 5867 5852 5902 5901 5918 5903 
8 5852 5867 5868 5853 5903 5918 5919 5904 
8 5853 5868 5869 5854 5904 5919 5920 5905 
8 5855 5854 5869 5856 5906 5905 5920 5907 
8 5856 5869 5870 5857 5907 5920 5921 5908 
8 5857 5870 5871 5858 5908 5921 5922 5909 
8 5858 5871 5872 5859 5909 5922 5923 5910 
8 5859 5872 5873 5860 5910 5923 5924 5911 
8 5860 5873 5874 5861 5911 5924 5925 5912 
8 5861 5874 5875 5862 5912 5925 5926 5913 
8 5863 5862 5875 5864 5914 5913 5926 5915 
8 5864 5875 5876 5865 5915 5926 5927 5916 
8 5865 5876 5877 5866 5916 5927 5928 5917 
8 5866 5877 5842 5841 5917 5928 5893 5892 
8 5842 5877 5878 5843 5893 5928 5929 5894 
8 5843 5878 5879 5844 5894 5929 5930 5895 
8 5844 5879 5880 5845 5895 5930 5931 5896 
8 5845 5880 5881 5846 5896 5931 5932 5897 
8 5846 5881 5882 5847 5897 5932 5933 5898 
8 5847 5882 5883 5848 5898 5933 5934 5899 
8 5848 5883 5884 5849 5899 5934 5935 5900 
8 5849 5884 5867 5850 5900 5935 5918 5901 
8 5869 5868 5885 5870 5920 5919 5936 5921 
8 5871 5886 5873 5872 5922 5937 5924 5923 
8 5873 5886 5887 5874 5924 5937 5938 5925 
8 5877 5876 5888 5878 5928 5927 5939 5929 
8 5878 5888 5889 5879 5929 5939 5940 5930 
8 5879 5889 5887 5880 5930 5940 5938 5931 
8 5880 5887 5886 5881 5931 5938 5937 5932 
8 5881 5886 5890 5882 5932 5937 5941 5933 
8 5882 5890 5891 5883 5933 5941 5942 5934 
8 5883 5891 5885 5884 5934 5942 5936 5935 
8 5884 5885 5868 5867 5935 5936 5919 5918 
8 5874 5888 5876 5875 5925 5939 5927 5926 
8 5887 5889 5888 5874 5938 5940 5939 5925 
8 5870 5890 5886 5871 5921 5941 5937 5922 
8 5885 5891 5890 5870 5936 5942 5941 5921 
8 3258 4372 5892 4944 3259 4373 5943 4955 
8 4944 5892 5893 4945 4955 5943 5944 4956 
8 4945 5893 5894 4946 4956 5944 5945 4957 
8 4946 5894 5895 4947 4957 5945 5946 4958 
8 4947 5895 5896 4948 4958 5946 5947 4959 
8 4948 5896 5897 4949 4959 5947 5948 4960 
8 4949 5897 5898 4950 4960 5948 5949 4961 
8 4950 5898 5899 4951 4961 5949 5950 4962 
8 4951 5899 5900 4952 4962 5950 5951 4963 
8 4952 5900 5901 4953 4963 5951 5952 4964 
8 4953 5901 5902 4954 4964 5952 5953 4965 
8 4954 5902 4164 3253 4965 5953 4165 3252 
8 4164 5902 5903 4177 4165 5953 5954 4178 
8 4177 5903 5904 4190 4178 5954 5955 4191 
8 4190 5904 5905 4203 4191 5955 5956 4204 
8 4203 5905 5906 4216 4204 5956 5957 4217 
8 4216 5906 5907 4229 4217 5957 5958 4230 
8 4229 5907 5908 4242 4230 5958 5959 4243 
8 4242 5908 5909 4255 4243 5959 5960 4256 
8 4255 5909 5910 4268 4256 5960 5961 4269 
8 4268 5910 5911 4281 4269 5961 5962 4282 
8 4281 5911 5912 4294 4282 5962 5963 4295 
8 4294 5912 5913 4307 4295 5963 5964 4308 
8 4307 5913 5914 4320 4308 5964 5965 4321 
8 4320 5914 5915 4333 4321 5965 5966 4334 
8 4333 5915 5916 4346 4334 5966 5967 4347 
8 4346 5916 5917 4359 4347 5967 5968 4360 
8 4359 5917 5892 4372 4360 5968 5943 4373 
8 5902 5901 5918 5903 5953 5952 5969 5954 
8 5903 5918 5919 5904 5954 5969 5970 5955 
8 5904 5919 5920 5905 5955 5970 5971 5956 
8 5906 5905 5920 5907 5957 5956 5971 5958 
8 5907 5920 5921 5908 5958 5971 5972 5959 
8 5908 5921 5922 5909 5959 5972 5973 5960 
8 5909 5922 5923 5910 5960 5973 5974 5961 
8 5910 5923 5924 5911 5961 5974 5975 5962 
8 5911 5924 5925 5912 5962 5975 5976 5963 
8 5912 5925 5926 5913 5963 5976 5977 5964 
8 5914 5913 5926 5915 5965 5964 5977 5966 
8 5915 5926 5927 5916 5966 5977 5978 5967 
8 5916 5927 5928 5917 5967 5978 5979 5968 
8 5917 5928 5893 5892 5968 5979 5944 5943 
8 5893 5928 5929 5894 5944 5979 5980 5945 
8 5894 5929 5930 5895 5945 5980 5981 5946 
8 5895 5930 5931 5896 5946 5981 5982 5947 
8 5896 5931 5932 5897 5947 5982 5983 5948 
8 5897 5932 5933 5898 5948 5983 5984 5949 
8 5898 5933 5934 5899 5949 5984 5985 5950 
8 5899 5934 5935 5900 5950 5985 5986 5951 
8 5900 5935 5918 5901 5951 5986 5969 5952 
8 5920 5919 5936 5921 5971 5970 5987 5972 
8 5922 5937 5924 5923 5973 5988 5975 5974 
8 5924 5937 5938 5925 5975 5988 5989 5976 
8 5928 5927 5939 5929 5979 5978 5990 5980 
8 5929 5939 5940 5930 5980 5990 5991 5981 
8 5930 5940 5938 5931 5981 5991 5989 5982 
8 5931 5938 5937 5932 5982 5989 5988 5983 
8 5932 5937 5941 5933 5983 5988 5992 5984 
8 5933 5941 5942 5934 5984 5992 5993 5985 
8 5934 5942 5936 5935 5985 5993 5987 5986 
8 5935 5936 5919 5918 5986 5987 5970 5969 
8 5925 5939 5927 5926 5976 5990 5978 5977 
8 5938 5940 5939 5925 5989 5991 5990 5976 
8 5921 5941 5937 5922 5972 5992 5988 5973 
8 5936 5942 5941 5921 5987 5993 5992 5972 
8 3259 4373 5943 4955 3260 4374 5994 4966 
8 4955 5943 5944 4956 4966 5994 5995 4967 
8 4956 5944 5945 4957 4967 5995 5996 4968 
8 4957 5945 5946 4958 4968 5996 5997 4969 
8 4958 5946 5947 4959 4969 5997 5998 4970 
8 4959 5947 5948 4960 4970 5998 5999 4971 
8 4960 5948 5949 4961 4971 5999 6000 4972 
8 4961 5949 5950 4962 4972 6000 6001 4973 
8 4962 5950 5951 4963 4973 6001 6002 4974 
8 4963 5951 5952 4964 4974 6002 6003 4975 
8 4964 5952 5953 4965 4975 6003 6004 4976 
8 4965 5953 4165 3252 4976 6004 4166 3251 
8 4165 5953 5954 4178 4166 6004 6005 4179 
8 4178 5954 5955 4191 4179 6005 6006 4192 
8 4191 5955 5956 4204 4192 6006 6007 4205 
8 4204 5956 5957 4217 4205 6007 6008 4218 
8 4217 5957 5958 4230 4218 6008 6009 4231 
8 4230 5958 5959 4243 4231 6009 6010 4244 
8 4243 5959 5960 4256 4244 6010 6011 4257 
8 4256 5960 5961 4269 4257 6011 6012 4270 
8 4269 5961 5962 4282 4270 6012 6013 4283 
8 4282 5962 5963 4295 4283 6013 6014 4296 
8 4295 5963 5964 4308 4296 6014 6015 4309 
8 4308 5964 5965 4321 4309 6015 6016 4322 
8 4321 5965 5966 4334 4322 6016 6017 4335 
8 4334 5966 5967 4347 4335 6017 6018 4348 
8 4347 5967 5968 4360 4348 6018 6019 4361 
8 4360 5968 5943 4373 4361 6019 5994 4374 
8 5953 5952 5969 5954 6004 6003 6020 6005 
8 5954 5969 5970 5955 6005 6020 6021 6006 
8 5955 5970 5971 5956 6006 6021 6022 6007 
8 5957 5956 5971 5958 6008 6007 6022 6009 
8 5958 5971 5972 5959 6009 6022 6023 6010 
8 5959 5972 5973 5960 6010 6023 6024 6011 
8 5960 5973 5974 5961 6011 6024 6025 6012 
8 5961 5974 5975 5962 6012 6025 6026 6013 
8 5962 5975 5976 5963 6013 6026 6027 6014 
8 5963 5976 5977 5964 6014 6027 6028 6015 
8 5965 5964 5977 5966 6016 6015 6028 6017 
8 5966 5977 5978 5967 6017 6028 6029 6018 
8 5967 5978 5979 5968 6018 6029 6030 6019 
8 5968 5979 5944 5943 6019 6030 5995 5994 
8 5944 5979 5980 5945 5995 6030 6031 5996 
8 5945 5980 5981 5946 5996 6031 6032 5997 
8 5946 5981 5982 5947 5997 6032 6033 5998 
8 5947 5982 5983 5948 5998 6033 6034 5999 
8 5948 5983 5984 5949 5999 6034 6035 6000 
8 5949 5984 5985 5950 6000 6035 6036 6001 
8 5950 5985 5986 5951 6001 6036 6037 6002 
8 5951 5986 5969 5952 6002 6037 6020 6003 
8 5971 5970 5987 5972 6022 6021 6038 6023 
8 5973 5988 5975 5974 6024 6039 6026 6025 
8 5975 5988 5989 5976 6026 6039 6040 6027 
8 5979 5978 5990 5980 6030 6029 6041 6031 
8 5980 5990 5991 5981 6031 6041 6042 6032 
8 5981 5991 5989 5982 6032 6042 6040 6033 
8 5982 5989 5988 5983 6033 6040 6039 6034 
8 5983 5988 5992 5984 6034 6039 6043 6035 
8 5984 5992 5993 5985 6035 6043 6044 6036 
8 5985 5993 5987 5986 6036 6044 6038 6037 
8 5986 5987 5970 5969 6037 6038 6021 6020 
8 5976 5990 5978 5977 6027 6041 6029 6028 
8 5989 5991 5990 5976 6040 6042 6041 6027 
8 5972 5992 5988 5973 6023 6043 6039 6024 
8 5987 5993 5992 5972 6038 6044 6043 6023 
8 3260 4374 5994 4966 3261 4375 6045 4977 
8 4966 5994 5995 4967 4977 6045 6046 4978 
8 4967 5995 5996 4968 4978 6046 6047 4979 
8 4968 5996 5997 4969 4979 6047 6048 4980 
8 4969 5997 5998 4970 4980 6048 6049 4981 
8 4970 5998 5999 4971 4981 6049 6050 4982 
8 4971 5999 6000 4972 4982 6050 6051 4983 
8 4972 6000 6001 4973 4983 6051 6052 4984 
8 4973 6001 6002 4974 4984 6052 6053 4985 
8 4974 6002 6003 4975 4985 6053 6054 4986 
8 4975 6003 6004 4976 4986 6054 6055 4987 
8 4976 6004 4166 3251 4987 6055 4167 3250 
8 4166 6004 6005 4179 4167 6055 6056 4180 
8 4179 6005 6006 4192 4180 6056 6057 4193 
8 4192 6006 6007 4205 4193 6057 6058 4206 
8 4205 6007 6008 4218 4206 6058 6059 4219 
8 4218 6008 6009 4231 4219 6059 6060 4232 
8 4231 6009 6010 4244 4232 6060 6061 4245 
8 4244 6010 6011 4257 4245 6061 6062 4258 
8 4257 6011 6012 4270 4258 6062 6063 4271 
8 4270 6012 6013 4283 4271 6063 6064 4284 
8 4283 6013 6014 4296 4284 6064 6065 4297 
8 4296 6014 6015 4309 4297 6065 6066 4310 
8 4309 6015 6016 4322 4310 6066 6067 4323 
8 4322 6016 6017 4335 4323 6067 6068 4336 
8 4335 6017 6018 4348 4336 6068 6069 4349 
8 4348 6018 6019 4361 4349 6069 6070 4362 
8 4361 6019 5994 4374 4362 6070 6045 4375 
8 6004 6003 6020 6005 6055 6054 6071 6056 
8 6005 6020 6021 6006 6056 6071 6072 6057 
8 6006 6021 6022 6007 6057 6072 6073 6058 
8 6008 6007 6022 6009 6059 6058 6073 6060 
8 6009 6022 6023 6010 6060 6073 6074 6061 
8 6010 6023 6024 6011 6061 6074 6075 6062 
8 6011 6024 6025 6012 6062 6075 6076 6063 
8 6012 6025 6026 6013 6063 6076 6077 6064 
8 6013 6026 6027 6014 6064 6077 6078 6065 
8 6014 6027 6028 6015 6065 6078 6079 6066 
8 6016 6015 6028 6017 6067 6066 6079 6068 
8 6017 6028 6029 6018 6068 6079 6080 6069 
8 6018 6029 6030 6019 6069 6080 6081 6070 
8 6019 6030 5995 5994 6070 6081 6046 6045 
8 5995 6030 6031 5996 6046 6081 6082 6047 
8 5996 6031 6032 5997 6047 6082 6083 6048 
8 5997 6032 6033 5998 6048 6083 6084 6049 
8 5998 6033 6034 5999 6049 6084 6085 6050 
8 5999 6034 6035 6000 6050 6085 6086 6051 
8 6000 6035 6036 6001 6051 6086 6087 6052 
8 6001 6036 6037 6002 6052 6087 6088 6053 
8 6002 6037 6020 6003 6053 6088 6071 6054 
8 6022 6021 6038 6023 6073 6072 6089 6074 
8 6024 6039 6026 6025 6075 6090 6077 6076 
8 6026 6039 6040 6027 6077 6090 6091 6078 
8 6030 6029 6041 6031 6081 6080 6092 6082 
8 6031 6041 6042 6032 6082 6092 6093 6083 
8 6032 6042 6040 6033 6083 6093 6091 6084 
8 6033 6040 6039 6034 6084 6091 6090 6085 
8 6034 6039 6043 6035 6085 6090 6094 6086 
8 6035 6043 6044 6036 6086 6094 6095 6087 
8 6036 6044 6038 6037 6087 6095 6089 6088 
8 6037 6038 6021 6020 6088 6089 6072 6071 
8 6027 6041 6029 6028 6078 6092 6080 6079 
8 6040 6042 6041 6027 6091 6093 6092 6078 
8 6023 6043 6039 6024 6074 6094 6090 6075 
8 6038 6044 6043 6023 6089 6095 6094 6074 
8 3261 4375 6045 4977 3262 4376 6096 4988 
8 4977 6045 6046 4978 4988 6096 6097 4989 
8 4978 6046 6047 4979 4989 6097 6098 4990 
8 4979 6047 6048 4980 4990 6098 6099 4991 
8 4980 6048 6049 4981 4991 6099 6100 4992 
8 4981 6049 6050 4982 4992 6100 6101 4993 
8 4982 6050 6051 4983 4993 6101 6102 4994 
8 4983 6051 6052 4984 4994 6102 6103 4995 
8 4984 6052 6053 4985 4995 6103 6104 4996 
8 4985 6053 6054 4986 4996 6104 6105 4997 
8 4986 6054 6055 4987 4997 6105 6106 4998 
8 4987 6055 4167 3250 4998 6106 4168 3249 
8 4167 6055 6056 4180 4168 6106 6107 4181 
8 4180 6056 6057 4193 4181 6107 6108 4194 
8 4193 6057 6058 4206 4194 6108 6109 4207 
8 4206 6058 6059 4219 4207 6109 6110 4220 
8 4219 6059 6060 4232 4220 6110 6111 4233 
8 4232 6060 6061 4245 4233 6111 6112 4246 
8 4245 6061 6062 4258 4246 6112 6113 4259 
8 4258 6062 6063 4271 4259 6113 6114 4272 
8 4271 6063 6064 4284 4272 6114 6115 4285 
8 4284 6064 6065 4297 4285 6115 6116 4298 
8 4297 6065 6066 4310 4298 6116 6117 4311 
8 4310 6066 6067 4323 4311 6117 6118 4324 
8 4323 6067 6068 4336 4324 6118 6119 4337 
8 4336 6068 6069 4349 4337 6119 6120 4350 
8 4349 6069 6070 4362 4350 6120 6121 4363 
8 4362 6070 6045 4375 4363 6121 6096 4376 
8 6055 6054 6071 6056 6106 6105 6122 6107 
8 6056 6071 6072 6057 6107 6122 6123 6108 
8 6057 6072 6073 6058 6108 6123 6124 6109 
8 6059 6058 6073 6060 6110 6109 6124 6111 
8 6060 6073 6074 6061 6111 6124 6125 6112 
8 6061 6074 6075 6062 6112 6125 6126 6113 
8 6062 6075 6076 6063 6113 6126 6127 6114 
8 6063 6076 6077 6064 6114 6127 6128 6115 
8 6064 6077 6078 6065 6115 6128 6129 6116 
8 6065 6078 6079 6066 6116 6129 6130 6117 
8 6067 6066 6079 6068 6118 6117 6130 6119 
8 6068 6079 6080 6069 6119 6130 6131 6120 
8 6069 6080 6081 6070 6120 6131 6132 6121 
8 6070 6081 6046 6045 6121 6132 6097 6096 
8 6046 6081 6082 6047 6097 6132 6133 6098 
8 6047 6082 6083 6048 6098 6133 6134 6099 
8 6048 6083 6084 6049 6099 6134 6135 6100 
8 6049 6084 6085 6050 6100 6135 6136 6101 
8 6050 6085 6086 6051 6101 6136 6137 6102 
8 6051 6086 6087 6052 6102 6137 6138 6103 
8 6052 6087 6088 6053 6103 6138 6139 6104 
8 6053 6088 6071 6054 6104 6139 6122 6105 
8 6073 6072 6089 6074 6124 6123 6140 6125 
8 6075 6090 6077 6076 6126 6141 6128 6127 
8 6077 6090 6091 6078 6128 6141 6142 6129 
8 6081 6080 6092 6082 6132 6131 6143 6133 
8 6082 6092 6093 6083 6133 6143 6144 6134 
8 6083 6093 6091 6084 6134 6144 6142 6135 
8 6084 6091 6090 6085 6135 6142 6141 6136 
8 6085 6090 6094 6086 6136 6141 6145 6137 
8 6086 6094 6095 6087 6137 6145 6146 6138 
8 6087 6095 6089 6088 6138 6146 6140 6139 
8 6088 6089 6072 6071 6139 6140 6123 6122 
8 6078 6092 6080 6079 6129 6143 6131 6130 
8 6091 6093 6092 6078 6142 6144 6143 6129 
8 6074 6094 6090 6075 6125 6145 6141 6126 
8 6089 6095 6094 6074 6140 6146 6145 6125 
8 3262 4376 6096 4988 3263 4377 6147 4999 
8 4988 6096 6097 4989 4999 6147 6148 5000 
8 4989 6097 6098 4990 5000 6148 6149 5001 
8 4990 6098 6099 4991 5001 6149 6150 5002 
8 4991 6099 6100 4992 5002 6150 6151 5003 
8 4992 6100 6101 4993 5003 6151 6152 5004 
8 4993 6101 6102 4994 5004 6152 6153 5005 
8 4994 6102 6103 4995 5005 6153 6154 5006 
8 4995 6103 6104 4996 5006 6154 6155 5007 
8 4996 6104 6105 4997 5007 6155 6156 5008 
8 4997 6105 6106 4998 5008 6156 6157 5009 
8 4998 6106 4168 3249 5009 6157 4169 3248 
8 4168 6106 6107 4181 4169 6157 6158 4182 
8 4181 6107 6108 4194 4182 6158 6159 4195 
8 4194 6108 6109 4207 4195 6159 6160 4208 
8 4207 6109 6110 4220 4208 6160 6161 4221 
8 4220 6110 6111 4233 4221 6161 6162 4234 
8 4233 6111 6112 4246 4234 6162 6163 4247 
8 4246 6112 6113 4259 4247 6163 6164 4260 
8 4259 6113 6114 4272 4260 6164 6165 4273 
8 4272 6114 6115 4285 4273 6165 6166 4286 
8 4285 6115 6116 4298 4286 6166 6167 4299 
8 4298 6116 6117 4311 4299 6167 6168 4312 
8 4311 6117 6118 4324 4312 6168 6169 4325 
8 4324 6118 6119 4337 4325 6169 6170 4338 
8 4337 6119 6120 4350 4338 6170 6171 4351 
8 4350 6120 6121 4363 4351 6171 6172 4364 
8 4363 6121 6096 4376 4364 6172 6147 4377 
8 6106 6105 6122 6107 6157 6156 6173 6158 
8 6107 6122 6123 6108 6158 6173 6174 6159 
8 6108 6123 6124 6109 6159 6174 6175 6160 
8 6110 6109 6124 6111 6161 6160 6175 6162 
8 6111 6124 6125 6112 6162 6175 6176 6163 
8 6112 6125 6126 6113 6163 6176 6177 6164 
8 6113 6126 6127 6114 6164 6177 6178 6165 
8 6114 6127 6128 6115 6165 6178 6179 6166 
8 6115 6128 6129 6116 6166 6179 6180 6167 
8 6116 6129 6130 6117 6167 6180 6181 6168 
8 6118 6117 6130 6119 6169 6168 6181 6170 
8 6119 6130 6131 6120 6170 6181 6182 6171 
8 6120 6131 6132 6121 6171 6182 6183 6172 
8 6121 6132 6097 6096 6172 6183 6148 6147 
8 6097 6132 6133 6098 6148 6183 6184 6149 
8 6098 6133 6134 6099 6149 6184 6185 6150 
8 6099 6134 6135 6100 6150 6185 6186 6151 
8 6100 6135 6136 6101 6151 6186 6187 6152 
8 6101 6136 6137 6102 6152 6187 6188 6153 
8 6102 6137 6138 6103 6153 6188 6189 6154 
8 6103 6138 6139 6104 6154 6189 6190 6155 
8 6104 6139 6122 6105 6155 6190 6173 6156 
8 6124 6123 6140 6125 6175 6174 6191 6176 
8 6126 6141 6128 6127 6177 6192 6179 6178 
8 6128 6141 6142 6129 6179 6192 6193 6180 
8 6132 6131 6143 6133 6183 6182 6194 6184 
8 6133 6143 6144 6134 6184 6194 6195 6185 
8 6134 6144 6142 6135 6185 6195 6193 6186 
8 6135 6142 6141 6136 6186 6193 6192 6187 
8 6136 6141 6145 6137 6187 6192 6196 6188 
8 6137 6145 6146 6138 6188 6196 6197 6189 
8 6138 6146 6140 6139 6189 6197 6191 6190 
8 6139 6140 6123 6122 6190 6191 6174 6173 
8 6129 6143 6131 6130 6180 6194 6182 6181 
8 6142 6144 6143 6129 6193 6195 6194 6180 
8 6125 6145 6141 6126 6176 6196 6192 6177 
8 6140 6146 6145 6125 6191 6197 6196 6176 
8 3263 4377 6147 4999 3264 4378 6198 5010 
8 4999 6147 6148 5000 5010 6198 6199 5011 
8 5000 6148 6149 5001 5011 6199 6200 5012 
8 5001 6149 6150 5002 5012 6200 6201 5013 
8 5002 6150 6151 5003 5013 6201 6202 5014 
8 5003 6151 6152 5004 5014 6202 6203 5015 
8 5004 6152 6153 5005 5015 6203 6204 5016 
8 5005 6153 6154 5006 5016 6204 6205 5017 
8 5006 6154 6155 5007 5017 6205 6206 5018 
8 5007 6155 6156 5008 5018 6206 6207 5019 
8 5008 6156 6157 5009 5019 6207 6208 5020 
8 5009 6157 4169 3248 5020 6208 4170 3247 
8 4169 6157 6158 4182 4170 6208 6209 4183 
8 4182 6158 6159 4195 4183 6209 6210 4196 
8 4195 6159 6160 4208 4196 6210 6211 4209 
8 4208 6160 6161 4221 4209 6211 6212 4222 
8 4221 6161 6162 4234 4222 6212 6213 4235 
8 4234 6162 6163 4247 4235 6213 6214 4248 
8 4247 6163 6164 4260 4248 6214 6215 4261 
8 4260 6164 6165 4273 4261 6215 6216 4274 
8 4273 6165 6166 4286 4274 6216 6217 4287 
8 4286 6166 6167 4299 4287 6217 6218 4300 
8 4299 6167 6168 4312 4300 6218 6219 4313 
8 4312 6168 6169 4325 4313 6219 6220 4326 
8 4325 6169 6170 4338 4326 6220 6221 4339 
8 4338 6170 6171 4351 4339 6221 6222 4352 
8 4351 6171 6172 4364 4352 6222 6223 4365 
8 4364 6172 6147 4377 4365 6223 6198 4378 
8 6157 6156 6173 6158 6208 6207 6224 6209 
8 6158 6173 6174 6159 6209 6224 6225 6210 
8 6159 6174 6175 6160 6210 6225 6226 6211 
8 6161 6160 6175 6162 6212 6211 6226 6213 
8 6162 6175 6176 6163 6213 6226 6227 6214 
8 6163 6176 6177 6164 6214 6227 6228 6215 
8 6164 6177 6178 6165 6215 6228 6229 6216 
8 6165 6178 6179 6166 6216 6229 6230 6217 
8 6166 6179 6180 6167 6217 6230 6231 6218 
8 6167 6180 6181 6168 6218 6231 6232 6219 
8 6169 6168 6181 6170 6220 6219 6232 6221 
8 6170 6181 6182 6171 6221 6232 6233 6222 
8 6171 6182 6183 6172 6222 6233 6234 6223 
8 6172 6183 6148 6147 6223 6234 6199 6198 
8 6148 6183 6184 6149 6199 6234 6235 6200 
8 6149 6184 6185 6150 6200 6235 6236 6201 
8 6150 6185 6186 6151 6201 6236 6237 6202 
8 6151 6186 6187 6152 6202 6237 6238 6203 
8 6152 6187 6188 6153 6203 6238 6239 6204 
8 6153 6188 6189 6154 6204 6239 6240 6205 
8 6154 6189 6190 6155 6205 6240 6241 6206 
8 6155 6190 6173 6156 6206 6241 6224 6207 
8 6175 6174 6191 6176 6226 6225 6242 6227 
8 6177 6192 6179 6178 6228 6243 6230 6229 
8 6179 6192 6193 6180 6230 6243 6244 6231 
8 6183 6182 6194 6184 6234 6233 6245 6235 
8 6184 6194 6195 6185 6235 6245 6246 6236 
8 6185 6195 6193 6186 6236 6246 6244 6237 
8 6186 6193 6192 6187 6237 6244 6243 6238 
8 6187 6192 6196 6188 6238 6243 6247 6239 
8 6188 6196 6197 6189 6239 6247 6248 6240 
8 6189 6197 6191 6190 6240 6248 6242 6241 
8 6190 6191 6174 6173 6241 6242 6225 6224 
8 6180 6194 6182 6181 6231 6245 6233 6232 
8 6193 6195 6194 6180 6244 6246 6245 6231 
8 6176 6196 6192 6177 6227 6247 6243 6228 
8 6191 6197 6196 6176 6242 6248 6247 6227 
8 3264 4378 6198 5010 3265 4379 6249 5021 
8 5010 6198 6199 5011 5021 6249 6250 5022 
8 5011 6199 6200 5012 5022 6250 6251 5023 
8 5012 6200 6201 5013 5023 6251 6252 5024 
8 5013 6201 6202 5014 5024 6252 6253 5025 
8 5014 6202 6203 5015 5025 6253 6254 5026 
8 5015 6203 6204 5016 5026 6254 6255 5027 
8 5016 6204 6205 5017 5027 6255 6256 5028 
8 5017 6205 6206 5018 5028 6256 6257 5029 
8 5018 6206 6207 5019 5029 6257 6258 5030 
8 5019 6207 6208 5020 5030 6258 6259 5031 
8 5020 6208 4170 3247 5031 6259 4171 3246 
8 4170 6208 6209 4183 4171 6259 6260 4184 
8 4183 6209 6210 4196 4184 6260 6261 4197 
8 4196 6210 6211 4209 4197 6261 6262 4210 
8 4209 6211 6212 4222 4210 6262 6263 4223 
8 4222 6212 6213 4235 4223 6263 6264 4236 
8 4235 6213 6214 4248 4236 6264 6265 4249 
8 4248 6214 6215 4261 4249 6265 6266 4262 
8 4261 6215 6216 4274 4262 6266 6267 4275 
8 4274 6216 6217 4287 4275 6267 6268 4288 
8 4287 6217 6218 4300 4288 6268 6269 4301 
8 4300 6218 6219 4313 4301 6269 6270 4314 
8 4313 6219 6220 4326 4314 6270 6271 4327 
8 4326 6220 6221 4339 4327 6271 6272 4340 
8 4339 6221 6222 4352 4340 6272 6273 4353 
8 4352 6222 6223 4365 4353 6273 6274 4366 
8 4365 6223 6198 4378 4366 6274 6249 4379 
8 6208 6207 6224 6209 6259 6258 6275 6260 
8 6209 6224 6225 6210 6260 6275 6276 6261 
8 6210 6225 6226 6211 6261 6276 6277 6262 
8 6212 6211 6226 6213 6263 6262 6277 6264 
8 6213 6226 6227 6214 6264 6277 6278 6265 
8 6214 6227 6228 6215 6265 6278 6279 6266 
8 6215 6228 6229 6216 6266 6279 6280 6267 
8 6216 6229 6230 6217 6267 6280 6281 6268 
8 6217 6230 6231 6218 6268 6281 6282 6269 
8 6218 6231 6232 6219 6269 6282 6283 6270 
8 6220 6219 6232 6221 6271 6270 6283 6272 
8 6221 6232 6233 6222 6272 6283 6284 6273 
8 6222 6233 6234 6223 6273 6284 6285 6274 
8 6223 6234 6199 6198 6274 6285 6250 6249 
8 6199 6234 6235 6200 6250 6285 6286 6251 
8 6200 6235 6236 6201 6251 6286 6287 6252 
8 6201 6236 6237 6202 6252 6287 6288 6253 
8 6202 6237 6238 6203 6253 6288 6289 6254 
8 6203 6238 6239 6204 6254 6289 6290 6255 
8 6204 6239 6240 6205 6255 6290 6291 6256 
8 6205 6240 6241 6206 6256 6291 6292 6257 
8 6206 6241 6224 6207 6257 6292 6275 6258 
8 6226 6225 6242 6227 6277 6276 6293 6278 
8 6228 6243 6230 6229 6279 6294 6281 6280 
8 6230 6243 6244 6231 6281 6294 6295 6282 
8 6234 6233 6245 6235 6285 6284 6296 6286 
8 6235 6245 6246 6236 6286 6296 6297 6287 
8 6236 6246 6244 6237 6287 6297 6295 6288 
8 6237 6244 6243 6238 6288 6295 6294 6289 
8 6238 6243 6247 6239 6289 6294 6298 6290 
8 6239 6247 6248 6240 6290 6298 6299 6291 
8 6240 6248 6242 6241 6291 6299 6293 6292 
8 6241 6242 6225 6224 6292 6293 6276 6275 
8 6231 6245 6233 6232 6282 6296 6284 6283 
8 6244 6246 6245 6231 6295 6297 6296 6282 
8 6227 6247 6243 6228 6278 6298 6294 6279 
8 6242 6248 6247 6227 6293 6299 6298 6278 
8 3265 4379 6249 5021 3266 4380 6300 5032 
8 5021 6249 6250 5022 5032 6300 6301 5033 
8 5022 6250 6251 5023 5033 6301 6302 5034 
8 5023 6251 6252 5024 5034 6302 6303 5035 
8 5024 6252 6253 5025 5035 6303 6304 5036 
8 5025 6253 6254 5026 5036 6304 6305 5037 
8 5026 6254 6255 5027 5037 6305 6306 5038 
8 5027 6255 6256 5028 5038 6306 6307 5039 
8 5028 6256 6257 5029 5039 6307 6308 5040 
8 5029 6257 6258 5030 5040 6308 6309 5041 
8 5030 6258 6259 5031 5041 6309 6310 5042 
8 5031 6259 4171 3246 5042 6310 4172 3245 
8 4171 6259 6260 4184 4172 6310 6311 4185 
8 4184 6260 6261 4197 4185 6311 6312 4198 
8 4197 6261 6262 4210 4198 6312 6313 4211 
8 4210 6262 6263 4223 4211 6313 6314 4224 
8 4223 6263 6264 4236 4224 6314 6315 4237 
8 4236 6264 6265 4249 4237 6315 6316 4250 
8 4249 6265 6266 4262 4250 6316 6317 4263 
8 4262 6266 6267 4275 4263 6317 6318 4276 
8 4275 6267 6268 4288 4276 6318 6319 4289 
8 4288 6268 6269 4301 4289 6319 6320 4302 
8 4301 6269 6270 4314 4302 6320 6321 4315 
8 4314 6270 6271 4327 4315 6321 6322 4328 
8 4327 6271 6272 4340 4328 6322 6323 4341 
8 4340 6272 6273 4353 4341 6323 6324 4354 
8 4353 6273 6274 4366 4354 6324 6325 4367 
8 4366 6274 6249 4379 4367 6325 6300 4380 
8 6259 6258 6275 6260 6310 6309 6326 6311 
8 6260 6275 6276 6261 6311 6326 6327 6312 
8 6261 6276 6277 6262 6312 6327 6328 6313 
8 6263 6262 6277 6264 6314 6313 6328 6315 
8 6264 6277 6278 6265 6315 6328 6329 6316 
8 6265 6278 6279 6266 6316 6329 6330 6317 
8 6266 6279 6280 6267 6317 6330 6331 6318 
8 6267 6280 6281 6268 6318 6331 6332 6319 
8 6268 6281 6282 6269 6319 6332 6333 6320 
8 6269 6282 6283 6270 6320 6333 6334 6321 
8 6271 6270 6283 6272 6322 6321 6334 6323 
8 6272 6283 6284 6273 6323 6334 6335 6324 
8 6273 6284 6285 6274 6324 6335 6336 6325 
8 6274 6285 6250 6249 6325 6336 6301 6300 
8 6250 6285 6286 6251 6301 6336 6337 6302 
8 6251 6286 6287 6252 6302 6337 6338 6303 
8 6252 6287 6288 6253 6303 6338 6339 6304 
8 6253 6288 6289 6254 6304 6339 6340 6305 
8 6254 6289 6290 6255 6305 6340 6341 6306 
8 6255 6290 6291 6256 6306 6341 6342 6307 
8 6256 6291 6292 6257 6307 6342 6343 6308 
8 6257 6292 6275 6258 6308 6343 6326 6309 
8 6277 6276 6293 6278 6328 6327 6344 6329 
8 6279 6294 6281 6280 6330 6345 6332 6331 
8 6281 6294 6295 6282 6332 6345 6346 6333 
8 6285 6284 6296 6286 6336 6335 6347 6337 
8 6286 6296 6297 6287 6337 6347 6348 6338 
8 6287 6297 6295 6288 6338 6348 6346 6339 
8 6288 6295 6294 6289 6339 6346 6345 6340 
8 6289 6294 6298 6290 6340 6345 6349 6341 
8 6290 6298 6299 6291 6341 6349 6350 6342 
8 6291 6299 6293 6292 6342 6350 6344 6343 
8 6292 6293 6276 6275 6343 6344 6327 6326 
8 6282 6296 6284 6283 6333 6347 6335 6334 
8 6295 6297 6296 6282 6346 6348 6347 6333 
8 6278 6298 6294 6279 6329 6349 6345 6330 
8 6293 6299 6298 6278 6344 6350 6349 6329 
8 3266 4380 6300 5032 3267 4381 6351 5043 
8 5032 6300 6301 5033 5043 6351 6352 5044 
8 5033 6301 6302 5034 5044 6352 6353 5045 
8 5034 6302 6303 5035 5045 6353 6354 5046 
8 5035 6303 6304 5036 5046 6354 6355 5047 
8 5036 6304 6305 5037 5047 6355 6356 5048 
8 5037 6305 6306 5038 5048 6356 6357 5049 
8 5038 6306 6307 5039 5049 6357 6358 5050 
8 5039 6307 6308 5040 5050 6358 6359 5051 
8 5040 6308 6309 5041 5051 6359 6360 5052 
8 5041 6309 6310 5042 5052 6360 6361 5053 
8 5042 6310 4172 3245 5053 6361 4173 3244 
8 4172 6310 6311 4185 4173 6361 6362 4186 
8 4185 6311 6312 4198 4186 6362 6363 4199 
8 4198 6312 6313 4211 4199 6363 6364 4212 
8 4211 6313 6314 4224 4212 6364 6365 4225 
8 4224 6314 6315 4237 4225 6365 6366 4238 
8 4237 6315 6316 4250 4238 6366 6367 4251 
8 4250 6316 6317 4263 4251 6367 6368 4264 
8 4263 6317 6318 4276 4264 6368 6369 4277 
8 4276 6318 6319 4289 4277 6369 6370 4290 
8 4289 6319 6320 4302 4290 6370 6371 4303 
8 4302 6320 6321 4315 4303 6371 6372 4316 
8 4315 6321 6322 4328 4316 6372 6373 4329 
8 4328 6322 6323 4341 4329 6373 6374 4342 
8 4341 6323 6324 4354 4342 6374 6375 4355 
8 4354 6324 6325 4367 4355 6375 6376 4368 
8 4367 6325 6300 4380 4368 6376 6351 4381 
8 6310 6309 6326 6311 6361 6360 6377 6362 
8 6311 6326 6327 6312 6362 6377 6378 6363 
8 6312 6327 6328 6313 6363 6378 6379 6364 
8 6314 6313 6328 6315 6365 6364 6379 6366 
8 6315 6328 6329 6316 6366 6379 6380 6367 
8 6316 6329 6330 6317 6367 6380 6381 6368 
8 6317 6330 6331 6318 6368 6381 6382 6369 
8 6318 6331 6332 6319 6369 6382 6383 6370 
8 6319 6332 6333 6320 6370 6383 6384 6371 
8 6320 6333 6334 6321 6371 6384 6385 6372 
8 6322 6321 6334 6323 6373 6372 6385 6374 
8 6323 6334 6335 6324 6374 6385 6386 6375 
8 6324 6335 6336 6325 6375 6386 6387 6376 
8 6325 6336 6301 6300 6376 6387 6352 6351 
8 6301 6336 6337 6302 6352 6387 6388 6353 
8 6302 6337 6338 6303 6353 6388 6389 6354 
8 6303 6338 6339 6304 6354 6389 6390 6355 
8 6304 6339 6340 6305 6355 6390 6391 6356 
8 6305 6340 6341 6306 6356 6391 6392 6357 
8 6306 6341 6342 6307 6357 6392 6393 6358 
8 6307 6342 6343 6308 6358 6393 6394 6359 
8 6308 6343 6326 6309 6359 6394 6377 6360 
8 6328 6327 6344 6329 6379 6378 6395 6380 
8 6330 6345 6332 6331 6381 6396 6383 6382 
8 6332 6345 6346 6333 6383 6396 6397 6384 
8 6336 6335 6347 6337 6387 6386 6398 6388 
8 6337 6347 6348 6338 6388 6398 6399 6389 
8 6338 6348 6346 6339 6389 6399 6397 6390 
8 6339 6346 6345 6340 6390 6397 6396 6391 
8 6340 6345 6349 6341 6391 6396 6400 6392 
8 6341 6349 6350 6342 6392 6400 6401 6393 
8 6342 6350 6344 6343 6393 6401 6395 6394 
8 6343 6344 6327 6326 6394 6395 6378 6377 
8 6333 6347 6335 6334 6384 6398 6386 6385 
8 6346 6348 6347 6333 6397 6399 6398 6384 
8 6329 6349 6345 6330 6380 6400 6396 6381 
8 6344 6350 6349 6329 6395 6401 6400 6380 
8 3267 4381 6351 5043 3268 4382 6402 5054 
8 5043 6351 6352 5044 5054 6402 6403 5055 
8 5044 6352 6353 5045 5055 6403 6404 5056 
8 5045 6353 6354 5046 5056 6404 6405 5057 
8 5046 6354 6355 5047 5057 6405 6406 5058 
8 5047 6355 6356 5048 5058 6406 6407 5059 
8 5048 6356 6357 5049 5059 6407 6408 5060 
8 5049 6357 6358 5050 5060 6408 6409 5061 
8 5050 6358 6359 5051 5061 6409 6410 5062 
8 5051 6359 6360 5052 5062 6410 6411 5063 
8 5052 6360 6361 5053 5063 6411 6412 5064 
8 5053 6361 4173 3244 5064 6412 4174 3243 
8 4173 6361 6362 4186 4174 6412 6413 4187 
8 4186 6362 6363 4199 4187 6413 6414 4200 
8 4199 6363 6364 4212 4200 6414 6415 4213 
8 4212 6364 6365 4225 4213 6415 6416 4226 
8 4225 6365 6366 4238 4226 6416 6417 4239 
8 4238 6366 6367 4251 4239 6417 6418 4252 
8 4251 6367 6368 4264 4252 6418 6419 4265 
8 4264 6368 6369 4277 4265 6419 6420 4278 
8 4277 6369 6370 4290 4278 6420 6421 4291 
8 4290 6370 6371 4303 4291 6421 6422 4304 
8 4303 6371 6372 4316 4304 6422 6423 4317 
8 4316 6372 6373 4329 4317 6423 6424 4330 
8 4329 6373 6374 4342 4330 6424 6425 4343 
8 4342 6374 6375 4355 4343 6425 6426 4356 
8 4355 6375 6376 4368 4356 6426 6427 4369 
8 4368 6376 6351 4381 4369 6427 6402 4382 
8 6361 6360 6377 6362 6412 6411 6428 6413 
8 6362 6377 6378 6363 6413 6428 6429 6414 
8 6363 6378 6379 6364 6414 6429 6430 6415 
8 6365 6364 6379 6366 6416 6415 6430 6417 
8 6366 6379 6380 6367 6417 6430 6431 6418 
8 6367 6380 6381 6368 6418 6431 6432 6419 
8 6368 6381 6382 6369 6419 6432 6433 6420 
8 6369 6382 6383 6370 6420 6433 6434 6421 
8 6370 6383 6384 6371 6421 6434 6435 6422 
8 6371 6384 6385 6372 6422 6435 6436 6423 
8 6373 6372 6385 6374 6424 6423 6436 6425 
8 6374 6385 6386 6375 6425 6436 6437 6426 
8 6375 6386 6387 6376 6426 6437 6438 6427 
8 6376 6387 6352 6351 6427 6438 6403 6402 
8 6352 6387 6388 6353 6403 6438 6439 6404 
8 6353 6388 6389 6354 6404 6439 6440 6405 
8 6354 6389 6390 6355 6405 6440 6441 6406 
8 6355 6390 6391 6356 6406 6441 6442 6407 
8 6356 6391 6392 6357 6407 6442 6443 6408 
8 6357 6392 6393 6358 6408 6443 6444 6409 
8 6358 6393 6394 6359 6409 6444 6445 6410 
8 6359 6394 6377 6360 6410 6445 6428 6411 
8 6379 6378 6395 6380 6430 6429 6446 6431 
8 6381 6396 6383 6382 6432 6447 6434 6433 
8 6383 6396 6397 6384 6434 6447 6448 6435 
8 6387 6386 6398 6388 6438 6437 6449 6439 
8 6388 6398 6399 6389 6439 6449 6450 6440 
8 6389 6399 6397 6390 6440 6450 6448 6441 
8 6390 6397 6396 6391 6441 6448 6447 6442 
8 6391 6396 6400 6392 6442 6447 6451 6443 
8 6392 6400 6401 6393 6443 6451 6452 6444 
8 6393 6401 6395 6394 6444 6452 6446 6445 
8 6394 6395 6378 6377 6445 6446 6429 6428 
8 6384 6398 6386 6385 6435 6449 6437 6436 
8 6397 6399 6398 6384 6448 6450 6449 6435 
8 6380 6400 6396 6381 6431 6451 6447 6432 
8 6395 6401 6400 6380 6446 6452 6451 6431 
8 3268 4382 6402 5054 3269 4383 6453 5065 
8 5054 6402 6403 5055 5065 6453 6454 5066 
8 5055 6403 6404 5056 5066 6454 6455 5067 
8 5056 6404 6405 5057 5067 6455 6456 5068 
8 5057 6405 6406 5058 5068 6456 6457 5069 
8 5058 6406 6407 5059 5069 6457 6458 5070 
8 5059 6407 6408 5060 5070 6458 6459 5071 
8 5060 6408 6409 5061 5071 6459 6460 5072 
8 5061 6409 6410 5062 5072 6460 6461 5073 
8 5062 6410 6411 5063 5073 6461 6462 5074 
8 5063 6411 6412 5064 5074 6462 6463 5075 
8 5064 6412 4174 3243 5075 6463 4175 3242 
8 4174 6412 6413 4187 4175 6463 6464 4188 
8 4187 6413 6414 4200 4188 6464 6465 4201 
8 4200 6414 6415 4213 4201 6465 6466 4214 
8 4213 6415 6416 4226 4214 6466 6467 4227 
8 4226 6416 6417 4239 4227 6467 6468 4240 
8 4239 6417 6418 4252 4240 6468 6469 4253 
8 4252 6418 6419 4265 4253 6469 6470 4266 
8 4265 6419 6420 4278 4266 6470 6471 4279 
8 4278 6420 6421 4291 4279 6471 6472 4292 
8 4291 6421 6422 4304 4292 6472 6473 4305 
8 4304 6422 6423 4317 4305 6473 6474 4318 
8 4317 6423 6424 4330 4318 6474 6475 4331 
8 4330 6424 6425 4343 4331 6475 6476 4344 
8 4343 6425 6426 4356 4344 6476 6477 4357 
8 4356 6426 6427 4369 4357 6477 6478 4370 
8 4369 6427 6402 4382 4370 6478 6453 4383 
8 6412 6411 6428 6413 6463 6462 6479 6464 
8 6413 6428 6429 6414 6464 6479 6480 6465 
8 6414 6429 6430 6415 6465 6480 6481 6466 
8 6416 6415 6430 6417 6467 6466 6481 6468 
8 6417 6430 6431 6418 6468 6481 6482 6469 
8 6418 6431 6432 6419 6469 6482 6483 6470 
8 6419 6432 6433 6420 6470 6483 6484 6471 
8 6420 6433 6434 6421 6471 6484 6485 6472 
8 6421 6434 6435 6422 6472 6485 6486 6473 
8 6422 6435 6436 6423 6473 6486 6487 6474 
8 6424 6423 6436 6425 6475 6474 6487 6476 
8 6425 6436 6437 6426 6476 6487 6488 6477 
8 6426 6437 6438 6427 6477 6488 6489 6478 
8 6427 6438 6403 6402 6478 6489 6454 6453 
8 6403 6438 6439 6404 6454 6489 6490 6455 
8 6404 6439 6440 6405 6455 6490 6491 6456 
8 6405 6440 6441 6406 6456 6491 6492 6457 
8 6406 6441 6442 6407 6457 6492 6493 6458 
8 6407 6442 6443 6408 6458 6493 6494 6459 
8 6408 6443 6444 6409 6459 6494 6495 6460 
8 6409 6444 6445 6410 6460 6495 6496 6461 
8 6410 6445 6428 6411 6461 6496 6479 6462 
8 6430 6429 6446 6431 6481 6480 6497 6482 
8 6432 6447 6434 6433 6483 6498 6485 6484 
8 6434 6447 6448 6435 6485 6498 6499 6486 
8 6438 6437 6449 6439 6489 6488 6500 6490 
8 6439 6449 6450 6440 6490 6500 6501 6491 
8 6440 6450 6448 6441 6491 6501 6499 6492 
8 6441 6448 6447 6442 6492 6499 6498 6493 
8 6442 6447 6451 6443 6493 6498 6502 6494 
8 6443 6451 6452 6444 6494 6502 6503 6495 
8 6444 6452 6446 6445 6495 6503 6497 6496 
8 6445 6446 6429 6428 6496 6497 6480 6479 
8 6435 6449 6437 6436 6486 6500 6488 6487 
8 6448 6450 6449 6435 6499 6501 6500 6486 
8 6431 6451 6447 6432 6482 6502 6498 6483 
8 6446 6452 6451 6431 6497 6503 6502 6482 
8 3269 4383 6453 5065 3256 4146 6504 4922 
8 5065 6453 6454 5066 4922 6504 6505 4923 
8 5066 6454 6455 5067 4923 6505 6506 4924 
8 5067 6455 6456 5068 4924 6506 6507 4925 
8 5068 6456 6457 5069 4925 6507 6508 4926 
8 5069 6457 6458 5070 4926 6508 6509 4927 
8 5070 6458 6459 5071 4927 6509 6510 4928 
8 5071 6459 6460 5072 4928 6510 6511 4929 
8 5072 6460 6461 5073 4929 6511 6512 4930 
8 5073 6461 6462 5074 4930 6512 6513 4931 
8 5074 6462 6463 5075 4931 6513 6514 4932 
8 5075 6463 4175 3242 4932 6514 4162 3240 
8 4175 6463 6464 4188 4162 6514 6515 4161 
8 4188 6464 6465 4201 4161 6515 6516 4160 
8 4201 6465 6466 4214 4160 6516 6517 4159 
8 4214 6466 6467 4227 4159 6517 6518 4158 
8 4227 6467 6468 4240 4158 6518 6519 4157 
8 4240 6468 6469 4253 4157 6519 6520 4156 
8 4253 6469 6470 4266 4156 6520 6521 4155 
8 4266 6470 6471 4279 4155 6521 6522 4154 
8 4279 6471 6472 4292 4154 6522 6523 4153 
8 4292 6472 6473 4305 4153 6523 6524 4152 
8 4305 6473 6474 4318 4152 6524 6525 4151 
8 4318 6474 6475 4331 4151 6525 6526 4150 
8 4331 6475 6476 4344 4150 6526 6527 4149 
8 4344 6476 6477 4357 4149 6527 6528 4148 
8 4357 6477 6478 4370 4148 6528 6529 4147 
8 4370 6478 6453 4383 4147 6529 6504 4146 
8 6463 6462 6479 6464 6514 6513 6530 6515 
8 6464 6479 6480 6465 6515 6530 6531 6516 
8 6465 6480 6481 6466 6516 6531 6532 6517 
8 6467 6466 6481 6468 6518 6517 6532 6519 
8 6468 6481 6482 6469 6519 6532 6533 6520 
8 6469 6482 6483 6470 6520 6533 6534 6521 
8 6470 6483 6484 6471 6521 6534 6535 6522 
8 6471 6484 6485 6472 6522 6535 6536 6523 
8 6472 6485 6486 6473 6523 6536 6537 6524 
8 6473 6486 6487 6474 6524 6537 6538 6525 
8 6475 6474 6487 6476 6526 6525 6538 6527 
8 6476 6487 6488 6477 6527 6538 6539 6528 
8 6477 6488 6489 6478 6528 6539 6540 6529 
8 6478 6489 6454 6453 6529 6540 6505 6504 
8 6454 6489 6490 6455 6505 6540 6541 6506 
8 6455 6490 6491 6456 6506 6541 6542 6507 
8 6456 6491 6492 6457 6507 6542 6543 6508 
8 6457 6492 6493 6458 6508 6543 6544 6509 
8 6458 6493 6494 6459 6509 6544 6545 6510 
8 6459 6494 6495 6460 6510 6545 6546 6511 
8 6460 6495 6496 6461 6511 6546 6547 6512 
8 6461 6496 6479 6462 6512 6547 6530 6513 
8 6481 6480 6497 6482 6532 6531 6548 6533 
8 6483 6498 6485 6484 6534 6549 6536 6535 
8 6485 6498 6499 6486 6536 6549 6550 6537 
8 6489 6488 6500 6490 6540 6539 6551 6541 
8 6490 6500 6501 6491 6541 6551 6552 6542 
8 6491 6501 6499 6492 6542 6552 6550 6543 
8 6492 6499 6498 6493 6543 6550 6549 6544 
8 6493 6498 6502 6494 6544 6549 6553 6545 
8 6494 6502 6503 6495 6545 6553 6554 6546 
8 6495 6503 6497 6496 6546 6554 6548 6547 
8 6496 6497 6480 6479 6547 6548 6531 6530 
8 6486 6500 6488 6487 6537 6551 6539 6538 
8 6499 6501 6500 6486 6550 6552 6551 6537 
8 6482 6502 6498 6483 6533 6553 6549 6534 
8 6497 6503 6502 6482 6548 6554 6553 6533 
8 1744 1727 6 25 2288 2049 143 709 
8 1745 1728 1727 1744 2289 2036 2049 2288 
8 1746 1729 1728 1745 2290 2023 2036 2289 
8 1747 1730 1729 1746 2291 2010 2023 2290 
8 1748 1731 1730 1747 2292 1997 2010 2291 
8 1749 1732 1731 1748 2293 1984 1997 2292 
8 1750 1733 1732 1749 2294 1971 1984 2293 
8 1751 1734 1733 1750 2295 1958 1971 2294 
8 1752 1735 1734 1751 2296 1945 1958 2295 
8 1753 1736 1735 1752 2297 1932 1945 2296 
8 1754 1737 1736 1753 2298 1919 1932 2297 
8 1755 1738 1737 1754 2299 1906 1919 2298 
8 1756 1739 1738 1755 2300 1893 1906 2299 
8 1757 1740 1739 1756 2301 1880 1893 2300 
8 1758 1741 1740 1757 2302 1867 1880 2301 
8 1759 1742 1741 1758 2303 1854 1867 2302 
8 1760 1743 1742 1759 2304 1841 1854 2303 
8 5 1 1743 1760 174 129 1841 2304 
8 1761 1744 25 26 2305 2288 709 708 
8 4 5 1760 1777 175 174 2304 2306 
8 1778 1761 26 27 2307 2305 708 707 
8 3 4 1777 1794 176 175 2306 2308 
8 1795 1778 27 28 2309 2307 707 706 
8 2 3 1794 1811 177 176 2308 2310 
8 1726 1795 28 24 2275 2309 706 157 
8 1725 1796 1795 1726 2262 2311 2309 2275 
8 1724 1797 1796 1725 2249 2312 2311 2262 
8 1723 1798 1797 1724 2236 2313 2312 2249 
8 1722 1799 1798 1723 2223 2314 2313 2236 
8 1721 1800 1799 1722 2210 2315 2314 2223 
8 1720 1801 1800 1721 2197 2316 2315 2210 
8 1719 1802 1801 1720 2184 2317 2316 2197 
8 1718 1803 1802 1719 2171 2318 2317 2184 
8 1717 1804 1803 1718 2158 2319 2318 2171 
8 1716 1805 1804 1717 2145 2320 2319 2158 
8 1715 1806 1805 1716 2132 2321 2320 2145 
8 1714 1807 1806 1715 2119 2322 2321 2132 
8 1713 1808 1807 1714 2106 2323 2322 2119 
8 1712 1809 1808 1713 2093 2324 2323 2106 
8 1711 1810 1809 1712 2080 2325 2324 2093 
8 1710 1811 1810 1711 2067 2310 2325 2080 
8 0 2 1811 1710 127 177 2310 2067 
8 1762 1745 1744 1761 2326 2289 2288 2305 
8 1763 1746 1745 1762 2327 2290 2289 2326 
8 1764 1747 1746 1763 2328 2291 2290 2327 
8 1765 1748 1747 1764 2329 2292 2291 2328 
8 1766 1749 1748 1765 2330 2293 2292 2329 
8 1767 1750 1749 1766 2331 2294 2293 2330 
8 1768 1751 1750 1767 2332 2295 2294 2331 
8 1769 1752 1751 1768 2333 2296 2295 2332 
8 1770 1753 1752 1769 2334 2297 2296 2333 
8 1771 1754 1753 1770 2335 2298 2297 2334 
8 1772 1755 1754 1771 2336 2299 2298 2335 
8 1773 1756 1755 1772 2337 2300 2299 2336 
8 1774 1757 1756 1773 2338 2301 2300 2337 
8 1775 1758 1757 1774 2339 2302 2301 2338 
8 1776 1759 1758 1775 2340 2303 2302 2339 
8 1777 1760 1759 1776 2306 2304 2303 2340 
8 1779 1762 1761 1778 2341 2326 2305 2307 
8 1780 1763 1762 1779 2342 2327 2326 2341 
8 1781 1764 1763 1780 2343 2328 2327 2342 
8 1782 1765 1764 1781 2344 2329 2328 2343 
8 1783 1766 1765 1782 2345 2330 2329 2344 
8 1784 1767 1766 1783 2346 2331 2330 2345 
8 1785 1768 1767 1784 2347 2332 2331 2346 
8 1786 1769 1768 1785 2348 2333 2332 2347 
8 1787 1770 1769 1786 2349 2334 2333 2348 
8 1788 1771 1770 1787 2350 2335 2334 2349 
8 1789 1772 1771 1788 2351 2336 2335 2350 
8 1790 1773 1772 1789 2352 2337 2336 2351 
8 1791 1774 1773 1790 2353 2338 2337 2352 
8 1792 1775 1774 1791 2354 2339 2338 2353 
8 1793 1776 1775 1792 2355 2340 2339 2354 
8 1794 1777 1776 1793 2308 2306 2340 2355 
8 1796 1779 1778 1795 2311 2341 2307 2309 
8 1797 1780 1779 1796 2312 2342 2341 2311 
8 1798 1781 1780 1797 2313 2343 2342 2312 
8 1799 1782 1781 1798 2314 2344 2343 2313 
8 1800 1783 1782 1799 2315 2345 2344 2314 
8 1801 1784 1783 1800 2316 2346 2345 2315 
8 1802 1785 1784 1801 2317 2347 2346 2316 
8 1803 1786 1785 1802 2318 2348 2347 2317 
8 1804 1787 1786 1803 2319 2349 2348 2318 
8 1805 1788 1787 1804 2320 2350 2349 2319 
8 1806 1789 1788 1805 2321 2351 2350 2320 
8 1807 1790 1789 1806 2322 2352 2351 2321 
8 1808 1791 1790 1807 2323 2353 2352 2322 
8 1809 1792 1791 1808 2324 2354 2353 2323 
8 1810 1793 1792 1809 2325 2355 2354 2324 
8 1811 1794 1793 1810 2310 2308 2355 2325 
8 143 709 2288 2049 144 713 2356 2048 
8 2049 2288 2289 2036 2048 2356 2357 2035 
8 2036 2289 2290 2023 2035 2357 2358 2022 
8 2023 2290 2291 2010 2022 2358 2359 2009 
8 2010 2291 2292 1997 2009 2359 2360 1996 
8 1997 2292 2293 1984 1996 2360 2361 1983 
8 1984 2293 2294 1971 1983 2361 2362 1970 
8 1971 2294 2295 1958 1970 2362 2363 1957 
8 1958 2295 2296 1945 1957 2363 2364 1944 
8 1945 2296 2297 1932 1944 2364 2365 1931 
8 1932 2297 2298 1919 1931 2365 2366 1918 
8 1919 2298 2299 1906 1918 2366 2367 1905 
8 1906 2299 2300 1893 1905 2367 2368 1892 
8 1893 2300 2301 1880 1892 2368 2369 1879 
8 1880 2301 2302 1867 1879 2369 2370 1866 
8 1867 2302 2303 1854 1866 2370 2371 1853 
8 1854 2303 2304 1841 1853 2371 2372 1840 
8 1841 2304 174 129 1840 2372 178 130 
8 709 708 2305 2288 713 712 2373 2356 
8 2304 2306 175 174 2372 2374 179 178 
8 708 707 2307 2305 712 711 2375 2373 
8 2306 2308 176 175 2374 2376 180 179 
8 707 706 2309 2307 711 710 2377 2375 
8 2308 2310 177 176 2376 2378 181 180 
8 706 157 2275 2309 710 158 2276 2377 
8 2309 2275 2262 2311 2377 2276 2263 2379 
8 2311 2262 2249 2312 2379 2263 2250 2380 
8 2312 2249 2236 2313 2380 2250 2237 2381 
8 2313 2236 2223 2314 2381 2237 2224 2382 
8 2314 2223 2210 2315 2382 2224 2211 2383 
8 2315 2210 2197 2316 2383 2211 2198 2384 
8 2316 2197 2184 2317 2384 2198 2185 2385 
8 2317 2184 2171 2318 2385 2185 2172 2386 
8 2318 2171 2158 2319 2386 2172 2159 2387 
8 2319 2158 2145 2320 2387 2159 2146 2388 
8 2320 2145 2132 2321 2388 2146 2133 2389 
8 2321 2132 2119 2322 2389 2133 2120 2390 
8 2322 2119 2106 2323 2390 2120 2107 2391 
8 2323 2106 2093 2324 2391 2107 2094 2392 
8 2324 2093 2080 2325 2392 2094 2081 2393 
8 2325 2080 2067 2310 2393 2081 2068 2378 
8 2310 2067 127 177 2378 2068 126 181 
8 2288 2305 2326 2289 2356 2373 2394 2357 
8 2289 2326 2327 2290 2357 2394 2395 2358 
8 2290 2327 2328 2291 2358 2395 2396 2359 
8 2291 2328 2329 2292 2359 2396 2397 2360 
8 2292 2329 2330 2293 2360 2397 2398 2361 
8 2293 2330 2331 2294 2361 2398 2399 2362 
8 2294 2331 2332 2295 2362 2399 2400 2363 
8 2295 2332 2333 2296 2363 2400 2401 2364 
8 2296 2333 2334 2297 2364 2401 2402 2365 
8 2297 2334 2335 2298 2365 2402 2403 2366 
8 2298 2335 2336 2299 2366 2403 2404 2367 
8 2299 2336 2337 2300 2367 2404 2405 2368 
8 2300 2337 2338 2301 2368 2405 2406 2369 
8 2301 2338 2339 2302 2369 2406 2407 2370 
8 2302 2339 2340 2303 2370 2407 2408 2371 
8 2303 2340 2306 2304 2371 2408 2374 2372 
8 2305 2307 2341 2326 2373 2375 2409 2394 
8 2326 2341 2342 2327 2394 2409 2410 2395 
8 2327 2342 2343 2328 2395 2410 2411 2396 
8 2328 2343 2344 2329 2396 2411 2412 2397 
8 2329 2344 2345 2330 2397 2412 2413 2398 
8 2330 2345 2346 2331 2398 2413 2414 2399 
8 2331 2346 2347 2332 2399 2414 2415 2400 
8 2332 2347 2348 2333 2400 2415 2416 2401 
8 2333 2348 2349 2334 2401 2416 2417 2402 
8 2334 2349 2350 2335 2402 2417 2418 2403 
8 2335 2350 2351 2336 2403 2418 2419 2404 
8 2336 2351 2352 2337 2404 2419 2420 2405 
8 2337 2352 2353 2338 2405 2420 2421 2406 
8 2338 2353 2354 2339 2406 2421 2422 2407 
8 2339 2354 2355 2340 2407 2422 2423 2408 
8 2340 2355 2308 2306 2408 2423 2376 2374 
8 2307 2309 2311 2341 2375 2377 2379 2409 
8 2341 2311 2312 2342 2409 2379 2380 2410 
8 2342 2312 2313 2343 2410 2380 2381 2411 
8 2343 2313 2314 2344 2411 2381 2382 2412 
8 2344 2314 2315 2345 2412 2382 2383 2413 
8 2345 2315 2316 2346 2413 2383 2384 2414 
8 2346 2316 2317 2347 2414 2384 2385 2415 
8 2347 2317 2318 2348 2415 2385 2386 2416 
8 2348 2318 2319 2349 2416 2386 2387 2417 
8 2349 2319 2320 2350 2417 2387 2388 2418 
8 2350 2320 2321 2351 2418 2388 2389 2419 
8 2351 2321 2322 2352 2419 2389 2390 2420 
8 2352 2322 2323 2353 2420 2390 2391 2421 
8 2353 2323 2324 2354 2421 2391 2392 2422 
8 2354 2324 2325 2355 2422 2392 2393 2423 
8 2355 2325 2310 2308 2423 2393 2378 2376 
8 144 713 2356 2048 145 717 2424 2047 
8 2048 2356 2357 2035 2047 2424 2425 2034 
8 2035 2357 2358 2022 2034 2425 2426 2021 
8 2022 2358 2359 2009 2021 2426 2427 2008 
8 2009 2359 2360 1996 2008 2427 2428 1995 
8 1996 2360 2361 1983 1995 2428 2429 1982 
8 1983 2361 2362 1970 1982 2429 2430 1969 
8 1970 2362 2363 1957 1969 2430 2431 1956 
8 1957 2363 2364 1944 1956 2431 2432 1943 
8 1944 2364 2365 1931 1943 2432 2433 1930 
8 1931 2365 2366 1918 1930 2433 2434 1917 
8 1918 2366 2367 1905 1917 2434 2435 1904 
8 1905 2367 2368 1892 1904 2435 2436 1891 
8 1892 2368 2369 1879 1891 2436 2437 1878 
8 1879 2369 2370 1866 1878 2437 2438 1865 
8 1866 2370 2371 1853 1865 2438 2439 1852 
8 1853 2371 2372 1840 1852 2439 2440 1839 
8 1840 2372 178 130 1839 2440 182 131 
8 713 712 2373 2356 717 716 2441 2424 
8 2372 2374 179 178 2440 2442 183 182 
8 712 711 2375 2373 716 715 2443 2441 
8 2374 2376 180 179 2442 2444 184 183 
8 711 710 2377 2375 715 714 2445 2443 
8 2376 2378 181 180 2444 2446 185 184 
8 710 158 2276 2377 714 159 2277 2445 
8 2377 2276 2263 2379 2445 2277 2264 2447 
8 2379 2263 2250 2380 2447 2264 2251 2448 
8 2380 2250 2237 2381 2448 2251 2238 2449 
8 2381 2237 2224 2382 2449 2238 2225 2450 
8 2382 2224 2211 2383 2450 2225 2212 2451 
8 2383 2211 2198 2384 2451 2212 2199 2452 
8 2384 2198 2185 2385 2452 2199 2186 2453 
8 2385 2185 2172 2386 2453 2186 2173 2454 
8 2386 2172 2159 2387 2454 2173 2160 2455 
8 2387 2159 2146 2388 2455 2160 2147 2456 
8 2388 2146 2133 2389 2456 2147 2134 2457 
8 2389 2133 2120 2390 2457 2134 2121 2458 
8 2390 2120 2107 2391 2458 2121 2108 2459 
8 2391 2107 2094 2392 2459 2108 2095 2460 
8 2392 2094 2081 2393 2460 2095 2082 2461 
8 2393 2081 2068 2378 2461 2082 2069 2446 
8 2378 2068 126 181 2446 2069 125 185 
8 2356 2373 2394 2357 2424 2441 2462 2425 
8 2357 2394 2395 2358 2425 2462 2463 2426 
8 2358 2395 2396 2359 2426 2463 2464 2427 
8 2359 2396 2397 2360 2427 2464 2465 2428 
8 2360 2397 2398 2361 2428 2465 2466 2429 
8 2361 2398 2399 2362 2429 2466 2467 2430 
8 2362 2399 2400 2363 2430 2467 2468 2431 
8 2363 2400 2401 2364 2431 2468 2469 2432 
8 2364 2401 2402 2365 2432 2469 2470 2433 
8 2365 2402 2403 2366 2433 2470 2471 2434 
8 2366 2403 2404 2367 2434 2471 2472 2435 
8 2367 2404 2405 2368 2435 2472 2473 2436 
8 2368 2405 2406 2369 2436 2473 2474 2437 
8 2369 2406 2407 2370 2437 2474 2475 2438 
8 2370 2407 2408 2371 2438 2475 2476 2439 
8 2371 2408 2374 2372 2439 2476 2442 2440 
8 2373 2375 2409 2394 2441 2443 2477 2462 
8 2394 2409 2410 2395 2462 2477 2478 2463 
8 2395 2410 2411 2396 2463 2478 2479 2464 
8 2396 2411 2412 2397 2464 2479 2480 2465 
8 2397 2412 2413 2398 2465 2480 2481 2466 
8 2398 2413 2414 2399 2466 2481 2482 2467 
8 2399 2414 2415 2400 2467 2482 2483 2468 
8 2400 2415 2416 2401 2468 2483 2484 2469 
8 2401 2416 2417 2402 2469 2484 2485 2470 
8 2402 2417 2418 2403 2470 2485 2486 2471 
8 2403 2418 2419 2404 2471 2486 2487 2472 
8 2404 2419 2420 2405 2472 2487 2488 2473 
8 2405 2420 2421 2406 2473 2488 2489 2474 
8 2406 2421 2422 2407 2474 2489 2490 2475 
8 2407 2422 2423 2408 2475 2490 2491 2476 
8 2408 2423 2376 2374 2476 2491 2444 2442 
8 2375 2377 2379 2409 2443 2445 2447 2477 
8 2409 2379 2380 2410 2477 2447 2448 2478 
8 2410 2380 2381 2411 2478 2448 2449 2479 
8 2411 2381 2382 2412 2479 2449 2450 2480 
8 2412 2382 2383 2413 2480 2450 2451 2481 
8 2413 2383 2384 2414 2481 2451 2452 2482 
8 2414 2384 2385 2415 2482 2452 2453 2483 
8 2415 2385 2386 2416 2483 2453 2454 2484 
8 2416 2386 2387 2417 2484 2454 2455 2485 
8 2417 2387 2388 2418 2485 2455 2456 2486 
8 2418 2388 2389 2419 2486 2456 2457 2487 
8 2419 2389 2390 2420 2487 2457 2458 2488 
8 2420 2390 2391 2421 2488 2458 2459 2489 
8 2421 2391 2392 2422 2489 2459 2460 2490 
8 2422 2392 2393 2423 2490 2460 2461 2491 
8 2423 2393 2378 2376 2491 2461 2446 2444 
8 145 717 2424 2047 146 721 2492 2046 
8 2047 2424 2425 2034 2046 2492 2493 2033 
8 2034 2425 2426 2021 2033 2493 2494 2020 
8 2021 2426 2427 2008 2020 2494 2495 2007 
8 2008 2427 2428 1995 2007 2495 2496 1994 
8 1995 2428 2429 1982 1994 2496 2497 1981 
8 1982 2429 2430 1969 1981 2497 2498 1968 
8 1969 2430 2431 1956 1968 2498 2499 1955 
8 1956 2431 2432 1943 1955 2499 2500 1942 
8 1943 2432 2433 1930 1942 2500 2501 1929 
8 1930 2433 2434 1917 1929 2501 2502 1916 
8 1917 2434 2435 1904 1916 2502 2503 1903 
8 1904 2435 2436 1891 1903 2503 2504 1890 
8 1891 2436 2437 1878 1890 2504 2505 1877 
8 1878 2437 2438 1865 1877 2505 2506 1864 
8 1865 2438 2439 1852 1864 2506 2507 1851 
8 1852 2439 2440 1839 1851 2507 2508 1838 
8 1839 2440 182 131 1838 2508 186 132 
8 717 716 2441 2424 721 720 2509 2492 
8 2440 2442 183 182 2508 2510 187 186 
8 716 715 2443 2441 720 719 2511 2509 
8 2442 2444 184 183 2510 2512 188 187 
8 715 714 2445 2443 719 718 2513 2511 
8 2444 2446 185 184 2512 2514 189 188 
8 714 159 2277 2445 718 160 2278 2513 
8 2445 2277 2264 2447 2513 2278 2265 2515 
8 2447 2264 2251 2448 2515 2265 2252 2516 
8 2448 2251 2238 2449 2516 2252 2239 2517 
8 2449 2238 2225 2450 2517 2239 2226 2518 
8 2450 2225 2212 2451 2518 2226 2213 2519 
8 2451 2212 2199 2452 2519 2213 2200 2520 
8 2452 2199 2186 2453 2520 2200 2187 2521 
8 2453 2186 2173 2454 2521 2187 2174 2522 
8 2454 2173 2160 2455 2522 2174 2161 2523 
8 2455 2160 2147 2456 2523 2161 2148 2524 
8 2456 2147 2134 2457 2524 2148 2135 2525 
8 2457 2134 2121 2458 2525 2135 2122 2526 
8 2458 2121 2108 2459 2526 2122 2109 2527 
8 2459 2108 2095 2460 2527 2109 2096 2528 
8 2460 2095 2082 2461 2528 2096 2083 2529 
8 2461 2082 2069 2446 2529 2083 2070 2514 
8 2446 2069 125 185 2514 2070 124 189 
8 2424 2441 2462 2425 2492 2509 2530 2493 
8 2425 2462 2463 2426 2493 2530 2531 2494 
8 2426 2463 2464 2427 2494 2531 2532 2495 
8 2427 2464 2465 2428 2495 2532 2533 2496 
8 2428 2465 2466 2429 2496 2533 2534 2497 
8 2429 2466 2467 2430 2497 2534 2535 2498 
8 2430 2467 2468 2431 2498 2535 2536 2499 
8 2431 2468 2469 2432 2499 2536 2537 2500 
8 2432 2469 2470 2433 2500 2537 2538 2501 
8 2433 2470 2471 2434 2501 2538 2539 2502 
8 2434 2471 2472 2435 2502 2539 2540 2503 
8 2435 2472 2473 2436 2503 2540 2541 2504 
8 2436 2473 2474 2437 2504 2541 2542 2505 
8 2437 2474 2475 2438 2505 2542 2543 2506 
8 2438 2475 2476 2439 2506 2543 2544 2507 
8 2439 2476 2442 2440 2507 2544 2510 2508 
8 2441 2443 2477 2462 2509 2511 2545 2530 
8 2462 2477 2478 2463 2530 2545 2546 2531 
8 2463 2478 2479 2464 2531 2546 2547 2532 
8 2464 2479 2480 2465 2532 2547 2548 2533 
8 2465 2480 2481 2466 2533 2548 2549 2534 
8 2466 2481 2482 2467 2534 2549 2550 2535 
8 2467 2482 2483 2468 2535 2550 2551 2536 
8 2468 2483 2484 2469 2536 2551 2552 2537 
8 2469 2484 2485 2470 2537 2552 2553 2538 
8 2470 2485 2486 2471 2538 2553 2554 2539 
8 2471 2486 2487 2472 2539 2554 2555 2540 
8 2472 2487 2488 2473 2540 2555 2556 2541 
8 2473 2488 2489 2474 2541 2556 2557 2542 
8 2474 2489 2490 2475 2542 2557 2558 2543 
8 2475 2490 2491 2476 2543 2558 2559 2544 
8 2476 2491 2444 2442 2544 2559 2512 2510 
8 2443 2445 2447 2477 2511 2513 2515 2545 
8 2477 2447 2448 2478 2545 2515 2516 2546 
8 2478 2448 2449 2479 2546 2516 2517 2547 
8 2479 2449 2450 2480 2547 2517 2518 2548 
8 2480 2450 2451 2481 2548 2518 2519 2549 
8 2481 2451 2452 2482 2549 2519 2520 2550 
8 2482 2452 2453 2483 2550 2520 2521 2551 
8 2483 2453 2454 2484 2551 2521 2522 2552 
8 2484 2454 2455 2485 2552 2522 2523 2553 
8 2485 2455 2456 2486 2553 2523 2524 2554 
8 2486 2456 2457 2487 2554 2524 2525 2555 
8 2487 2457 2458 2488 2555 2525 2526 2556 
8 2488 2458 2459 2489 2556 2526 2527 2557 
8 2489 2459 2460 2490 2557 2527 2528 2558 
8 2490 2460 2461 2491 2558 2528 2529 2559 
8 2491 2461 2446 2444 2559 2529 2514 2512 
8 146 721 2492 2046 147 725 2560 2045 
8 2046 2492 2493 2033 2045 2560 2561 2032 
8 2033 2493 2494 2020 2032 2561 2562 2019 
8 2020 2494 2495 2007 2019 2562 2563 2006 
8 2007 2495 2496 1994 2006 2563 2564 1993 
8 1994 2496 2497 1981 1993 2564 2565 1980 
8 1981 2497 2498 1968 1980 2565 2566 1967 
8 1968 2498 2499 1955 1967 2566 2567 1954 
8 1955 2499 2500 1942 1954 2567 2568 1941 
8 1942 2500 2501 1929 1941 2568 2569 1928 
8 1929 2501 2502 1916 1928 2569 2570 1915 
8 1916 2502 2503 1903 1915 2570 2571 1902 
8 1903 2503 2504 1890 1902 2571 2572 1889 
8 1890 2504 2505 1877 1889 2572 2573 1876 
8 1877 2505 2506 1864 1876 2573 2574 1863 
8 1864 2506 2507 1851 1863 2574 2575 1850 
8 1851 2507 2508 1838 1850 2575 2576 1837 
8 1838 2508 186 132 1837 2576 190 133 
8 721 720 2509 2492 725 724 2577 2560 
8 2508 2510 187 186 2576 2578 191 190 
8 720 719 2511 2509 724 723 2579 2577 
8 2510 2512 188 187 2578 2580 192 191 
8 719 718 2513 2511 723 722 2581 2579 
8 2512 2514 189 188 2580 2582 193 192 
8 718 160 2278 2513 722 161 2279 2581 
8 2513 2278 2265 2515 2581 2279 2266 2583 
8 2515 2265 2252 2516 2583 2266 2253 2584 
8 2516 2252 2239 2517 2584 2253 2240 2585 
8 2517 2239 2226 2518 2585 2240 2227 2586 
8 2518 2226 2213 2519 2586 2227 2214 2587 
8 2519 2213 2200 2520 2587 2214 2201 2588 
8 2520 2200 2187 2521 2588 2201 2188 2589 
8 2521 2187 2174 2522 2589 2188 2175 2590 
8 2522 2174 2161 2523 2590 2175 2162 2591 
8 2523 2161 2148 2524 2591 2162 2149 2592 
8 2524 2148 2135 2525 2592 2149 2136 2593 
8 2525 2135 2122 2526 2593 2136 2123 2594 
8 2526 2122 2109 2527 2594 2123 2110 2595 
8 2527 2109 2096 2528 2595 2110 2097 2596 
8 2528 2096 2083 2529 2596 2097 2084 2597 
8 2529 2083 2070 2514 2597 2084 2071 2582 
8 2514 2070 124 189 2582 2071 123 193 
8 2492 2509 2530 2493 2560 2577 2598 2561 
8 2493 2530 2531 2494 2561 2598 2599 2562 
8 2494 2531 2532 2495 2562 2599 2600 2563 
8 2495 2532 2533 2496 2563 2600 2601 2564 
8 2496 2533 2534 2497 2564 2601 2602 2565 
8 2497 2534 2535 2498 2565 2602 2603 2566 
8 2498 2535 2536 2499 2566 2603 2604 2567 
8 2499 2536 2537 2500 2567 2604 2605 2568 
8 2500 2537 2538 2501 2568 2605 2606 2569 
8 2501 2538 2539 2502 2569 2606 2607 2570 
8 2502 2539 2540 2503 2570 2607 2608 2571 
8 2503 2540 2541 2504 2571 2608 2609 2572 
8 2504 2541 2542 2505 2572 2609 2610 2573 
8 2505 2542 2543 2506 2573 2610 2611 2574 
8 2506 2543 2544 2507 2574 2611 2612 2575 
8 2507 2544 2510 2508 2575 2612 2578 2576 
8 2509 2511 2545 2530 2577 2579 2613 2598 
8 2530 2545 2546 2531 2598 2613 2614 2599 
8 2531 2546 2547 2532 2599 2614 2615 2600 
8 2532 2547 2548 2533 2600 2615 2616 2601 
8 2533 2548 2549 2534 2601 2616 2617 2602 
8 2534 2549 2550 2535 2602 2617 2618 2603 
8 2535 2550 2551 2536 2603 2618 2619 2604 
8 2536 2551 2552 2537 2604 2619 2620 2605 
8 2537 2552 2553 2538 2605 2620 2621 2606 
8 2538 2553 2554 2539 2606 2621 2622 2607 
8 2539 2554 2555 2540 2607 2622 2623 2608 
8 2540 2555 2556 2541 2608 2623 2624 2609 
8 2541 2556 2557 2542 2609 2624 2625 2610 
8 2542 2557 2558 2543 2610 2625 2626 2611 
8 2543 2558 2559 2544 2611 2626 2627 2612 
8 2544 2559 2512 2510 2612 2627 2580 2578 
8 2511 2513 2515 2545 2579 2581 2583 2613 
8 2545 2515 2516 2546 2613 2583 2584 2614 
8 2546 2516 2517 2547 2614 2584 2585 2615 
8 2547 2517 2518 2548 2615 2585 2586 2616 
8 2548 2518 2519 2549 2616 2586 2587 2617 
8 2549 2519 2520 2550 2617 2587 2588 2618 
8 2550 2520 2521 2551 2618 2588 2589 2619 
8 2551 2521 2522 2552 2619 2589 2590 2620 
8 2552 2522 2523 2553 2620 2590 2591 2621 
8 2553 2523 2524 2554 2621 2591 2592 2622 
8 2554 2524 2525 2555 2622 2592 2593 2623 
8 2555 2525 2526 2556 2623 2593 2594 2624 
8 2556 2526 2527 2557 2624 2594 2595 2625 
8 2557 2527 2528 2558 2625 2595 2596 2626 
8 2558 2528 2529 2559 2626 2596 2597 2627 
8 2559 2529 2514 2512 2627 2597 2582 2580 
8 147 725 2560 2045 148 729 2628 2044 
8 2045 2560 2561 2032 2044 2628 2629 2031 
8 2032 2561 2562 2019 2031 2629 2630 2018 
8 2019 2562 2563 2006 2018 2630 2631 2005 
8 2006 2563 2564 1993 2005 2631 2632 1992 
8 1993 2564 2565 1980 1992 2632 2633 1979 
8 1980 2565 2566 1967 1979 2633 2634 1966 
8 1967 2566 2567 1954 1966 2634 2635 1953 
8 1954 2567 2568 1941 1953 2635 2636 1940 
8 1941 2568 2569 1928 1940 2636 2637 1927 
8 1928 2569 2570 1915 1927 2637 2638 1914 
8 1915 2570 2571 1902 1914 2638 2639 1901 
8 1902 2571 2572 1889 1901 2639 2640 1888 
8 1889 2572 2573 1876 1888 2640 2641 1875 
8 1876 2573 2574 1863 1875 2641 2642 1862 
8 1863 2574 2575 1850 1862 2642 2643 1849 
8 1850 2575 2576 1837 1849 2643 2644 1836 
8 1837 2576 190 133 1836 2644 194 134 
8 725 724 2577 2560 729 728 2645 2628 
8 2576 2578 191 190 2644 2646 195 194 
8 724 723 2579 2577 728 727 2647 2645 
8 2578 2580 192 191 2646 2648 196 195 
8 723 722 2581 2579 727 726 2649 2647 
8 2580 2582 193 192 2648 2650 197 196 
8 722 161 2279 2581 726 162 2280 2649 
8 2581 2279 2266 2583 2649 2280 2267 2651 
8 2583 2266 2253 2584 2651 2267 2254 2652 
8 2584 2253 2240 2585 2652 2254 2241 2653 
8 2585 2240 2227 2586 2653 2241 2228 2654 
8 2586 2227 2214 2587 2654 2228 2215 2655 
8 2587 2214 2201 2588 2655 2215 2202 2656 
8 2588 2201 2188 2589 2656 2202 2189 2657 
8 2589 2188 2175 2590 2657 2189 2176 2658 
8 2590 2175 2162 2591 2658 2176 2163 2659 
8 2591 2162 2149 2592 2659 2163 2150 2660 
8 2592 2149 2136 2593 2660 2150 2137 2661 
8 2593 2136 2123 2594 2661 2137 2124 2662 
8 2594 2123 2110 2595 2662 2124 2111 2663 
8 2595 2110 2097 2596 2663 2111 2098 2664 
8 2596 2097 2084 2597 2664 2098 2085 2665 
8 2597 2084 2071 2582 2665 2085 2072 2650 
8 2582 2071 123 193 2650 2072 122 197 
8 2560 2577 2598 2561 2628 2645 2666 2629 
8 2561 2598 2599 2562 2629 2666 2667 2630 
8 2562 2599 2600 2563 2630 2667 2668 2631 
8 2563 2600 2601 2564 2631 2668 2669 2632 
8 2564 2601 2602 2565 2632 2669 2670 2633 
8 2565 2602 2603 2566 2633 2670 2671 2634 
8 2566 2603 2604 2567 2634 2671 2672 2635 
8 2567 2604 2605 2568 2635 2672 2673 2636 
8 2568 2605 2606 2569 2636 2673 2674 2637 
8 2569 2606 2607 2570 2637 2674 2675 2638 
8 2570 2607 2608 2571 2638 2675 2676 2639 
8 2571 2608 2609 2572 2639 2676 2677 2640 
8 2572 2609 2610 2573 2640 2677 2678 2641 
8 2573 2610 2611 2574 2641 2678 2679 2642 
8 2574 2611 2612 2575 2642 2679 2680 2643 
8 2575 2612 2578 2576 2643 2680 2646 2644 
8 2577 2579 2613 2598 2645 2647 2681 2666 
8 2598 2613 2614 2599 2666 2681 2682 2667 
8 2599 2614 2615 2600 2667 2682 2683 2668 
8 2600 2615 2616 2601 2668 2683 2684 2669 
8 2601 2616 2617 2602 2669 2684 2685 2670 
8 2602 2617 2618 2603 2670 2685 2686 2671 
8 2603 2618 2619 2604 2671 2686 2687 2672 
8 2604 2619 2620 2605 2672 2687 2688 2673 
8 2605 2620 2621 2606 2673 2688 2689 2674 
8 2606 2621 2622 2607 2674 2689 2690 2675 
8 2607 2622 2623 2608 2675 2690 2691 2676 
8 2608 2623 2624 2609 2676 2691 2692 2677 
8 2609 2624 2625 2610 2677 2692 2693 2678 
8 2610 2625 2626 2611 2678 2693 2694 2679 
8 2611 2626 2627 2612 2679 2694 2695 2680 
8 2612 2627 2580 2578 2680 2695 2648 2646 
8 2579 2581 2583 2613 2647 2649 2651 2681 
8 2613 2583 2584 2614 2681 2651 2652 2682 
8 2614 2584 2585 2615 2682 2652 2653 2683 
8 2615 2585 2586 2616 2683 2653 2654 2684 
8 2616 2586 2587 2617 2684 2654 2655 2685 
8 2617 2587 2588 2618 2685 2655 2656 2686 
8 2618 2588 2589 2619 2686 2656 2657 2687 
8 2619 2589 2590 2620 2687 2657 2658 2688 
8 2620 2590 2591 2621 2688 2658 2659 2689 
8 2621 2591 2592 2622 2689 2659 2660 2690 
8 2622 2592 2593 2623 2690 2660 2661 2691 
8 2623 2593 2594 2624 2691 2661 2662 2692 
8 2624 2594 2595 2625 2692 2662 2663 2693 
8 2625 2595 2596 2626 2693 2663 2664 2694 
8 2626 2596 2597 2627 2694 2664 2665 2695 
8 2627 2597 2582 2580 2695 2665 2650 2648 
8 148 729 2628 2044 149 733 2696 2043 
8 2044 2628 2629 2031 2043 2696 2697 2030 
8 2031 2629 2630 2018 2030 2697 2698 2017 
8 2018 2630 2631 2005 2017 2698 2699 2004 
8 2005 2631 2632 1992 2004 2699 2700 1991 
8 1992 2632 2633 1979 1991 2700 2701 1978 
8 1979 2633 2634 1966 1978 2701 2702 1965 
8 1966 2634 2635 1953 1965 2702 2703 1952 
8 1953 2635 2636 1940 1952 2703 2704 1939 
8 1940 2636 2637 1927 1939 2704 2705 1926 
8 1927 2637 2638 1914 1926 2705 2706 1913 
8 1914 2638 2639 1901 1913 2706 2707 1900 
8 1901 2639 2640 1888 1900 2707 2708 1887 
8 1888 2640 2641 1875 1887 2708 2709 1874 
8 1875 2641 2642 1862 1874 2709 2710 1861 
8 1862 2642 2643 1849 1861 2710 2711 1848 
8 1849 2643 2644 1836 1848 2711 2712 1835 
8 1836 2644 194 134 1835 2712 198 135 
8 729 728 2645 2628 733 732 2713 2696 
8 2644 2646 195 194 2712 2714 199 198 
8 728 727 2647 2645 732 731 2715 2713 
8 2646 2648 196 195 2714 2716 200 199 
8 727 726 2649 2647 731 730 2717 2715 
8 2648 2650 197 196 2716 2718 201 200 
8 726 162 2280 2649 730 163 2281 2717 
8 2649 2280 2267 2651 2717 2281 2268 2719 
8 2651 2267 2254 2652 2719 2268 2255 2720 
8 2652 2254 2241 2653 2720 2255 2242 2721 
8 2653 2241 2228 2654 2721 2242 2229 2722 
8 2654 2228 2215 2655 2722 2229 2216 2723 
8 2655 2215 2202 2656 2723 2216 2203 2724 
8 2656 2202 2189 2657 2724 2203 2190 2725 
8 2657 2189 2176 2658 2725 2190 2177 2726 
8 2658 2176 2163 2659 2726 2177 2164 2727 
8 2659 2163 2150 2660 2727 2164 2151 2728 
8 2660 2150 2137 2661 2728 2151 2138 2729 
8 2661 2137 2124 2662 2729 2138 2125 2730 
8 2662 2124 2111 2663 2730 2125 2112 2731 
8 2663 2111 2098 2664 2731 2112 2099 2732 
8 2664 2098 2085 2665 2732 2099 2086 2733 
8 2665 2085 2072 2650 2733 2086 2073 2718 
8 2650 2072 122 197 2718 2073 121 201 
8 2628 2645 2666 2629 2696 2713 2734 2697 
8 2629 2666 2667 2630 2697 2734 2735 2698 
8 2630 2667 2668 2631 2698 2735 2736 2699 
8 2631 2668 2669 2632 2699 2736 2737 2700 
8 2632 2669 2670 2633 2700 2737 2738 2701 
8 2633 2670 2671 2634 2701 2738 2739 2702 
8 2634 2671 2672 2635 2702 2739 2740 2703 
8 2635 2672 2673 2636 2703 2740 2741 2704 
8 2636 2673 2674 2637 2704 2741 2742 2705 
8 2637 2674 2675 2638 2705 2742 2743 2706 
8 2638 2675 2676 2639 2706 2743 2744 2707 
8 2639 2676 2677 2640 2707 2744 2745 2708 
8 2640 2677 2678 2641 2708 2745 2746 2709 
8 2641 2678 2679 2642 2709 2746 2747 2710 
8 2642 2679 2680 2643 2710 2747 2748 2711 
8 2643 2680 2646 2644 2711 2748 2714 2712 
8 2645 2647 2681 2666 2713 2715 2749 2734 
8 2666 2681 2682 2667 2734 2749 2750 2735 
8 2667 2682 2683 2668 2735 2750 2751 2736 
8 2668 2683 2684 2669 2736 2751 2752 2737 
8 2669 2684 2685 2670 2737 2752 2753 2738 
8 2670 2685 2686 2671 2738 2753 2754 2739 
8 2671 2686 2687 2672 2739 2754 2755 2740 
8 2672 2687 2688 2673 2740 2755 2756 2741 
8 2673 2688 2689 2674 2741 2756 2757 2742 
8 2674 2689 2690 2675 2742 2757 2758 2743 
8 2675 2690 2691 2676 2743 2758 2759 2744 
8 2676 2691 2692 2677 2744 2759 2760 2745 
8 2677 2692 2693 2678 2745 2760 2761 2746 
8 2678 2693 2694 2679 2746 2761 2762 2747 
8 2679 2694 2695 2680 2747 2762 2763 2748 
8 2680 2695 2648 2646 2748 2763 2716 2714 
8 2647 2649 2651 2681 2715 2717 2719 2749 
8 2681 2651 2652 2682 2749 2719 2720 2750 
8 2682 2652 2653 2683 2750 2720 2721 2751 
8 2683 2653 2654 2684 2751 2721 2722 2752 
8 2684 2654 2655 2685 2752 2722 2723 2753 
8 2685 2655 2656 2686 2753 2723 2724 2754 
8 2686 2656 2657 2687 2754 2724 2725 2755 
8 2687 2657 2658 2688 2755 2725 2726 2756 
8 2688 2658 2659 2689 2756 2726 2727 2757 
8 2689 2659 2660 2690 2757 2727 2728 2758 
8 2690 2660 2661 2691 2758 2728 2729 2759 
8 2691 2661 2662 2692 2759 2729 2730 2760 
8 2692 2662 2663 2693 2760 2730 2731 2761 
8 2693 2663 2664 2694 2761 2731 2732 2762 
8 2694 2664 2665 2695 2762 2732 2733 2763 
8 2695 2665 2650 2648 2763 2733 2718 2716 
8 149 733 2696 2043 150 737 2764 2042 
8 2043 2696 2697 2030 2042 2764 2765 2029 
8 2030 2697 2698 2017 2029 2765 2766 2016 
8 2017 2698 2699 2004 2016 2766 2767 2003 
8 2004 2699 2700 1991 2003 2767 2768 1990 
8 1991 2700 2701 1978 1990 2768 2769 1977 
8 1978 2701 2702 1965 1977 2769 2770 1964 
8 1965 2702 2703 1952 1964 2770 2771 1951 
8 1952 2703 2704 1939 1951 2771 2772 1938 
8 1939 2704 2705 1926 1938 2772 2773 1925 
8 1926 2705 2706 1913 1925 2773 2774 1912 
8 1913 2706 2707 1900 1912 2774 2775 1899 
8 1900 2707 2708 1887 1899 2775 2776 1886 
8 1887 2708 2709 1874 1886 2776 2777 1873 
8 1874 2709 2710 1861 1873 2777 2778 1860 
8 1861 2710 2711 1848 1860 2778 2779 1847 
8 1848 2711 2712 1835 1847 2779 2780 1834 
8 1835 2712 198 135 1834 2780 202 136 
8 733 732 2713 2696 737 736 2781 2764 
8 2712 2714 199 198 2780 2782 203 202 
8 732 731 2715 2713 736 735 2783 2781 
8 2714 2716 200 199 2782 2784 204 203 
8 731 730 2717 2715 735 734 2785 2783 
8 2716 2718 201 200 2784 2786 205 204 
8 730 163 2281 2717 734 164 2282 2785 
8 2717 2281 2268 2719 2785 2282 2269 2787 
8 2719 2268 2255 2720 2787 2269 2256 2788 
8 2720 2255 2242 2721 2788 2256 2243 2789 
8 2721 2242 2229 2722 2789 2243 2230 2790 
8 2722 2229 2216 2723 2790 2230 2217 2791 
8 2723 2216 2203 2724 2791 2217 2204 2792 
8 2724 2203 2190 2725 2792 2204 2191 2793 
8 2725 2190 2177 2726 2793 2191 2178 2794 
8 2726 2177 2164 2727 2794 2178 2165 2795 
8 2727 2164 2151 2728 2795 2165 2152 2796 
8 2728 2151 2138 2729 2796 2152 2139 2797 
8 2729 2138 2125 2730 2797 2139 2126 2798 
8 2730 2125 2112 2731 2798 2126 2113 2799 
8 2731 2112 2099 2732 2799 2113 2100 2800 
8 2732 2099 2086 2733 2800 2100 2087 2801 
8 2733 2086 2073 2718 2801 2087 2074 2786 
8 2718 2073 121 201 2786 2074 120 205 
8 2696 2713 2734 2697 2764 2781 2802 2765 
8 2697 2734 2735 2698 2765 2802 2803 2766 
8 2698 2735 2736 2699 2766 2803 2804 2767 
8 2699 2736 2737 2700 2767 2804 2805 2768 
8 2700 2737 2738 2701 2768 2805 2806 2769 
8 2701 2738 2739 2702 2769 2806 2807 2770 
8 2702 2739 2740 2703 2770 2807 2808 2771 
8 2703 2740 2741 2704 2771 2808 2809 2772 
8 2704 2741 2742 2705 2772 2809 2810 2773 
8 2705 2742 2743 2706 2773 2810 2811 2774 
8 2706 2743 2744 2707 2774 2811 2812 2775 
8 2707 2744 2745 2708 2775 2812 2813 2776 
8 2708 2745 2746 2709 2776 2813 2814 2777 
8 2709 2746 2747 2710 2777 2814 2815 2778 
8 2710 2747 2748 2711 2778 2815 2816 2779 
8 2711 2748 2714 2712 2779 2816 2782 2780 
8 2713 2715 2749 2734 2781 2783 2817 2802 
8 2734 2749 2750 2735 2802 2817 2818 2803 
8 2735 2750 2751 2736 2803 2818 2819 2804 
8 2736 2751 2752 2737 2804 2819 2820 2805 
8 2737 2752 2753 2738 2805 2820 2821 2806 
8 2738 2753 2754 2739 2806 2821 2822 2807 
8 2739 2754 2755 2740 2807 2822 2823 2808 
8 2740 2755 2756 2741 2808 2823 2824 2809 
8 2741 2756 2757 2742 2809 2824 2825 2810 
8 2742 2757 2758 2743 2810 2825 2826 2811 
8 2743 2758 2759 2744 2811 2826 2827 2812 
8 2744 2759 2760 2745 2812 2827 2828 2813 
8 2745 2760 2761 2746 2813 2828 2829 2814 
8 2746 2761 2762 2747 2814 2829 2830 2815 
8 2747 2762 2763 2748 2815 2830 2831 2816 
8 2748 2763 2716 2714 2816 2831 2784 2782 
8 2715 2717 2719 2749 2783 2785 2787 2817 
8 2749 2719 2720 2750 2817 2787 2788 2818 
8 2750 2720 2721 2751 2818 2788 2789 2819 
8 2751 2721 2722 2752 2819 2789 2790 2820 
8 2752 2722 2723 2753 2820 2790 2791 2821 
8 2753 2723 2724 2754 2821 2791 2792 2822 
8 2754 2724 2725 2755 2822 2792 2793 2823 
8 2755 2725 2726 2756 2823 2793 2794 2824 
8 2756 2726 2727 2757 2824 2794 2795 2825 
8 2757 2727 2728 2758 2825 2795 2796 2826 
8 2758 2728 2729 2759 2826 2796 2797 2827 
8 2759 2729 2730 2760 2827 2797 2798 2828 
8 2760 2730 2731 2761 2828 2798 2799 2829 
8 2761 2731 2732 2762 2829 2799 2800 2830 
8 2762 2732 2733 2763 2830 2800 2801 2831 
8 2763 2733 2718 2716 2831 2801 2786 2784 
8 150 737 2764 2042 151 741 2832 2041 
8 2042 2764 2765 2029 2041 2832 2833 2028 
8 2029 2765 2766 2016 2028 2833 2834 2015 
8 2016 2766 2767 2003 2015 2834 2835 2002 
8 2003 2767 2768 1990 2002 2835 2836 1989 
8 1990 2768 2769 1977 1989 2836 2837 1976 
8 1977 2769 2770 1964 1976 2837 2838 1963 
8 1964 2770 2771 1951 1963 2838 2839 1950 
8 1951 2771 2772 1938 1950 2839 2840 1937 
8 1938 2772 2773 1925 1937 2840 2841 1924 
8 1925 2773 2774 1912 1924 2841 2842 1911 
8 1912 2774 2775 1899 1911 2842 2843 1898 
8 1899 2775 2776 1886 1898 2843 2844 1885 
8 1886 2776 2777 1873 1885 2844 2845 1872 
8 1873 2777 2778 1860 1872 2845 2846 1859 
8 1860 2778 2779 1847 1859 2846 2847 1846 
8 1847 2779 2780 1834 1846 2847 2848 1833 
8 1834 2780 202 136 1833 2848 206 137 
8 737 736 2781 2764 741 740 2849 2832 
8 2780 2782 203 202 2848 2850 207 206 
8 736 735 2783 2781 740 739 2851 2849 
8 2782 2784 204 203 2850 2852 208 207 
8 735 734 2785 2783 739 738 2853 2851 
8 2784 2786 205 204 2852 2854 209 208 
8 734 164 2282 2785 738 165 2283 2853 
8 2785 2282 2269 2787 2853 2283 2270 2855 
8 2787 2269 2256 2788 2855 2270 2257 2856 
8 2788 2256 2243 2789 2856 2257 2244 2857 
8 2789 2243 2230 2790 2857 2244 2231 2858 
8 2790 2230 2217 2791 2858 2231 2218 2859 
8 2791 2217 2204 2792 2859 2218 2205 2860 
8 2792 2204 2191 2793 2860 2205 2192 2861 
8 2793 2191 2178 2794 2861 2192 2179 2862 
8 2794 2178 2165 2795 2862 2179 2166 2863 
8 2795 2165 2152 2796 2863 2166 2153 2864 
8 2796 2152 2139 2797 2864 2153 2140 2865 
8 2797 2139 2126 2798 2865 2140 2127 2866 
8 2798 2126 2113 2799 2866 2127 2114 2867 
8 2799 2113 2100 2800 2867 2114 2101 2868 
8 2800 2100 2087 2801 2868 2101 2088 2869 
8 2801 2087 2074 2786 2869 2088 2075 2854 
8 2786 2074 120 205 2854 2075 119 209 
8 2764 2781 2802 2765 2832 2849 2870 2833 
8 2765 2802 2803 2766 2833 2870 2871 2834 
8 2766 2803 2804 2767 2834 2871 2872 2835 
8 2767 2804 2805 2768 2835 2872 2873 2836 
8 2768 2805 2806 2769 2836 2873 2874 2837 
8 2769 2806 2807 2770 2837 2874 2875 2838 
8 2770 2807 2808 2771 2838 2875 2876 2839 
8 2771 2808 2809 2772 2839 2876 2877 2840 
8 2772 2809 2810 2773 2840 2877 2878 2841 
8 2773 2810 2811 2774 2841 2878 2879 2842 
8 2774 2811 2812 2775 2842 2879 2880 2843 
8 2775 2812 2813 2776 2843 2880 2881 2844 
8 2776 2813 2814 2777 2844 2881 2882 2845 
8 2777 2814 2815 2778 2845 2882 2883 2846 
8 2778 2815 2816 2779 2846 2883 2884 2847 
8 2779 2816 2782 2780 2847 2884 2850 2848 
8 2781 2783 2817 2802 2849 2851 2885 2870 
8 2802 2817 2818 2803 2870 2885 2886 2871 
8 2803 2818 2819 2804 2871 2886 2887 2872 
8 2804 2819 2820 2805 2872 2887 2888 2873 
8 2805 2820 2821 2806 2873 2888 2889 2874 
8 2806 2821 2822 2807 2874 2889 2890 2875 
8 2807 2822 2823 2808 2875 2890 2891 2876 
8 2808 2823 2824 2809 2876 2891 2892 2877 
8 2809 2824 2825 2810 2877 2892 2893 2878 
8 2810 2825 2826 2811 2878 2893 2894 2879 
8 2811 2826 2827 2812 2879 2894 2895 2880 
8 2812 2827 2828 2813 2880 2895 2896 2881 
8 2813 2828 2829 2814 2881 2896 2897 2882 
8 2814 2829 2830 2815 2882 2897 2898 2883 
8 2815 2830 2831 2816 2883 2898 2899 2884 
8 2816 2831 2784 2782 2884 2899 2852 2850 
8 2783 2785 2787 2817 2851 2853 2855 2885 
8 2817 2787 2788 2818 2885 2855 2856 2886 
8 2818 2788 2789 2819 2886 2856 2857 2887 
8 2819 2789 2790 2820 2887 2857 2858 2888 
8 2820 2790 2791 2821 2888 2858 2859 2889 
8 2821 2791 2792 2822 2889 2859 2860 2890 
8 2822 2792 2793 2823 2890 2860 2861 2891 
8 2823 2793 2794 2824 2891 2861 2862 2892 
8 2824 2794 2795 2825 2892 2862 2863 2893 
8 2825 2795 2796 2826 2893 2863 2864 2894 
8 2826 2796 2797 2827 2894 2864 2865 2895 
8 2827 2797 2798 2828 2895 2865 2866 2896 
8 2828 2798 2799 2829 2896 2866 2867 2897 
8 2829 2799 2800 2830 2897 2867 2868 2898 
8 2830 2800 2801 2831 2898 2868 2869 2899 
8 2831 2801 2786 2784 2899 2869 2854 2852 
8 151 741 2832 2041 152 745 2900 2040 
8 2041 2832 2833 2028 2040 2900 2901 2027 
8 2028 2833 2834 2015 2027 2901 2902 2014 
8 2015 2834 2835 2002 2014 2902 2903 2001 
8 2002 2835 2836 1989 2001 2903 2904 1988 
8 1989 2836 2837 1976 1988 2904 2905 1975 
8 1976 2837 2838 1963 1975 2905 2906 1962 
8 1963 2838 2839 1950 1962 2906 2907 1949 
8 1950 2839 2840 1937 1949 2907 2908 1936 
8 1937 2840 2841 1924 1936 2908 2909 1923 
8 1924 2841 2842 1911 1923 2909 2910 1910 
8 1911 2842 2843 1898 1910 2910 2911 1897 
8 1898 2843 2844 1885 1897 2911 2912 1884 
8 1885 2844 2845 1872 1884 2912 2913 1871 
8 1872 2845 2846 1859 1871 2913 2914 1858 
8 1859 2846 2847 1846 1858 2914 2915 1845 
8 1846 2847 2848 1833 1845 2915 2916 1832 
8 1833 2848 206 137 1832 2916 210 138 
8 741 740 2849 2832 745 744 2917 2900 
8 2848 2850 207 206 2916 2918 211 210 
8 740 739 2851 2849 744 743 2919 2917 
8 2850 2852 208 207 2918 2920 212 211 
8 739 738 2853 2851 743 742 2921 2919 
8 2852 2854 209 208 2920 2922 213 212 
8 738 165 2283 2853 742 166 2284 2921 
8 2853 2283 2270 2855 2921 2284 2271 2923 
8 2855 2270 2257 2856 2923 2271 2258 2924 
8 2856 2257 2244 2857 2924 2258 2245 2925 
8 2857 2244 2231 2858 2925 2245 2232 2926 
8 2858 2231 2218 2859 2926 2232 2219 2927 
8 2859 2218 2205 2860 2927 2219 2206 2928 
8 2860 2205 2192 2861 2928 2206 2193 2929 
8 2861 2192 2179 2862 2929 2193 2180 2930 
8 2862 2179 2166 2863 2930 2180 2167 2931 
8 2863 2166 2153 2864 2931 2167 2154 2932 
8 2864 2153 2140 2865 2932 2154 2141 2933 
8 2865 2140 2127 2866 2933 2141 2128 2934 
8 2866 2127 2114 2867 2934 2128 2115 2935 
8 2867 2114 2101 2868 2935 2115 2102 2936 
8 2868 2101 2088 2869 2936 2102 2089 2937 
8 2869 2088 2075 2854 2937 2089 2076 2922 
8 2854 2075 119 209 2922 2076 118 213 
8 2832 2849 2870 2833 2900 2917 2938 2901 
8 2833 2870 2871 2834 2901 2938 2939 2902 
8 2834 2871 2872 2835 2902 2939 2940 2903 
8 2835 2872 2873 2836 2903 2940 2941 2904 
8 2836 2873 2874 2837 2904 2941 2942 2905 
8 2837 2874 2875 2838 2905 2942 2943 2906 
8 2838 2875 2876 2839 2906 2943 2944 2907 
8 2839 2876 2877 2840 2907 2944 2945 2908 
8 2840 2877 2878 2841 2908 2945 2946 2909 
8 2841 2878 2879 2842 2909 2946 2947 2910 
8 2842 2879 2880 2843 2910 2947 2948 2911 
8 2843 2880 2881 2844 2911 2948 2949 2912 
8 2844 2881 2882 2845 2912 2949 2950 2913 
8 2845 2882 2883 2846 2913 2950 2951 2914 
8 2846 2883 2884 2847 2914 2951 2952 2915 
8 2847 2884 2850 2848 2915 2952 2918 2916 
8 2849 2851 2885 2870 2917 2919 2953 2938 
8 2870 2885 2886 2871 2938 2953 2954 2939 
8 2871 2886 2887 2872 2939 2954 2955 2940 
8 2872 2887 2888 2873 2940 2955 2956 2941 
8 2873 2888 2889 2874 2941 2956 2957 2942 
8 2874 2889 2890 2875 2942 2957 2958 2943 
8 2875 2890 2891 2876 2943 2958 2959 2944 
8 2876 2891 2892 2877 2944 2959 2960 2945 
8 2877 2892 2893 2878 2945 2960 2961 2946 
8 2878 2893 2894 2879 2946 2961 2962 2947 
8 2879 2894 2895 2880 2947 2962 2963 2948 
8 2880 2895 2896 2881 2948 2963 2964 2949 
8 2881 2896 2897 2882 2949 2964 2965 2950 
8 2882 2897 2898 2883 2950 2965 2966 2951 
8 2883 2898 2899 2884 2951 2966 2967 2952 
8 2884 2899 2852 2850 2952 2967 2920 2918 
8 2851 2853 2855 2885 2919 2921 2923 2953 
8 2885 2855 2856 2886 2953 2923 2924 2954 
8 2886 2856 2857 2887 2954 2924 2925 2955 
8 2887 2857 2858 2888 2955 2925 2926 2956 
8 2888 2858 2859 2889 2956 2926 2927 2957 
8 2889 2859 2860 2890 2957 2927 2928 2958 
8 2890 2860 2861 2891 2958 2928 2929 2959 
8 2891 2861 2862 2892 2959 2929 2930 2960 
8 2892 2862 2863 2893 2960 2930 2931 2961 
8 2893 2863 2864 2894 2961 2931 2932 2962 
8 2894 2864 2865 2895 2962 2932 2933 2963 
8 2895 2865 2866 2896 2963 2933 2934 2964 
8 2896 2866 2867 2897 2964 2934 2935 2965 
8 2897 2867 2868 2898 2965 2935 2936 2966 
8 2898 2868 2869 2899 2966 2936 2937 2967 
8 2899 2869 2854 2852 2967 2937 2922 2920 
8 152 745 2900 2040 153 749 2968 2039 
8 2040 2900 2901 2027 2039 2968 2969 2026 
8 2027 2901 2902 2014 2026 2969 2970 2013 
8 2014 2902 2903 2001 2013 2970 2971 2000 
8 2001 2903 2904 1988 2000 2971 2972 1987 
8 1988 2904 2905 1975 1987 2972 2973 1974 
8 1975 2905 2906 1962 1974 2973 2974 1961 
8 1962 2906 2907 1949 1961 2974 2975 1948 
8 1949 2907 2908 1936 1948 2975 2976 1935 
8 1936 2908 2909 1923 1935 2976 2977 1922 
8 1923 2909 2910 1910 1922 2977 2978 1909 
8 1910 2910 2911 1897 1909 2978 2979 1896 
8 1897 2911 2912 1884 1896 2979 2980 1883 
8 1884 2912 2913 1871 1883 2980 2981 1870 
8 1871 2913 2914 1858 1870 2981 2982 1857 
8 1858 2914 2915 1845 1857 2982 2983 1844 
8 1845 2915 2916 1832 1844 2983 2984 1831 
8 1832 2916 210 138 1831 2984 214 139 
8 745 744 2917 2900 749 748 2985 2968 
8 2916 2918 211 210 2984 2986 215 214 
8 744 743 2919 2917 748 747 2987 2985 
8 2918 2920 212 211 2986 2988 216 215 
8 743 742 2921 2919 747 746 2989 2987 
8 2920 2922 213 212 2988 2990 217 216 
8 742 166 2284 2921 746 167 2285 2989 
8 2921 2284 2271 2923 2989 2285 2272 2991 
8 2923 2271 2258 2924 2991 2272 2259 2992 
8 2924 2258 2245 2925 2992 2259 2246 2993 
8 2925 2245 2232 2926 2993 2246 2233 2994 
8 2926 2232 2219 2927 2994 2233 2220 2995 
8 2927 2219 2206 2928 2995 2220 2207 2996 
8 2928 2206 2193 2929 2996 2207 2194 2997 
8 2929 2193 2180 2930 2997 2194 2181 2998 
8 2930 2180 2167 2931 2998 2181 2168 2999 
8 2931 2167 2154 2932 2999 2168 2155 3000 
8 2932 2154 2141 2933 3000 2155 2142 3001 
8 2933 2141 2128 2934 3001 2142 2129 3002 
8 2934 2128 2115 2935 3002 2129 2116 3003 
8 2935 2115 2102 2936 3003 2116 2103 3004 
8 2936 2102 2089 2937 3004 2103 2090 3005 
8 2937 2089 2076 2922 3005 2090 2077 2990 
8 2922 2076 118 213 2990 2077 117 217 
8 2900 2917 2938 2901 2968 2985 3006 2969 
8 2901 2938 2939 2902 2969 3006 3007 2970 
8 2902 2939 2940 2903 2970 3007 3008 2971 
8 2903 2940 2941 2904 2971 3008 3009 2972 
8 2904 2941 2942 2905 2972 3009 3010 2973 
8 2905 2942 2943 2906 2973 3010 3011 2974 
8 2906 2943 2944 2907 2974 3011 3012 2975 
8 2907 2944 2945 2908 2975 3012 3013 2976 
8 2908 2945 2946 2909 2976 3013 3014 2977 
8 2909 2946 2947 2910 2977 3014 3015 2978 
8 2910 2947 2948 2911 2978 3015 3016 2979 
8 2911 2948 2949 2912 2979 3016 3017 2980 
8 2912 2949 2950 2913 2980 3017 3018 2981 
8 2913 2950 2951 2914 2981 3018 3019 2982 
8 2914 2951 2952 2915 2982 3019 3020 2983 
8 2915 2952 2918 2916 2983 3020 2986 2984 
8 2917 2919 2953 2938 2985 2987 3021 3006 
8 2938 2953 2954 2939 3006 3021 3022 3007 
8 2939 2954 2955 2940 3007 3022 3023 3008 
8 2940 2955 2956 2941 3008 3023 3024 3009 
8 2941 2956 2957 2942 3009 3024 3025 3010 
8 2942 2957 2958 2943 3010 3025 3026 3011 
8 2943 2958 2959 2944 3011 3026 3027 3012 
8 2944 2959 2960 2945 3012 3027 3028 3013 
8 2945 2960 2961 2946 3013 3028 3029 3014 
8 2946 2961 2962 2947 3014 3029 3030 3015 
8 2947 2962 2963 2948 3015 3030 3031 3016 
8 2948 2963 2964 2949 3016 3031 3032 3017 
8 2949 2964 2965 2950 3017 3032 3033 3018 
8 2950 2965 2966 2951 3018 3033 3034 3019 
8 2951 2966 2967 2952 3019 3034 3035 3020 
8 2952 2967 2920 2918 3020 3035 2988 2986 
8 2919 2921 2923 2953 2987 2989 2991 3021 
8 2953 2923 2924 2954 3021 2991 2992 3022 
8 2954 2924 2925 2955 3022 2992 2993 3023 
8 2955 2925 2926 2956 3023 2993 2994 3024 
8 2956 2926 2927 2957 3024 2994 2995 3025 
8 2957 2927 2928 2958 3025 2995 2996 3026 
8 2958 2928 2929 2959 3026 2996 2997 3027 
8 2959 2929 2930 2960 3027 2997 2998 3028 
8 2960 2930 2931 2961 3028 2998 2999 3029 
8 2961 2931 2932 2962 3029 2999 3000 3030 
8 2962 2932 2933 2963 3030 3000 3001 3031 
8 2963 2933 2934 2964 3031 3001 3002 3032 
8 2964 2934 2935 2965 3032 3002 3003 3033 
8 2965 2935 2936 2966 3033 3003 3004 3034 
8 2966 2936 2937 2967 3034 3004 3005 3035 
8 2967 2937 2922 2920 3035 3005 2990 2988 
8 153 749 2968 2039 154 753 3036 2038 
8 2039 2968 2969 2026 2038 3036 3037 2025 
8 2026 2969 2970 2013 2025 3037 3038 2012 
8 2013 2970 2971 2000 2012 3038 3039 1999 
8 2000 2971 2972 1987 1999 3039 3040 1986 
8 1987 2972 2973 1974 1986 3040 3041 1973 
8 1974 2973 2974 1961 1973 3041 3042 1960 
8 1961 2974 2975 1948 1960 3042 3043 1947 
8 1948 2975 2976 1935 1947 3043 3044 1934 
8 1935 2976 2977 1922 1934 3044 3045 1921 
8 1922 2977 2978 1909 1921 3045 3046 1908 
8 1909 2978 2979 1896 1908 3046 3047 1895 
8 1896 2979 2980 1883 1895 3047 3048 1882 
8 1883 2980 2981 1870 1882 3048 3049 1869 
8 1870 2981 2982 1857 1869 3049 3050 1856 
8 1857 2982 2983 1844 1856 3050 3051 1843 
8 1844 2983 2984 1831 1843 3051 3052 1830 
8 1831 2984 214 139 1830 3052 218 140 
8 749 748 2985 2968 753 752 3053 3036 
8 2984 2986 215 214 3052 3054 219 218 
8 748 747 2987 2985 752 751 3055 3053 
8 2986 2988 216 215 3054 3056 220 219 
8 747 746 2989 2987 751 750 3057 3055 
8 2988 2990 217 216 3056 3058 221 220 
8 746 167 2285 2989 750 168 2286 3057 
8 2989 2285 2272 2991 3057 2286 2273 3059 
8 2991 2272 2259 2992 3059 2273 2260 3060 
8 2992 2259 2246 2993 3060 2260 2247 3061 
8 2993 2246 2233 2994 3061 2247 2234 3062 
8 2994 2233 2220 2995 3062 2234 2221 3063 
8 2995 2220 2207 2996 3063 2221 2208 3064 
8 2996 2207 2194 2997 3064 2208 2195 3065 
8 2997 2194 2181 2998 3065 2195 2182 3066 
8 2998 2181 2168 2999 3066 2182 2169 3067 
8 2999 2168 2155 3000 3067 2169 2156 3068 
8 3000 2155 2142 3001 3068 2156 2143 3069 
8 3001 2142 2129 3002 3069 2143 2130 3070 
8 3002 2129 2116 3003 3070 2130 2117 3071 
8 3003 2116 2103 3004 3071 2117 2104 3072 
8 3004 2103 2090 3005 3072 2104 2091 3073 
8 3005 2090 2077 2990 3073 2091 2078 3058 
8 2990 2077 117 217 3058 2078 116 221 
8 2968 2985 3006 2969 3036 3053 3074 3037 
8 2969 3006 3007 2970 3037 3074 3075 3038 
8 2970 3007 3008 2971 3038 3075 3076 3039 
8 2971 3008 3009 2972 3039 3076 3077 3040 
8 2972 3009 3010 2973 3040 3077 3078 3041 
8 2973 3010 3011 2974 3041 3078 3079 3042 
8 2974 3011 3012 2975 3042 3079 3080 3043 
8 2975 3012 3013 2976 3043 3080 3081 3044 
8 2976 3013 3014 2977 3044 3081 3082 3045 
8 2977 3014 3015 2978 3045 3082 3083 3046 
8 2978 3015 3016 2979 3046 3083 3084 3047 
8 2979 3016 3017 2980 3047 3084 3085 3048 
8 2980 3017 3018 2981 3048 3085 3086 3049 
8 2981 3018 3019 2982 3049 3086 3087 3050 
8 2982 3019 3020 2983 3050 3087 3088 3051 
8 2983 3020 2986 2984 3051 3088 3054 3052 
8 2985 2987 3021 3006 3053 3055 3089 3074 
8 3006 3021 3022 3007 3074 3089 3090 3075 
8 3007 3022 3023 3008 3075 3090 3091 3076 
8 3008 3023 3024 3009 3076 3091 3092 3077 
8 3009 3024 3025 3010 3077 3092 3093 3078 
8 3010 3025 3026 3011 3078 3093 3094 3079 
8 3011 3026 3027 3012 3079 3094 3095 3080 
8 3012 3027 3028 3013 3080 3095 3096 3081 
8 3013 3028 3029 3014 3081 3096 3097 3082 
8 3014 3029 3030 3015 3082 3097 3098 3083 
8 3015 3030 3031 3016 3083 3098 3099 3084 
8 3016 3031 3032 3017 3084 3099 3100 3085 
8 3017 3032 3033 3018 3085 3100 3101 3086 
8 3018 3033 3034 3019 3086 3101 3102 3087 
8 3019 3034 3035 3020 3087 3102 3103 3088 
8 3020 3035 2988 2986 3088 3103 3056 3054 
8 2987 2989 2991 3021 3055 3057 3059 3089 
8 3021 2991 2992 3022 3089 3059 3060 3090 
8 3022 2992 2993 3023 3090 3060 3061 3091 
8 3023 2993 2994 3024 3091 3061 3062 3092 
8 3024 2994 2995 3025 3092 3062 3063 3093 
8 3025 2995 2996 3026 3093 3063 3064 3094 
8 3026 2996 2997 3027 3094 3064 3065 3095 
8 3027 2997 2998 3028 3095 3065 3066 3096 
8 3028 2998 2999 3029 3096 3066 3067 3097 
8 3029 2999 3000 3030 3097 3067 3068 3098 
8 3030 3000 3001 3031 3098 3068 3069 3099 
8 3031 3001 3002 3032 3099 3069 3070 3100 
8 3032 3002 3003 3033 3100 3070 3071 3101 
8 3033 3003 3004 3034 3101 3071 3072 3102 
8 3034 3004 3005 3035 3102 3072 3073 3103 
8 3035 3005 2990 2988 3103 3073 3058 3056 
8 154 753 3036 2038 155 757 3104 2037 
8 2038 3036 3037 2025 2037 3104 3105 2024 
8 2025 3037 3038 2012 2024 3105 3106 2011 
8 2012 3038 3039 1999 2011 3106 3107 1998 
8 1999 3039 3040 1986 1998 3107 3108 1985 
8 1986 3040 3041 1973 1985 3108 3109 1972 
8 1973 3041 3042 1960 1972 3109 3110 1959 
8 1960 3042 3043 1947 1959 3110 3111 1946 
8 1947 3043 3044 1934 1946 3111 3112 1933 
8 1934 3044 3045 1921 1933 3112 3113 1920 
8 1921 3045 3046 1908 1920 3113 3114 1907 
8 1908 3046 3047 1895 1907 3114 3115 1894 
8 1895 3047 3048 1882 1894 3115 3116 1881 
8 1882 3048 3049 1869 1881 3116 3117 1868 
8 1869 3049 3050 1856 1868 3117 3118 1855 
8 1856 3050 3051 1843 1855 3118 3119 1842 
8 1843 3051 3052 1830 1842 3119 3120 1829 
8 1830 3052 218 140 1829 3120 222 141 
8 753 752 3053 3036 757 756 3121 3104 
8 3052 3054 219 218 3120 3122 223 222 
8 752 751 3055 3053 756 755 3123 3121 
8 3054 3056 220 219 3122 3124 224 223 
8 751 750 3057 3055 755 754 3125 3123 
8 3056 3058 221 220 3124 3126 225 224 
8 750 168 2286 3057 754 169 2287 3125 
8 3057 2286 2273 3059 3125 2287 2274 3127 
8 3059 2273 2260 3060 3127 2274 2261 3128 
8 3060 2260 2247 3061 3128 2261 2248 3129 
8 3061 2247 2234 3062 3129 2248 2235 3130 
8 3062 2234 2221 3063 3130 2235 2222 3131 
8 3063 2221 2208 3064 3131 2222 2209 3132 
8 3064 2208 2195 3065 3132 2209 2196 3133 
8 3065 2195 2182 3066 3133 2196 2183 3134 
8 3066 2182 2169 3067 3134 2183 2170 3135 
8 3067 2169 2156 3068 3135 2170 2157 3136 
8 3068 2156 2143 3069 3136 2157 2144 3137 
8 3069 2143 2130 3070 3137 2144 2131 3138 
8 3070 2130 2117 3071 3138 2131 2118 3139 
8 3071 2117 2104 3072 3139 2118 2105 3140 
8 3072 2104 2091 3073 3140 2105 2092 3141 
8 3073 2091 2078 3058 3141 2092 2079 3126 
8 3058 2078 116 221 3126 2079 115 225 
8 3036 3053 3074 3037 3104 3121 3142 3105 
8 3037 3074 3075 3038 3105 3142 3143 3106 
8 3038 3075 3076 3039 3106 3143 3144 3107 
8 3039 3076 3077 3040 3107 3144 3145 3108 
8 3040 3077 3078 3041 3108 3145 3146 3109 
8 3041 3078 3079 3042 3109 3146 3147 3110 
8 3042 3079 3080 3043 3110 3147 3148 3111 
8 3043 3080 3081 3044 3111 3148 3149 3112 
8 3044 3081 3082 3045 3112 3149 3150 3113 
8 3045 3082 3083 3046 3113 3150 3151 3114 
8 3046 3083 3084 3047 3114 3151 3152 3115 
8 3047 3084 3085 3048 3115 3152 3153 3116 
8 3048 3085 3086 3049 3116 3153 3154 3117 
8 3049 3086 3087 3050 3117 3154 3155 3118 
8 3050 3087 3088 3051 3118 3155 3156 3119 
8 3051 3088 3054 3052 3119 3156 3122 3120 
8 3053 3055 3089 3074 3121 3123 3157 3142 
8 3074 3089 3090 3075 3142 3157 3158 3143 
8 3075 3090 3091 3076 3143 3158 3159 3144 
8 3076 3091 3092 3077 3144 3159 3160 3145 
8 3077 3092 3093 3078 3145 3160 3161 3146 
8 3078 3093 3094 3079 3146 3161 3162 3147 
8 3079 3094 3095 3080 3147 3162 3163 3148 
8 3080 3095 3096 3081 3148 3163 3164 3149 
8 3081 3096 3097 3082 3149 3164 3165 3150 
8 3082 3097 3098 3083 3150 3165 3166 3151 
8 3083 3098 3099 3084 3151 3166 3167 3152 
8 3084 3099 3100 3085 3152 3167 3168 3153 
8 3085 3100 3101 3086 3153 3168 3169 3154 
8 3086 3101 3102 3087 3154 3169 3170 3155 
8 3087 3102 3103 3088 3155 3170 3171 3156 
8 3088 3103 3056 3054 3156 3171 3124 3122 
8 3055 3057 3059 3089 3123 3125 3127 3157 
8 3089 3059 3060 3090 3157 3127 3128 3158 
8 3090 3060 3061 3091 3158 3128 3129 3159 
8 3091 3061 3062 3092 3159 3129 3130 3160 
8 3092 3062 3063 3093 3160 3130 3131 3161 
8 3093 3063 3064 3094 3161 3131 3132 3162 
8 3094 3064 3065 3095 3162 3132 3133 3163 
8 3095 3065 3066 3096 3163 3133 3134 3164 
8 3096 3066 3067 3097 3164 3134 3135 3165 
8 3097 3067 3068 3098 3165 3135 3136 3166 
8 3098 3068 3069 3099 3166 3136 3137 3167 
8 3099 3069 3070 3100 3167 3137 3138 3168 
8 3100 3070 3071 3101 3168 3138 3139 3169 
8 3101 3071 3072 3102 3169 3139 3140 3170 
8 3102 3072 3073 3103 3170 3140 3141 3171 
8 3103 3073 3058 3056 3171 3141 3126 3124 
8 155 757 3104 2037 142 705 3172 1828 
8 2037 3104 3105 2024 1828 3172 3173 1827 
8 2024 3105 3106 2011 1827 3173 3174 1826 
8 2011 3106 3107 1998 1826 3174 3175 1825 
8 1998 3107 3108 1985 1825 3175 3176 1824 
8 1985 3108 3109 1972 1824 3176 3177 1823 
8 1972 3109 3110 1959 1823 3177 3178 1822 
8 1959 3110 3111 1946 1822 3178 3179 1821 
8 1946 3111 3112 1933 1821 3179 3180 1820 
8 1933 3112 3113 1920 1820 3180 3181 1819 
8 1920 3113 3114 1907 1819 3181 3182 1818 
8 1907 3114 3115 1894 1818 3182 3183 1817 
8 1894 3115 3116 1881 1817 3183 3184 1816 
8 1881 3116 3117 1868 1816 3184 3185 1815 
8 1868 3117 3118 1855 1815 3185 3186 1814 
8 1855 3118 3119 1842 1814 3186 3187 1813 
8 1842 3119 3120 1829 1813 3187 3188 1812 
8 1829 3120 222 141 1812 3188 170 128 
8 757 756 3121 3104 705 704 3189 3172 
8 3120 3122 223 222 3188 3190 171 170 
8 756 755 3123 3121 704 703 3191 3189 
8 3122 3124 224 223 3190 3192 172 171 
8 755 754 3125 3123 703 702 3193 3191 
8 3124 3126 225 224 3192 3194 173 172 
8 754 169 2287 3125 702 156 2050 3193 
8 3125 2287 2274 3127 3193 2050 2051 3195 
8 3127 2274 2261 3128 3195 2051 2052 3196 
8 3128 2261 2248 3129 3196 2052 2053 3197 
8 3129 2248 2235 3130 3197 2053 2054 3198 
8 3130 2235 2222 3131 3198 2054 2055 3199 
8 3131 2222 2209 3132 3199 2055 2056 3200 
8 3132 2209 2196 3133 3200 2056 2057 3201 
8 3133 2196 2183 3134 3201 2057 2058 3202 
8 3134 2183 2170 3135 3202 2058 2059 3203 
8 3135 2170 2157 3136 3203 2059 2060 3204 
8 3136 2157 2144 3137 3204 2060 2061 3205 
8 3137 2144 2131 3138 3205 2061 2062 3206 
8 3138 2131 2118 3139 3206 2062 2063 3207 
8 3139 2118 2105 3140 3207 2063 2064 3208 
8 3140 2105 2092 3141 3208 2064 2065 3209 
8 3141 2092 2079 3126 3209 2065 2066 3194 
8 3126 2079 115 225 3194 2066 114 173 
8 3104 3121 3142 3105 3172 3189 3210 3173 
8 3105 3142 3143 3106 3173 3210 3211 3174 
8 3106 3143 3144 3107 3174 3211 3212 3175 
8 3107 3144 3145 3108 3175 3212 3213 3176 
8 3108 3145 3146 3109 3176 3213 3214 3177 
8 3109 3146 3147 3110 3177 3214 3215 3178 
8 3110 3147 3148 3111 3178 3215 3216 3179 
8 3111 3148 3149 3112 3179 3216 3217 3180 
8 3112 3149 3150 3113 3180 3217 3218 3181 
8 3113 3150 3151 3114 3181 3218 3219 3182 
8 3114 3151 3152 3115 3182 3219 3220 3183 
8 3115 3152 3153 3116 3183 3220 3221 3184 
8 3116 3153 3154 3117 3184 3221 3222 3185 
8 3117 3154 3155 3118 3185 3222 3223 3186 
8 3118 3155 3156 3119 3186 3223 3224 3187 
8 3119 3156 3122 3120 3187 3224 3190 3188 
8 3121 3123 3157 3142 3189 3191 3225 3210 
8 3142 3157 3158 3143 3210 3225 3226 3211 
8 3143 3158 3159 3144 3211 3226 3227 3212 
8 3144 3159 3160 3145 3212 3227 3228 3213 
8 3145 3160 3161 3146 3213 3228 3229 3214 
8 3146 3161 3162 3147 3214 3229 3230 3215 
8 3147 3162 3163 3148 3215 3230 3231 3216 
8 3148 3163 3164 3149 3216 3231 3232 3217 
8 3149 3164 3165 3150 3217 3232 3233 3218 
8 3150 3165 3166 3151 3218 3233 3234 3219 
8 3151 3166 3167 3152 3219 3234 3235 3220 
8 3152 3167 3168 3153 3220 3235 3236 3221 
8 3153 3168 3169 3154 3221 3236 3237 3222 
8 3154 3169 3170 3155 3222 3237 3238 3223 
8 3155 3170 3171 3156 3223 3238 3239 3224 
8 3156 3171 3124 3122 3224 3239 3192 3190 
8 3123 3125 3127 3157 3191 3193 3195 3225 
8 3157 3127 3128 3158 3225 3195 3196 3226 
8 3158 3128 3129 3159 3226 3196 3197 3227 
8 3159 3129 3130 3160 3227 3197 3198 3228 
8 3160 3130 3131 3161 3228 3198 3199 3229 
8 3161 3131 3132 3162 3229 3199 3200 3230 
8 3162 3132 3133 3163 3230 3200 3201 3231 
8 3163 3133 3134 3164 3231 3201 3202 3232 
8 3164 3134 3135 3165 3232 3202 3203 3233 
8 3165 3135 3136 3166 3233 3203 3204 3234 
8 3166 3136 3137 3167 3234 3204 3205 3235 
8 3167 3137 3138 3168 3235 3205 3206 3236 
8 3168 3138 3139 3169 3236 3206 3207 3237 
8 3169 3139 3140 3170 3237 3207 3208 3238 
8 3170 3140 3141 3171 3238 3208 3209 3239 
8 3171 3141 3126 3124 3239 3209 3194 3192 
8 6555 6567 6829 6646 7204 7250 7479 7370 
8 6646 6829 6830 6645 7370 7479 7480 7375 
8 6645 6830 6831 6644 7375 7480 7481 7380 
8 6644 6831 6832 6643 7380 7481 7482 7385 
8 6643 6832 6833 6642 7385 7482 7483 7390 
8 6642 6833 6834 6641 7390 7483 7484 7395 
8 6641 6834 6835 6640 7395 7484 7485 7400 
8 6640 6835 6836 6639 7400 7485 7486 7405 
8 6639 6836 6837 6638 7405 7486 7487 7410 
8 6638 6837 6838 6637 7410 7487 7488 7415 
8 6637 6838 6839 6636 7415 7488 7489 7420 
8 6636 6839 6840 6635 7420 7489 7490 7425 
8 6635 6840 6841 6634 7425 7490 7491 7430 
8 6634 6841 6842 6633 7430 7491 7492 7435 
8 6633 6842 6843 6632 7435 7492 7493 7440 
8 6632 6843 6844 6631 7440 7493 7494 7445 
8 6631 6844 6845 6630 7445 7494 7495 7450 
8 6630 6845 6684 6564 7450 7495 7475 7222 
8 6567 6568 6846 6829 7250 7249 7496 7479 
8 6845 6847 6683 6684 7495 7497 7476 7475 
8 6568 6569 6848 6846 7249 7248 7498 7496 
8 6847 6849 6682 6683 7497 7499 7477 7476 
8 6569 6570 6850 6848 7248 7247 7500 7498 
8 6849 6851 6681 6682 7499 7501 7478 7477 
8 6570 6558 6579 6850 7247 7214 7272 7500 
8 6850 6579 6580 6852 7500 7272 7277 7502 
8 6852 6580 6581 6853 7502 7277 7282 7503 
8 6853 6581 6582 6854 7503 7282 7287 7504 
8 6854 6582 6583 6855 7504 7287 7292 7505 
8 6855 6583 6584 6856 7505 7292 7297 7506 
8 6856 6584 6585 6857 7506 7297 7302 7507 
8 6857 6585 6586 6858 7507 7302 7307 7508 
8 6858 6586 6587 6859 7508 7307 7312 7509 
8 6859 6587 6588 6860 7509 7312 7317 7510 
8 6860 6588 6589 6861 7510 7317 7322 7511 
8 6861 6589 6590 6862 7511 7322 7327 7512 
8 6862 6590 6591 6863 7512 7327 7332 7513 
8 6863 6591 6592 6864 7513 7332 7337 7514 
8 6864 6592 6593 6865 7514 7337 7342 7515 
8 6865 6593 6594 6866 7515 7342 7347 7516 
8 6866 6594 6595 6851 7516 7347 7352 7501 
8 6851 6595 6561 6681 7501 7352 7216 7478 
8 6829 6846 6867 6830 7479 7496 7517 7480 
8 6830 6867 6868 6831 7480 7517 7518 7481 
8 6831 6868 6869 6832 7481 7518 7519 7482 
8 6832 6869 6870 6833 7482 7519 7520 7483 
8 6833 6870 6871 6834 7483 7520 7521 7484 
8 6834 6871 6872 6835 7484 7521 7522 7485 
8 6835 6872 6873 6836 7485 7522 7523 7486 
8 6836 6873 6874 6837 7486 7523 7524 7487 
8 6837 6874 6875 6838 7487 7524 7525 7488 
8 6838 6875 6876 6839 7488 7525 7526 7489 
8 6839 6876 6877 6840 7489 7526 7527 7490 
8 6840 6877 6878 6841 7490 7527 7528 7491 
8 6841 6878 6879 6842 7491 7528 7529 7492 
8 6842 6879 6880 6843 7492 7529 7530 7493 
8 6843 6880 6881 6844 7493 7530 7531 7494 
8 6844 6881 6847 6845 7494 7531 7497 7495 
8 6846 6848 6882 6867 7496 7498 7532 7517 
8 6867 6882 6883 6868 7517 7532 7533 7518 
8 6868 6883 6884 6869 7518 7533 7534 7519 
8 6869 6884 6885 6870 7519 7534 7535 7520 
8 6870 6885 6886 6871 7520 7535 7536 7521 
8 6871 6886 6887 6872 7521 7536 7537 7522 
8 6872 6887 6888 6873 7522 7537 7538 7523 
8 6873 6888 6889 6874 7523 7538 7539 7524 
8 6874 6889 6890 6875 7524 7539 7540 7525 
8 6875 6890 6891 6876 7525 7540 7541 7526 
8 6876 6891 6892 6877 7526 7541 7542 7527 
8 6877 6892 6893 6878 7527 7542 7543 7528 
8 6878 6893 6894 6879 7528 7543 7544 7529 
8 6879 6894 6895 6880 7529 7544 7545 7530 
8 6880 6895 6896 6881 7530 7545 7546 7531 
8 6881 6896 6849 6847 7531 7546 7499 7497 
8 6848 6850 6852 6882 7498 7500 7502 7532 
8 6882 6852 6853 6883 7532 7502 7503 7533 
8 6883 6853 6854 6884 7533 7503 7504 7534 
8 6884 6854 6855 6885 7534 7504 7505 7535 
8 6885 6855 6856 6886 7535 7505 7506 7536 
8 6886 6856 6857 6887 7536 7506 7507 7537 
8 6887 6857 6858 6888 7537 7507 7508 7538 
8 6888 6858 6859 6889 7538 7508 7509 7539 
8 6889 6859 6860 6890 7539 7509 7510 7540 
8 6890 6860 6861 6891 7540 7510 7511 7541 
8 6891 6861 6862 6892 7541 7511 7512 7542 
8 6892 6862 6863 6893 7542 7512 7513 7543 
8 6893 6863 6864 6894 7543 7513 7514 7544 
8 6894 6864 6865 6895 7544 7514 7515 7545 
8 6895 6865 6866 6896 7545 7515 7516 7546 
8 6896 6866 6851 6849 7546 7516 7501 7499 
8 7204 7250 7479 7370 7205 7246 7547 7371 
8 7370 7479 7480 7375 7371 7547 7548 7376 
8 7375 7480 7481 7380 7376 7548 7549 7381 
8 7380 7481 7482 7385 7381 7549 7550 7386 
8 7385 7482 7483 7390 7386 7550 7551 7391 
8 7390 7483 7484 7395 7391 7551 7552 7396 
8 7395 7484 7485 7400 7396 7552 7553 7401 
8 7400 7485 7486 7405 7401 7553 7554 7406 
8 7405 7486 7487 7410 7406 7554 7555 7411 
8 7410 7487 7488 7415 7411 7555 7556 7416 
8 7415 7488 7489 7420 7416 7556 7557 7421 
8 7420 7489 7490 7425 7421 7557 7558 7426 
8 7425 7490 7491 7430 7426 7558 7559 7431 
8 7430 7491 7492 7435 7431 7559 7560 7436 
8 7435 7492 7493 7440 7436 7560 7561 7441 
8 7440 7493 7494 7445 7441 7561 7562 7446 
8 7445 7494 7495 7450 7446 7562 7563 7451 
8 7450 7495 7475 7222 7451 7563 7471 7223 
8 7250 7249 7496 7479 7246 7245 7564 7547 
8 7495 7497 7476 7475 7563 7565 7472 7471 
8 7249 7248 7498 7496 7245 7244 7566 7564 
8 7497 7499 7477 7476 7565 7567 7473 7472 
8 7248 7247 7500 7498 7244 7243 7568 7566 
8 7499 7501 7478 7477 7567 7569 7474 7473 
8 7247 7214 7272 7500 7243 7213 7271 7568 
8 7500 7272 7277 7502 7568 7271 7276 7570 
8 7502 7277 7282 7503 7570 7276 7281 7571 
8 7503 7282 7287 7504 7571 7281 7286 7572 
8 7504 7287 7292 7505 7572 7286 7291 7573 
8 7505 7292 7297 7506 7573 7291 7296 7574 
8 7506 7297 7302 7507 7574 7296 7301 7575 
8 7507 7302 7307 7508 7575 7301 7306 7576 
8 7508 7307 7312 7509 7576 7306 7311 7577 
8 7509 7312 7317 7510 7577 7311 7316 7578 
8 7510 7317 7322 7511 7578 7316 7321 7579 
8 7511 7322 7327 7512 7579 7321 7326 7580 
8 7512 7327 7332 7513 7580 7326 7331 7581 
8 7513 7332 7337 7514 7581 7331 7336 7582 
8 7514 7337 7342 7515 7582 7336 7341 7583 
8 7515 7342 7347 7516 7583 7341 7346 7584 
8 7516 7347 7352 7501 7584 7346 7351 7569 
8 7501 7352 7216 7478 7569 7351 7217 7474 
8 7479 7496 7517 7480 7547 7564 7585 7548 
8 7480 7517 7518 7481 7548 7585 7586 7549 
8 7481 7518 7519 7482 7549 7586 7587 7550 
8 7482 7519 7520 7483 7550 7587 7588 7551 
8 7483 7520 7521 7484 7551 7588 7589 7552 
8 7484 7521 7522 7485 7552 7589 7590 7553 
8 7485 7522 7523 7486 7553 7590 7591 7554 
8 7486 7523 7524 7487 7554 7591 7592 7555 
8 7487 7524 7525 7488 7555 7592 7593 7556 
8 7488 7525 7526 7489 7556 7593 7594 7557 
8 7489 7526 7527 7490 7557 7594 7595 7558 
8 7490 7527 7528 7491 7558 7595 7596 7559 
8 7491 7528 7529 7492 7559 7596 7597 7560 
8 7492 7529 7530 7493 7560 7597 7598 7561 
8 7493 7530 7531 7494 7561 7598 7599 7562 
8 7494 7531 7497 7495 7562 7599 7565 7563 
8 7496 7498 7532 7517 7564 7566 7600 7585 
8 7517 7532 7533 7518 7585 7600 7601 7586 
8 7518 7533 7534 7519 7586 7601 7602 7587 
8 7519 7534 7535 7520 7587 7602 7603 7588 
8 7520 7535 7536 7521 7588 7603 7604 7589 
8 7521 7536 7537 7522 7589 7604 7605 7590 
8 7522 7537 7538 7523 7590 7605 7606 7591 
8 7523 7538 7539 7524 7591 7606 7607 7592 
8 7524 7539 7540 7525 7592 7607 7608 7593 
8 7525 7540 7541 7526 7593 7608 7609 7594 
8 7526 7541 7542 7527 7594 7609 7610 7595 
8 7527 7542 7543 7528 7595 7610 7611 7596 
8 7528 7543 7544 7529 7596 7611 7612 7597 
8 7529 7544 7545 7530 7597 7612 7613 7598 
8 7530 7545 7546 7531 7598 7613 7614 7599 
8 7531 7546 7499 7497 7599 7614 7567 7565 
8 7498 7500 7502 7532 7566 7568 7570 7600 
8 7532 7502 7503 7533 7600 7570 7571 7601 
8 7533 7503 7504 7534 7601 7571 7572 7602 
8 7534 7504 7505 7535 7602 7572 7573 7603 
8 7535 7505 7506 7536 7603 7573 7574 7604 
8 7536 7506 7507 7537 7604 7574 7575 7605 
8 7537 7507 7508 7538 7605 7575 7576 7606 
8 7538 7508 7509 7539 7606 7576 7577 7607 
8 7539 7509 7510 7540 7607 7577 7578 7608 
8 7540 7510 7511 7541 7608 7578 7579 7609 
8 7541 7511 7512 7542 7609 7579 7580 7610 
8 7542 7512 7513 7543 7610 7580 7581 7611 
8 7543 7513 7514 7544 7611 7581 7582 7612 
8 7544 7514 7515 7545 7612 7582 7583 7613 
8 7545 7515 7516 7546 7613 7583 7584 7614 
8 7546 7516 7501 7499 7614 7584 7569 7567 
8 7205 7246 7547 7371 7206 7242 7615 7372 
8 7371 7547 7548 7376 7372 7615 7616 7377 
8 7376 7548 7549 7381 7377 7616 7617 7382 
8 7381 7549 7550 7386 7382 7617 7618 7387 
8 7386 7550 7551 7391 7387 7618 7619 7392 
8 7391 7551 7552 7396 7392 7619 7620 7397 
8 7396 7552 7553 7401 7397 7620 7621 7402 
8 7401 7553 7554 7406 7402 7621 7622 7407 
8 7406 7554 7555 7411 7407 7622 7623 7412 
8 7411 7555 7556 7416 7412 7623 7624 7417 
8 7416 7556 7557 7421 7417 7624 7625 7422 
8 7421 7557 7558 7426 7422 7625 7626 7427 
8 7426 7558 7559 7431 7427 7626 7627 7432 
8 7431 7559 7560 7436 7432 7627 7628 7437 
8 7436 7560 7561 7441 7437 7628 7629 7442 
8 7441 7561 7562 7446 7442 7629 7630 7447 
8 7446 7562 7563 7451 7447 7630 7631 7452 
8 7451 7563 7471 7223 7452 7631 7467 7224 
8 7246 7245 7564 7547 7242 7241 7632 7615 
8 7563 7565 7472 7471 7631 7633 7468 7467 
8 7245 7244 7566 7564 7241 7240 7634 7632 
8 7565 7567 7473 7472 7633 7635 7469 7468 
8 7244 7243 7568 7566 7240 7239 7636 7634 
8 7567 7569 7474 7473 7635 7637 7470 7469 
8 7243 7213 7271 7568 7239 7212 7270 7636 
8 7568 7271 7276 7570 7636 7270 7275 7638 
8 7570 7276 7281 7571 7638 7275 7280 7639 
8 7571 7281 7286 7572 7639 7280 7285 7640 
8 7572 7286 7291 7573 7640 7285 7290 7641 
8 7573 7291 7296 7574 7641 7290 7295 7642 
8 7574 7296 7301 7575 7642 7295 7300 7643 
8 7575 7301 7306 7576 7643 7300 7305 7644 
8 7576 7306 7311 7577 7644 7305 7310 7645 
8 7577 7311 7316 7578 7645 7310 7315 7646 
8 7578 7316 7321 7579 7646 7315 7320 7647 
8 7579 7321 7326 7580 7647 7320 7325 7648 
8 7580 7326 7331 7581 7648 7325 7330 7649 
8 7581 7331 7336 7582 7649 7330 7335 7650 
8 7582 7336 7341 7583 7650 7335 7340 7651 
8 7583 7341 7346 7584 7651 7340 7345 7652 
8 7584 7346 7351 7569 7652 7345 7350 7637 
8 7569 7351 7217 7474 7637 7350 7218 7470 
8 7547 7564 7585 7548 7615 7632 7653 7616 
8 7548 7585 7586 7549 7616 7653 7654 7617 
8 7549 7586 7587 7550 7617 7654 7655 7618 
8 7550 7587 7588 7551 7618 7655 7656 7619 
8 7551 7588 7589 7552 7619 7656 7657 7620 
8 7552 7589 7590 7553 7620 7657 7658 7621 
8 7553 7590 7591 7554 7621 7658 7659 7622 
8 7554 7591 7592 7555 7622 7659 7660 7623 
8 7555 7592 7593 7556 7623 7660 7661 7624 
8 7556 7593 7594 7557 7624 7661 7662 7625 
8 7557 7594 7595 7558 7625 7662 7663 7626 
8 7558 7595 7596 7559 7626 7663 7664 7627 
8 7559 7596 7597 7560 7627 7664 7665 7628 
8 7560 7597 7598 7561 7628 7665 7666 7629 
8 7561 7598 7599 7562 7629 7666 7667 7630 
8 7562 7599 7565 7563 7630 7667 7633 7631 
8 7564 7566 7600 7585 7632 7634 7668 7653 
8 7585 7600 7601 7586 7653 7668 7669 7654 
8 7586 7601 7602 7587 7654 7669 7670 7655 
8 7587 7602 7603 7588 7655 7670 7671 7656 
8 7588 7603 7604 7589 7656 7671 7672 7657 
8 7589 7604 7605 7590 7657 7672 7673 7658 
8 7590 7605 7606 7591 7658 7673 7674 7659 
8 7591 7606 7607 7592 7659 7674 7675 7660 
8 7592 7607 7608 7593 7660 7675 7676 7661 
8 7593 7608 7609 7594 7661 7676 7677 7662 
8 7594 7609 7610 7595 7662 7677 7678 7663 
8 7595 7610 7611 7596 7663 7678 7679 7664 
8 7596 7611 7612 7597 7664 7679 7680 7665 
8 7597 7612 7613 7598 7665 7680 7681 7666 
8 7598 7613 7614 7599 7666 7681 7682 7667 
8 7599 7614 7567 7565 7667 7682 7635 7633 
8 7566 7568 7570 7600 7634 7636 7638 7668 
8 7600 7570 7571 7601 7668 7638 7639 7669 
8 7601 7571 7572 7602 7669 7639 7640 7670 
8 7602 7572 7573 7603 7670 7640 7641 7671 
8 7603 7573 7574 7604 7671 7641 7642 7672 
8 7604 7574 7575 7605 7672 7642 7643 7673 
8 7605 7575 7576 7606 7673 7643 7644 7674 
8 7606 7576 7577 7607 7674 7644 7645 7675 
8 7607 7577 7578 7608 7675 7645 7646 7676 
8 7608 7578 7579 7609 7676 7646 7647 7677 
8 7609 7579 7580 7610 7677 7647 7648 7678 
8 7610 7580 7581 7611 7678 7648 7649 7679 
8 7611 7581 7582 7612 7679 7649 7650 7680 
8 7612 7582 7583 7613 7680 7650 7651 7681 
8 7613 7583 7584 7614 7681 7651 7652 7682 
8 7614 7584 7569 7567 7682 7652 7637 7635 
8 7206 7242 7615 7372 7207 7238 7683 7373 
8 7372 7615 7616 7377 7373 7683 7684 7378 
8 7377 7616 7617 7382 7378 7684 7685 7383 
8 7382 7617 7618 7387 7383 7685 7686 7388 
8 7387 7618 7619 7392 7388 7686 7687 7393 
8 7392 7619 7620 7397 7393 7687 7688 7398 
8 7397 7620 7621 7402 7398 7688 7689 7403 
8 7402 7621 7622 7407 7403 7689 7690 7408 
8 7407 7622 7623 7412 7408 7690 7691 7413 
8 7412 7623 7624 7417 7413 7691 7692 7418 
8 7417 7624 7625 7422 7418 7692 7693 7423 
8 7422 7625 7626 7427 7423 7693 7694 7428 
8 7427 7626 7627 7432 7428 7694 7695 7433 
8 7432 7627 7628 7437 7433 7695 7696 7438 
8 7437 7628 7629 7442 7438 7696 7697 7443 
8 7442 7629 7630 7447 7443 7697 7698 7448 
8 7447 7630 7631 7452 7448 7698 7699 7453 
8 7452 7631 7467 7224 7453 7699 7463 7225 
8 7242 7241 7632 7615 7238 7237 7700 7683 
8 7631 7633 7468 7467 7699 7701 7464 7463 
8 7241 7240 7634 7632 7237 7236 7702 7700 
8 7633 7635 7469 7468 7701 7703 7465 7464 
8 7240 7239 7636 7634 7236 7235 7704 7702 
8 7635 7637 7470 7469 7703 7705 7466 7465 
8 7239 7212 7270 7636 7235 7211 7269 7704 
8 7636 7270 7275 7638 7704 7269 7274 7706 
8 7638 7275 7280 7639 7706 7274 7279 7707 
8 7639 7280 7285 7640 7707 7279 7284 7708 
8 7640 7285 7290 7641 7708 7284 7289 7709 
8 7641 7290 7295 7642 7709 7289 7294 7710 
8 7642 7295 7300 7643 7710 7294 7299 7711 
8 7643 7300 7305 7644 7711 7299 7304 7712 
8 7644 7305 7310 7645 7712 7304 7309 7713 
8 7645 7310 7315 7646 7713 7309 7314 7714 
8 7646 7315 7320 7647 7714 7314 7319 7715 
8 7647 7320 7325 7648 7715 7319 7324 7716 
8 7648 7325 7330 7649 7716 7324 7329 7717 
8 7649 7330 7335 7650 7717 7329 7334 7718 
8 7650 7335 7340 7651 7718 7334 7339 7719 
8 7651 7340 7345 7652 7719 7339 7344 7720 
8 7652 7345 7350 7637 7720 7344 7349 7705 
8 7637 7350 7218 7470 7705 7349 7219 7466 
8 7615 7632 7653 7616 7683 7700 7721 7684 
8 7616 7653 7654 7617 7684 7721 7722 7685 
8 7617 7654 7655 7618 7685 7722 7723 7686 
8 7618 7655 7656 7619 7686 7723 7724 7687 
8 7619 7656 7657 7620 7687 7724 7725 7688 
8 7620 7657 7658 7621 7688 7725 7726 7689 
8 7621 7658 7659 7622 7689 7726 7727 7690 
8 7622 7659 7660 7623 7690 7727 7728 7691 
8 7623 7660 7661 7624 7691 7728 7729 7692 
8 7624 7661 7662 7625 7692 7729 7730 7693 
8 7625 7662 7663 7626 7693 7730 7731 7694 
8 7626 7663 7664 7627 7694 7731 7732 7695 
8 7627 7664 7665 7628 7695 7732 7733 7696 
8 7628 7665 7666 7629 7696 7733 7734 7697 
8 7629 7666 7667 7630 7697 7734 7735 7698 
8 7630 7667 7633 7631 7698 7735 7701 7699 
8 7632 7634 7668 7653 7700 7702 7736 7721 
8 7653 7668 7669 7654 7721 7736 7737 7722 
8 7654 7669 7670 7655 7722 7737 7738 7723 
8 7655 7670 7671 7656 7723 7738 7739 7724 
8 7656 7671 7672 7657 7724 7739 7740 7725 
8 7657 7672 7673 7658 7725 7740 7741 7726 
8 7658 7673 7674 7659 7726 7741 7742 7727 
8 7659 7674 7675 7660 7727 7742 7743 7728 
8 7660 7675 7676 7661 7728 7743 7744 7729 
8 7661 7676 7677 7662 7729 7744 7745 7730 
8 7662 7677 7678 7663 7730 7745 7746 7731 
8 7663 7678 7679 7664 7731 7746 7747 7732 
8 7664 7679 7680 7665 7732 7747 7748 7733 
8 7665 7680 7681 7666 7733 7748 7749 7734 
8 7666 7681 7682 7667 7734 7749 7750 7735 
8 7667 7682 7635 7633 7735 7750 7703 7701 
8 7634 7636 7638 7668 7702 7704 7706 7736 
8 7668 7638 7639 7669 7736 7706 7707 7737 
8 7669 7639 7640 7670 7737 7707 7708 7738 
8 7670 7640 7641 7671 7738 7708 7709 7739 
8 7671 7641 7642 7672 7739 7709 7710 7740 
8 7672 7642 7643 7673 7740 7710 7711 7741 
8 7673 7643 7644 7674 7741 7711 7712 7742 
8 7674 7644 7645 7675 7742 7712 7713 7743 
8 7675 7645 7646 7676 7743 7713 7714 7744 
8 7676 7646 7647 7677 7744 7714 7715 7745 
8 7677 7647 7648 7678 7745 7715 7716 7746 
8 7678 7648 7649 7679 7746 7716 7717 7747 
8 7679 7649 7650 7680 7747 7717 7718 7748 
8 7680 7650 7651 7681 7748 7718 7719 7749 
8 7681 7651 7652 7682 7749 7719 7720 7750 
8 7682 7652 7637 7635 7750 7720 7705 7703 
8 7207 7238 7683 7373 7208 7234 7751 7374 
8 7373 7683 7684 7378 7374 7751 7752 7379 
8 7378 7684 7685 7383 7379 7752 7753 7384 
8 7383 7685 7686 7388 7384 7753 7754 7389 
8 7388 7686 7687 7393 7389 7754 7755 7394 
8 7393 7687 7688 7398 7394 7755 7756 7399 
8 7398 7688 7689 7403 7399 7756 7757 7404 
8 7403 7689 7690 7408 7404 7757 7758 7409 
8 7408 7690 7691 7413 7409 7758 7759 7414 
8 7413 7691 7692 7418 7414 7759 7760 7419 
8 7418 7692 7693 7423 7419 7760 7761 7424 
8 7423 7693 7694 7428 7424 7761 7762 7429 
8 7428 7694 7695 7433 7429 7762 7763 7434 
8 7433 7695 7696 7438 7434 7763 7764 7439 
8 7438 7696 7697 7443 7439 7764 7765 7444 
8 7443 7697 7698 7448 7444 7765 7766 7449 
8 7448 7698 7699 7453 7449 7766 7767 7454 
8 7453 7699 7463 7225 7454 7767 7459 7226 
8 7238 7237 7700 7683 7234 7233 7768 7751 
8 7699 7701 7464 7463 7767 7769 7460 7459 
8 7237 7236 7702 7700 7233 7232 7770 7768 
8 7701 7703 7465 7464 7769 7771 7461 7460 
8 7236 7235 7704 7702 7232 7231 7772 7770 
8 7703 7705 7466 7465 7771 7773 7462 7461 
8 7235 7211 7269 7704 7231 7210 7268 7772 
8 7704 7269 7274 7706 7772 7268 7273 7774 
8 7706 7274 7279 7707 7774 7273 7278 7775 
8 7707 7279 7284 7708 7775 7278 7283 7776 
8 7708 7284 7289 7709 7776 7283 7288 7777 
8 7709 7289 7294 7710 7777 7288 7293 7778 
8 7710 7294 7299 7711 7778 7293 7298 7779 
8 7711 7299 7304 7712 7779 7298 7303 7780 
8 7712 7304 7309 7713 7780 7303 7308 7781 
8 7713 7309 7314 7714 7781 7308 7313 7782 
8 7714 7314 7319 7715 7782 7313 7318 7783 
8 7715 7319 7324 7716 7783 7318 7323 7784 
8 7716 7324 7329 7717 7784 7323 7328 7785 
8 7717 7329 7334 7718 7785 7328 7333 7786 
8 7718 7334 7339 7719 7786 7333 7338 7787 
8 7719 7339 7344 7720 7787 7338 7343 7788 
8 7720 7344 7349 7705 7788 7343 7348 7773 
8 7705 7349 7219 7466 7773 7348 7220 7462 
8 7683 7700 7721 7684 7751 7768 7789 7752 
8 7684 7721 7722 7685 7752 7789 7790 7753 
8 7685 7722 7723 7686 7753 7790 7791 7754 
8 7686 7723 7724 7687 7754 7791 7792 7755 
8 7687 7724 7725 7688 7755 7792 7793 7756 
8 7688 7725 7726 7689 7756 7793 7794 7757 
8 7689 7726 7727 7690 7757 7794 7795 7758 
8 7690 7727 7728 7691 7758 7795 7796 7759 
8 7691 7728 7729 7692 7759 7796 7797 7760 
8 7692 7729 7730 7693 7760 7797 7798 7761 
8 7693 7730 7731 7694 7761 7798 7799 7762 
8 7694 7731 7732 7695 7762 7799 7800 7763 
8 7695 7732 7733 7696 7763 7800 7801 7764 
8 7696 7733 7734 7697 7764 7801 7802 7765 
8 7697 7734 7735 7698 7765 7802 7803 7766 
8 7698 7735 7701 7699 7766 7803 7769 7767 
8 7700 7702 7736 7721 7768 7770 7804 7789 
8 7721 7736 7737 7722 7789 7804 7805 7790 
8 7722 7737 7738 7723 7790 7805 7806 7791 
8 7723 7738 7739 7724 7791 7806 7807 7792 
8 7724 7739 7740 7725 7792 7807 7808 7793 
8 7725 7740 7741 7726 7793 7808 7809 7794 
8 7726 7741 7742 7727 7794 7809 7810 7795 
8 7727 7742 7743 7728 7795 7810 7811 7796 
8 7728 7743 7744 7729 7796 7811 7812 7797 
8 7729 7744 7745 7730 7797 7812 7813 7798 
8 7730 7745 7746 7731 7798 7813 7814 7799 
8 7731 7746 7747 7732 7799 7814 7815 7800 
8 7732 7747 7748 7733 7800 7815 7816 7801 
8 7733 7748 7749 7734 7801 7816 7817 7802 
8 7734 7749 7750 7735 7802 7817 7818 7803 
8 7735 7750 7703 7701 7803 7818 7771 7769 
8 7702 7704 7706 7736 7770 7772 7774 7804 
8 7736 7706 7707 7737 7804 7774 7775 7805 
8 7737 7707 7708 7738 7805 7775 7776 7806 
8 7738 7708 7709 7739 7806 7776 7777 7807 
8 7739 7709 7710 7740 7807 7777 7778 7808 
8 7740 7710 7711 7741 7808 7778 7779 7809 
8 7741 7711 7712 7742 7809 7779 7780 7810 
8 7742 7712 7713 7743 7810 7780 7781 7811 
8 7743 7713 7714 7744 7811 7781 7782 7812 
8 7744 7714 7715 7745 7812 7782 7783 7813 
8 7745 7715 7716 7746 7813 7783 7784 7814 
8 7746 7716 7717 7747 7814 7784 7785 7815 
8 7747 7717 7718 7748 7815 7785 7786 7816 
8 7748 7718 7719 7749 7816 7786 7787 7817 
8 7749 7719 7720 7750 7817 7787 7788 7818 
8 7750 7720 7705 7703 7818 7788 7773 7771 
8 7208 7234 7751 7374 7203 7227 7819 7369 
8 7374 7751 7752 7379 7369 7819 7820 7368 
8 7379 7752 7753 7384 7368 7820 7821 7367 
8 7384 7753 7754 7389 7367 7821 7822 7366 
8 7389 7754 7755 7394 7366 7822 7823 7365 
8 7394 7755 7756 7399 7365 7823 7824 7364 
8 7399 7756 7757 7404 7364 7824 7825 7363 
8 7404 7757 7758 7409 7363 7825 7826 7362 
8 7409 7758 7759 7414 7362 7826 7827 7361 
8 7414 7759 7760 7419 7361 7827 7828 7360 
8 7419 7760 7761 7424 7360 7828 7829 7359 
8 7424 7761 7762 7429 7359 7829 7830 7358 
8 7429 7762 7763 7434 7358 7830 7831 7357 
8 7434 7763 7764 7439 7357 7831 7832 7356 
8 7439 7764 7765 7444 7356 7832 7833 7355 
8 7444 7765 7766 7449 7355 7833 7834 7354 
8 7449 7766 7767 7454 7354 7834 7835 7353 
8 7454 7767 7459 7226 7353 7835 7458 7221 
8 7234 7233 7768 7751 7227 7228 7836 7819 
8 7767 7769 7460 7459 7835 7837 7457 7458 
8 7233 7232 7770 7768 7228 7229 7838 7836 
8 7769 7771 7461 7460 7837 7839 7456 7457 
8 7232 7231 7772 7770 7229 7230 7840 7838 
8 7771 7773 7462 7461 7839 7841 7455 7456 
8 7231 7210 7268 7772 7230 7209 7251 7840 
8 7772 7268 7273 7774 7840 7251 7252 7842 
8 7774 7273 7278 7775 7842 7252 7253 7843 
8 7775 7278 7283 7776 7843 7253 7254 7844 
8 7776 7283 7288 7777 7844 7254 7255 7845 
8 7777 7288 7293 7778 7845 7255 7256 7846 
8 7778 7293 7298 7779 7846 7256 7257 7847 
8 7779 7298 7303 7780 7847 7257 7258 7848 
8 7780 7303 7308 7781 7848 7258 7259 7849 
8 7781 7308 7313 7782 7849 7259 7260 7850 
8 7782 7313 7318 7783 7850 7260 7261 7851 
8 7783 7318 7323 7784 7851 7261 7262 7852 
8 7784 7323 7328 7785 7852 7262 7263 7853 
8 7785 7328 7333 7786 7853 7263 7264 7854 
8 7786 7333 7338 7787 7854 7264 7265 7855 
8 7787 7338 7343 7788 7855 7265 7266 7856 
8 7788 7343 7348 7773 7856 7266 7267 7841 
8 7773 7348 7220 7462 7841 7267 7215 7455 
8 7751 7768 7789 7752 7819 7836 7857 7820 
8 7752 7789 7790 7753 7820 7857 7858 7821 
8 7753 7790 7791 7754 7821 7858 7859 7822 
8 7754 7791 7792 7755 7822 7859 7860 7823 
8 7755 7792 7793 7756 7823 7860 7861 7824 
8 7756 7793 7794 7757 7824 7861 7862 7825 
8 7757 7794 7795 7758 7825 7862 7863 7826 
8 7758 7795 7796 7759 7826 7863 7864 7827 
8 7759 7796 7797 7760 7827 7864 7865 7828 
8 7760 7797 7798 7761 7828 7865 7866 7829 
8 7761 7798 7799 7762 7829 7866 7867 7830 
8 7762 7799 7800 7763 7830 7867 7868 7831 
8 7763 7800 7801 7764 7831 7868 7869 7832 
8 7764 7801 7802 7765 7832 7869 7870 7833 
8 7765 7802 7803 7766 7833 7870 7871 7834 
8 7766 7803 7769 7767 7834 7871 7837 7835 
8 7768 7770 7804 7789 7836 7838 7872 7857 
8 7789 7804 7805 7790 7857 7872 7873 7858 
8 7790 7805 7806 7791 7858 7873 7874 7859 
8 7791 7806 7807 7792 7859 7874 7875 7860 
8 7792 7807 7808 7793 7860 7875 7876 7861 
8 7793 7808 7809 7794 7861 7876 7877 7862 
8 7794 7809 7810 7795 7862 7877 7878 7863 
8 7795 7810 7811 7796 7863 7878 7879 7864 
8 7796 7811 7812 7797 7864 7879 7880 7865 
8 7797 7812 7813 7798 7865 7880 7881 7866 
8 7798 7813 7814 7799 7866 7881 7882 7867 
8 7799 7814 7815 7800 7867 7882 7883 7868 
8 7800 7815 7816 7801 7868 7883 7884 7869 
8 7801 7816 7817 7802 7869 7884 7885 7870 
8 7802 7817 7818 7803 7870 7885 7886 7871 
8 7803 7818 7771 7769 7871 7886 7839 7837 
8 7770 7772 7774 7804 7838 7840 7842 7872 
8 7804 7774 7775 7805 7872 7842 7843 7873 
8 7805 7775 7776 7806 7873 7843 7844 7874 
8 7806 7776 7777 7807 7874 7844 7845 7875 
8 7807 7777 7778 7808 7875 7845 7846 7876 
8 7808 7778 7779 7809 7876 7846 7847 7877 
8 7809 7779 7780 7810 7877 7847 7848 7878 
8 7810 7780 7781 7811 7878 7848 7849 7879 
8 7811 7781 7782 7812 7879 7849 7850 7880 
8 7812 7782 7783 7813 7880 7850 7851 7881 
8 7813 7783 7784 7814 7881 7851 7852 7882 
8 7814 7784 7785 7815 7882 7852 7853 7883 
8 7815 7785 7786 7816 7883 7853 7854 7884 
8 7816 7786 7787 7817 7884 7854 7855 7885 
8 7817 7787 7788 7818 7885 7855 7856 7886 
8 7818 7788 7773 7771 7886 7856 7841 7839 
8 128 170 1642 242 6556 6578 6693 6647 
8 242 1642 1643 241 6647 6693 6694 6649 
8 241 1643 1644 240 6649 6694 6695 6651 
8 240 1644 1645 239 6651 6695 6696 6653 
8 239 1645 1646 238 6653 6696 6697 6655 
8 238 1646 1647 237 6655 6697 6698 6657 
8 237 1647 1648 236 6657 6698 6699 6659 
8 236 1648 1649 235 6659 6699 6700 6661 
8 235 1649 1650 234 6661 6700 6701 6663 
8 234 1650 1651 233 6663 6701 6702 6665 
8 233 1651 1652 232 6665 6702 6703 6667 
8 232 1652 1653 231 6667 6703 6704 6669 
8 231 1653 1654 230 6669 6704 6705 6671 
8 230 1654 1655 229 6671 6705 6706 6673 
8 229 1655 1656 228 6673 6706 6707 6675 
8 228 1656 1657 227 6675 6707 6708 6677 
8 227 1657 1658 226 6677 6708 6709 6679 
8 226 1658 705 142 6679 6709 6689 6565 
8 170 171 1659 1642 6578 6577 6710 6693 
8 1658 1660 704 705 6709 6711 6690 6689 
8 171 172 1661 1659 6577 6576 6712 6710 
8 1660 1662 703 704 6711 6713 6691 6690 
8 172 173 1663 1661 6576 6575 6714 6712 
8 1662 1664 702 703 6713 6715 6692 6691 
8 173 114 464 1663 6575 6560 6597 6714 
8 1663 464 465 1665 6714 6597 6599 6716 
8 1665 465 466 1666 6716 6599 6601 6717 
8 1666 466 467 1667 6717 6601 6603 6718 
8 1667 467 468 1668 6718 6603 6605 6719 
8 1668 468 469 1669 6719 6605 6607 6720 
8 1669 469 470 1670 6720 6607 6609 6721 
8 1670 470 471 1671 6721 6609 6611 6722 
8 1671 471 472 1672 6722 6611 6613 6723 
8 1672 472 473 1673 6723 6613 6615 6724 
8 1673 473 474 1674 6724 6615 6617 6725 
8 1674 474 475 1675 6725 6617 6619 6726 
8 1675 475 476 1676 6726 6619 6621 6727 
8 1676 476 477 1677 6727 6621 6623 6728 
8 1677 477 478 1678 6728 6623 6625 6729 
8 1678 478 479 1679 6729 6625 6627 6730 
8 1679 479 480 1664 6730 6627 6629 6715 
8 1664 480 156 702 6715 6629 6562 6692 
8 1642 1659 1680 1643 6693 6710 6731 6694 
8 1643 1680 1681 1644 6694 6731 6732 6695 
8 1644 1681 1682 1645 6695 6732 6733 6696 
8 1645 1682 1683 1646 6696 6733 6734 6697 
8 1646 1683 1684 1647 6697 6734 6735 6698 
8 1647 1684 1685 1648 6698 6735 6736 6699 
8 1648 1685 1686 1649 6699 6736 6737 6700 
8 1649 1686 1687 1650 6700 6737 6738 6701 
8 1650 1687 1688 1651 6701 6738 6739 6702 
8 1651 1688 1689 1652 6702 6739 6740 6703 
8 1652 1689 1690 1653 6703 6740 6741 6704 
8 1653 1690 1691 1654 6704 6741 6742 6705 
8 1654 1691 1692 1655 6705 6742 6743 6706 
8 1655 1692 1693 1656 6706 6743 6744 6707 
8 1656 1693 1694 1657 6707 6744 6745 6708 
8 1657 1694 1660 1658 6708 6745 6711 6709 
8 1659 1661 1695 1680 6710 6712 6746 6731 
8 1680 1695 1696 1681 6731 6746 6747 6732 
8 1681 1696 1697 1682 6732 6747 6748 6733 
8 1682 1697 1698 1683 6733 6748 6749 6734 
8 1683 1698 1699 1684 6734 6749 6750 6735 
8 1684 1699 1700 1685 6735 6750 6751 6736 
8 1685 1700 1701 1686 6736 6751 6752 6737 
8 1686 1701 1702 1687 6737 6752 6753 6738 
8 1687 1702 1703 1688 6738 6753 6754 6739 
8 1688 1703 1704 1689 6739 6754 6755 6740 
8 1689 1704 1705 1690 6740 6755 6756 6741 
8 1690 1705 1706 1691 6741 6756 6757 6742 
8 1691 1706 1707 1692 6742 6757 6758 6743 
8 1692 1707 1708 1693 6743 6758 6759 6744 
8 1693 1708 1709 1694 6744 6759 6760 6745 
8 1694 1709 1662 1660 6745 6760 6713 6711 
8 1661 1663 1665 1695 6712 6714 6716 6746 
8 1695 1665 1666 1696 6746 6716 6717 6747 
8 1696 1666 1667 1697 6747 6717 6718 6748 
8 1697 1667 1668 1698 6748 6718 6719 6749 
8 1698 1668 1669 1699 6749 6719 6720 6750 
8 1699 1669 1670 1700 6750 6720 6721 6751 
8 1700 1670 1671 1701 6751 6721 6722 6752 
8 1701 1671 1672 1702 6752 6722 6723 6753 
8 1702 1672 1673 1703 6753 6723 6724 6754 
8 1703 1673 1674 1704 6754 6724 6725 6755 
8 1704 1674 1675 1705 6755 6725 6726 6756 
8 1705 1675 1676 1706 6756 6726 6727 6757 
8 1706 1676 1677 1707 6757 6727 6728 6758 
8 1707 1677 1678 1708 6758 6728 6729 6759 
8 1708 1678 1679 1709 6759 6729 6730 6760 
8 1709 1679 1664 1662 6760 6730 6715 6713 
8 6556 6578 6693 6647 6557 6574 6761 6648 
8 6647 6693 6694 6649 6648 6761 6762 6650 
8 6649 6694 6695 6651 6650 6762 6763 6652 
8 6651 6695 6696 6653 6652 6763 6764 6654 
8 6653 6696 6697 6655 6654 6764 6765 6656 
8 6655 6697 6698 6657 6656 6765 6766 6658 
8 6657 6698 6699 6659 6658 6766 6767 6660 
8 6659 6699 6700 6661 6660 6767 6768 6662 
8 6661 6700 6701 6663 6662 6768 6769 6664 
8 6663 6701 6702 6665 6664 6769 6770 6666 
8 6665 6702 6703 6667 6666 6770 6771 6668 
8 6667 6703 6704 6669 6668 6771 6772 6670 
8 6669 6704 6705 6671 6670 6772 6773 6672 
8 6671 6705 6706 6673 6672 6773 6774 6674 
8 6673 6706 6707 6675 6674 6774 6775 6676 
8 6675 6707 6708 6677 6676 6775 6776 6678 
8 6677 6708 6709 6679 6678 6776 6777 6680 
8 6679 6709 6689 6565 6680 6777 6685 6566 
8 6578 6577 6710 6693 6574 6573 6778 6761 
8 6709 6711 6690 6689 6777 6779 6686 6685 
8 6577 6576 6712 6710 6573 6572 6780 6778 
8 6711 6713 6691 6690 6779 6781 6687 6686 
8 6576 6575 6714 6712 6572 6571 6782 6780 
8 6713 6715 6692 6691 6781 6783 6688 6687 
8 6575 6560 6597 6714 6571 6559 6596 6782 
8 6714 6597 6599 6716 6782 6596 6598 6784 
8 6716 6599 6601 6717 6784 6598 6600 6785 
8 6717 6601 6603 6718 6785 6600 6602 6786 
8 6718 6603 6605 6719 6786 6602 6604 6787 
8 6719 6605 6607 6720 6787 6604 6606 6788 
8 6720 6607 6609 6721 6788 6606 6608 6789 
8 6721 6609 6611 6722 6789 6608 6610 6790 
8 6722 6611 6613 6723 6790 6610 6612 6791 
8 6723 6613 6615 6724 6791 6612 6614 6792 
8 6724 6615 6617 6725 6792 6614 6616 6793 
8 6725 6617 6619 6726 6793 6616 6618 6794 
8 6726 6619 6621 6727 6794 6618 6620 6795 
8 6727 6621 6623 6728 6795 6620 6622 6796 
8 6728 6623 6625 6729 6796 6622 6624 6797 
8 6729 6625 6627 6730 6797 6624 6626 6798 
8 6730 6627 6629 6715 6798 6626 6628 6783 
8 6715 6629 6562 6692 6783 6628 6563 6688 
8 6693 6710 6731 6694 6761 6778 6799 6762 
8 6694 6731 6732 6695 6762 6799 6800 6763 
8 6695 6732 6733 6696 6763 6800 6801 6764 
8 6696 6733 6734 6697 6764 6801 6802 6765 
8 6697 6734 6735 6698 6765 6802 6803 6766 
8 6698 6735 6736 6699 6766 6803 6804 6767 
8 6699 6736 6737 6700 6767 6804 6805 6768 
8 6700 6737 6738 6701 6768 6805 6806 6769 
8 6701 6738 6739 6702 6769 6806 6807 6770 
8 6702 6739 6740 6703 6770 6807 6808 6771 
8 6703 6740 6741 6704 6771 6808 6809 6772 
8 6704 6741 6742 6705 6772 6809 6810 6773 
8 6705 6742 6743 6706 6773 6810 6811 6774 
8 6706 6743 6744 6707 6774 6811 6812 6775 
8 6707 6744 6745 6708 6775 6812 6813 6776 
8 6708 6745 6711 6709 6776 6813 6779 6777 
8 6710 6712 6746 6731 6778 6780 6814 6799 
8 6731 6746 6747 6732 6799 6814 6815 6800 
8 6732 6747 6748 6733 6800 6815 6816 6801 
8 6733 6748 6749 6734 6801 6816 6817 6802 
8 6734 6749 6750 6735 6802 6817 6818 6803 
8 6735 6750 6751 6736 6803 6818 6819 6804 
8 6736 6751 6752 6737 6804 6819 6820 6805 
8 6737 6752 6753 6738 6805 6820 6821 6806 
8 6738 6753 6754 6739 6806 6821 6822 6807 
8 6739 6754 6755 6740 6807 6822 6823 6808 
8 6740 6755 6756 6741 6808 6823 6824 6809 
8 6741 6756 6757 6742 6809 6824 6825 6810 
8 6742 6757 6758 6743 6810 6825 6826 6811 
8 6743 6758 6759 6744 6811 6826 6827 6812 
8 6744 6759 6760 6745 6812 6827 6828 6813 
8 6745 6760 6713 6711 6813 6828 6781 6779 
8 6712 6714 6716 6746 6780 6782 6784 6814 
8 6746 6716 6717 6747 6814 6784 6785 6815 
8 6747 6717 6718 6748 6815 6785 6786 6816 
8 6748 6718 6719 6749 6816 6786 6787 6817 
8 6749 6719 6720 6750 6817 6787 6788 6818 
8 6750 6720 6721 6751 6818 6788 6789 6819 
8 6751 6721 6722 6752 6819 6789 6790 6820 
8 6752 6722 6723 6753 6820 6790 6791 6821 
8 6753 6723 6724 6754 6821 6791 6792 6822 
8 6754 6724 6725 6755 6822 6792 6793 6823 
8 6755 6725 6726 6756 6823 6793 6794 6824 
8 6756 6726 6727 6757 6824 6794 6795 6825 
8 6757 6727 6728 6758 6825 6795 6796 6826 
8 6758 6728 6729 6759 6826 6796 6797 6827 
8 6759 6729 6730 6760 6827 6797 6798 6828 
8 6760 6730 6715 6713 6828 6798 6783 6781 
8 6557 6574 6761 6648 6555 6567 6829 6646 
8 6648 6761 6762 6650 6646 6829 6830 6645 
8 6650 6762 6763 6652 6645 6830 6831 6644 
8 6652 6763 6764 6654 6644 6831 6832 6643 
8 6654 6764 6765 6656 6643 6832 6833 6642 
8 6656 6765 6766 6658 6642 6833 6834 6641 
8 6658 6766 6767 6660 6641 6834 6835 6640 
8 6660 6767 6768 6662 6640 6835 6836 6639 
8 6662 6768 6769 6664 6639 6836 6837 6638 
8 6664 6769 6770 6666 6638 6837 6838 6637 
8 6666 6770 6771 6668 6637 6838 6839 6636 
8 6668 6771 6772 6670 6636 6839 6840 6635 
8 6670 6772 6773 6672 6635 6840 6841 6634 
8 6672 6773 6774 6674 6634 6841 6842 6633 
8 6674 6774 6775 6676 6633 6842 6843 6632 
8 6676 6775 6776 6678 6632 6843 6844 6631 
8 6678 6776 6777 6680 6631 6844 6845 6630 
8 6680 6777 6685 6566 6630 6845 6684 6564 
8 6574 6573 6778 6761 6567 6568 6846 6829 
8 6777 6779 6686 6685 6845 6847 6683 6684 
8 6573 6572 6780 6778 6568 6569 6848 6846 
8 6779 6781 6687 6686 6847 6849 6682 6683 
8 6572 6571 6782 6780 6569 6570 6850 6848 
8 6781 6783 6688 6687 6849 6851 6681 6682 
8 6571 6559 6596 6782 6570 6558 6579 6850 
8 6782 6596 6598 6784 6850 6579 6580 6852 
8 6784 6598 6600 6785 6852 6580 6581 6853 
8 6785 6600 6602 6786 6853 6581 6582 6854 
8 6786 6602 6604 6787 6854 6582 6583 6855 
8 6787 6604 6606 6788 6855 6583 6584 6856 
8 6788 6606 6608 6789 6856 6584 6585 6857 
8 6789 6608 6610 6790 6857 6585 6586 6858 
8 6790 6610 6612 6791 6858 6586 6587 6859 
8 6791 6612 6614 6792 6859 6587 6588 6860 
8 6792 6614 6616 6793 6860 6588 6589 6861 
8 6793 6616 6618 6794 6861 6589 6590 6862 
8 6794 6618 6620 6795 6862 6590 6591 6863 
8 6795 6620 6622 6796 6863 6591 6592 6864 
8 6796 6622 6624 6797 6864 6592 6593 6865 
8 6797 6624 6626 6798 6865 6593 6594 6866 
8 6798 6626 6628 6783 6866 6594 6595 6851 
8 6783 6628 6563 6688 6851 6595 6561 6681 
8 6761 6778 6799 6762 6829 6846 6867 6830 
8 6762 6799 6800 6763 6830 6867 6868 6831 
8 6763 6800 6801 6764 6831 6868 6869 6832 
8 6764 6801 6802 6765 6832 6869 6870 6833 
8 6765 6802 6803 6766 6833 6870 6871 6834 
8 6766 6803 6804 6767 6834 6871 6872 6835 
8 6767 6804 6805 6768 6835 6872 6873 6836 
8 6768 6805 6806 6769 6836 6873 6874 6837 
8 6769 6806 6807 6770 6837 6874 6875 6838 
8 6770 6807 6808 6771 6838 6875 6876 6839 
8 6771 6808 6809 6772 6839 6876 6877 6840 
8 6772 6809 6810 6773 6840 6877 6878 6841 
8 6773 6810 6811 6774 6841 6878 6879 6842 
8 6774 6811 6812 6775 6842 6879 6880 6843 
8 6775 6812 6813 6776 6843 6880 6881 6844 
8 6776 6813 6779 6777 6844 6881 6847 6845 
8 6778 6780 6814 6799 6846 6848 6882 6867 
8 6799 6814 6815 6800 6867 6882 6883 6868 
8 6800 6815 6816 6801 6868 6883 6884 6869 
8 6801 6816 6817 6802 6869 6884 6885 6870 
8 6802 6817 6818 6803 6870 6885 6886 6871 
8 6803 6818 6819 6804 6871 6886 6887 6872 
8 6804 6819 6820 6805 6872 6887 6888 6873 
8 6805 6820 6821 6806 6873 6888 6889 6874 
8 6806 6821 6822 6807 6874 6889 6890 6875 
8 6807 6822 6823 6808 6875 6890 6891 6876 
8 6808 6823 6824 6809 6876 6891 6892 6877 
8 6809 6824 6825 6810 6877 6892 6893 6878 
8 6810 6825 6826 6811 6878 6893 6894 6879 
8 6811 6826 6827 6812 6879 6894 6895 6880 
8 6812 6827 6828 6813 6880 6895 6896 6881 
8 6813 6828 6781 6779 6881 6896 6849 6847 
8 6780 6782 6784 6814 6848 6850 6852 6882 
8 6814 6784 6785 6815 6882 6852 6853 6883 
8 6815 6785 6786 6816 6883 6853 6854 6884 
8 6816 6786 6787 6817 6884 6854 6855 6885 
8 6817 6787 6788 6818 6885 6855 6856 6886 
8 6818 6788 6789 6819 6886 6856 6857 6887 
8 6819 6789 6790 6820 6887 6857 6858 6888 
8 6820 6790 6791 6821 6888 6858 6859 6889 
8 6821 6791 6792 6822 6889 6859 6860 6890 
8 6822 6792 6793 6823 6890 6860 6861 6891 
8 6823 6793 6794 6824 6891 6861 6862 6892 
8 6824 6794 6795 6825 6892 6862 6863 6893 
8 6825 6795 6796 6826 6893 6863 6864 6894 
8 6826 6796 6797 6827 6894 6864 6865 6895 
8 6827 6797 6798 6828 6895 6865 6866 6896 
8 6828 6798 6783 6781 6896 6866 6851 6849 
8 3291 3272 24 29 3619 3351 157 701 
8 3292 3273 3272 3291 3620 3352 3351 3619 
8 3290 3241 3273 3292 3606 3254 3352 3620 
8 3293 3291 29 30 3621 3619 701 688 
8 3289 3290 3292 3294 3593 3606 3620 3622 
8 3295 3293 30 31 3623 3621 688 675 
8 3288 3289 3294 3296 3580 3593 3622 3624 
8 3297 3295 31 32 3625 3623 675 662 
8 3287 3288 3296 3298 3567 3580 3624 3626 
8 3299 3297 32 33 3627 3625 662 649 
8 3286 3287 3298 3300 3554 3567 3626 3628 
8 3301 3299 33 34 3629 3627 649 636 
8 3285 3286 3300 3302 3541 3554 3628 3630 
8 3303 3301 34 35 3631 3629 636 623 
8 3284 3285 3302 3304 3528 3541 3630 3632 
8 3305 3303 35 36 3633 3631 623 610 
8 3283 3284 3304 3306 3515 3528 3632 3634 
8 3307 3305 36 37 3635 3633 610 597 
8 3282 3283 3306 3308 3502 3515 3634 3636 
8 3309 3307 37 38 3637 3635 597 584 
8 3281 3282 3308 3310 3489 3502 3636 3638 
8 3311 3309 38 39 3639 3637 584 571 
8 3280 3281 3310 3312 3476 3489 3638 3640 
8 3313 3311 39 40 3641 3639 571 558 
8 3279 3280 3312 3314 3463 3476 3640 3642 
8 3315 3313 40 41 3643 3641 558 545 
8 3278 3279 3314 3316 3450 3463 3642 3644 
8 3317 3315 41 42 3645 3643 545 532 
8 3277 3278 3316 3318 3437 3450 3644 3646 
8 3319 3317 42 43 3647 3645 532 519 
8 3276 3277 3318 3320 3424 3437 3646 3648 
8 3321 3319 43 44 3649 3647 519 506 
8 3275 3276 3320 3322 3411 3424 3648 3650 
8 3323 3321 44 45 3651 3649 506 493 
8 3274 3275 3322 3324 3398 3411 3650 3652 
8 3271 3323 45 0 3380 3651 493 127 
8 3270 3324 3323 3271 3379 3652 3651 3380 
8 3255 3274 3324 3270 3257 3398 3652 3379 
8 3294 3292 3291 3293 3622 3620 3619 3621 
8 3296 3294 3293 3295 3624 3622 3621 3623 
8 3298 3296 3295 3297 3626 3624 3623 3625 
8 3300 3298 3297 3299 3628 3626 3625 3627 
8 3302 3300 3299 3301 3630 3628 3627 3629 
8 3304 3302 3301 3303 3632 3630 3629 3631 
8 3306 3304 3303 3305 3634 3632 3631 3633 
8 3308 3306 3305 3307 3636 3634 3633 3635 
8 3310 3308 3307 3309 3638 3636 3635 3637 
8 3312 3310 3309 3311 3640 3638 3637 3639 
8 3314 3312 3311 3313 3642 3640 3639 3641 
8 3316 3314 3313 3315 3644 3642 3641 3643 
8 3318 3316 3315 3317 3646 3644 3643 3645 
8 3320 3318 3317 3319 3648 3646 3645 3647 
8 3322 3320 3319 3321 3650 3648 3647 3649 
8 3324 3322 3321 3323 3652 3650 3649 3651 
8 157 701 3619 3351 158 700 3653 3349 
8 3351 3619 3620 3352 3349 3653 3654 3350 
8 3352 3620 3606 3254 3350 3654 3607 3253 
8 701 688 3621 3619 700 687 3655 3653 
8 3620 3622 3593 3606 3654 3656 3594 3607 
8 688 675 3623 3621 687 674 3657 3655 
8 3622 3624 3580 3593 3656 3658 3581 3594 
8 675 662 3625 3623 674 661 3659 3657 
8 3624 3626 3567 3580 3658 3660 3568 3581 
8 662 649 3627 3625 661 648 3661 3659 
8 3626 3628 3554 3567 3660 3662 3555 3568 
8 649 636 3629 3627 648 635 3663 3661 
8 3628 3630 3541 3554 3662 3664 3542 3555 
8 636 623 3631 3629 635 622 3665 3663 
8 3630 3632 3528 3541 3664 3666 3529 3542 
8 623 610 3633 3631 622 609 3667 3665 
8 3632 3634 3515 3528 3666 3668 3516 3529 
8 610 597 3635 3633 609 596 3669 3667 
8 3634 3636 3502 3515 3668 3670 3503 3516 
8 597 584 3637 3635 596 583 3671 3669 
8 3636 3638 3489 3502 3670 3672 3490 3503 
8 584 571 3639 3637 583 570 3673 3671 
8 3638 3640 3476 3489 3672 3674 3477 3490 
8 571 558 3641 3639 570 557 3675 3673 
8 3640 3642 3463 3476 3674 3676 3464 3477 
8 558 545 3643 3641 557 544 3677 3675 
8 3642 3644 3450 3463 3676 3678 3451 3464 
8 545 532 3645 3643 544 531 3679 3677 
8 3644 3646 3437 3450 3678 3680 3438 3451 
8 532 519 3647 3645 531 518 3681 3679 
8 3646 3648 3424 3437 3680 3682 3425 3438 
8 519 506 3649 3647 518 505 3683 3681 
8 3648 3650 3411 3424 3682 3684 3412 3425 
8 506 493 3651 3649 505 492 3685 3683 
8 3650 3652 3398 3411 3684 3686 3399 3412 
8 493 127 3380 3651 492 126 3378 3685 
8 3651 3380 3379 3652 3685 3378 3377 3686 
8 3652 3379 3257 3398 3686 3377 3258 3399 
8 3619 3621 3622 3620 3653 3655 3656 3654 
8 3621 3623 3624 3622 3655 3657 3658 3656 
8 3623 3625 3626 3624 3657 3659 3660 3658 
8 3625 3627 3628 3626 3659 3661 3662 3660 
8 3627 3629 3630 3628 3661 3663 3664 3662 
8 3629 3631 3632 3630 3663 3665 3666 3664 
8 3631 3633 3634 3632 3665 3667 3668 3666 
8 3633 3635 3636 3634 3667 3669 3670 3668 
8 3635 3637 3638 3636 3669 3671 3672 3670 
8 3637 3639 3640 3638 3671 3673 3674 3672 
8 3639 3641 3642 3640 3673 3675 3676 3674 
8 3641 3643 3644 3642 3675 3677 3678 3676 
8 3643 3645 3646 3644 3677 3679 3680 3678 
8 3645 3647 3648 3646 3679 3681 3682 3680 
8 3647 3649 3650 3648 3681 3683 3684 3682 
8 3649 3651 3652 3650 3683 3685 3686 3684 
8 158 700 3653 3349 159 699 3687 3347 
8 3349 3653 3654 3350 3347 3687 3688 3348 
8 3350 3654 3607 3253 3348 3688 3608 3252 
8 700 687 3655 3653 699 686 3689 3687 
8 3654 3656 3594 3607 3688 3690 3595 3608 
8 687 674 3657 3655 686 673 3691 3689 
8 3656 3658 3581 3594 3690 3692 3582 3595 
8 674 661 3659 3657 673 660 3693 3691 
8 3658 3660 3568 3581 3692 3694 3569 3582 
8 661 648 3661 3659 660 647 3695 3693 
8 3660 3662 3555 3568 3694 3696 3556 3569 
8 648 635 3663 3661 647 634 3697 3695 
8 3662 3664 3542 3555 3696 3698 3543 3556 
8 635 622 3665 3663 634 621 3699 3697 
8 3664 3666 3529 3542 3698 3700 3530 3543 
8 622 609 3667 3665 621 608 3701 3699 
8 3666 3668 3516 3529 3700 3702 3517 3530 
8 609 596 3669 3667 608 595 3703 3701 
8 3668 3670 3503 3516 3702 3704 3504 3517 
8 596 583 3671 3669 595 582 3705 3703 
8 3670 3672 3490 3503 3704 3706 3491 3504 
8 583 570 3673 3671 582 569 3707 3705 
8 3672 3674 3477 3490 3706 3708 3478 3491 
8 570 557 3675 3673 569 556 3709 3707 
8 3674 3676 3464 3477 3708 3710 3465 3478 
8 557 544 3677 3675 556 543 3711 3709 
8 3676 3678 3451 3464 3710 3712 3452 3465 
8 544 531 3679 3677 543 530 3713 3711 
8 3678 3680 3438 3451 3712 3714 3439 3452 
8 531 518 3681 3679 530 517 3715 3713 
8 3680 3682 3425 3438 3714 3716 3426 3439 
8 518 505 3683 3681 517 504 3717 3715 
8 3682 3684 3412 3425 3716 3718 3413 3426 
8 505 492 3685 3683 504 491 3719 3717 
8 3684 3686 3399 3412 3718 3720 3400 3413 
8 492 126 3378 3685 491 125 3376 3719 
8 3685 3378 3377 3686 3719 3376 3375 3720 
8 3686 3377 3258 3399 3720 3375 3259 3400 
8 3653 3655 3656 3654 3687 3689 3690 3688 
8 3655 3657 3658 3656 3689 3691 3692 3690 
8 3657 3659 3660 3658 3691 3693 3694 3692 
8 3659 3661 3662 3660 3693 3695 3696 3694 
8 3661 3663 3664 3662 3695 3697 3698 3696 
8 3663 3665 3666 3664 3697 3699 3700 3698 
8 3665 3667 3668 3666 3699 3701 3702 3700 
8 3667 3669 3670 3668 3701 3703 3704 3702 
8 3669 3671 3672 3670 3703 3705 3706 3704 
8 3671 3673 3674 3672 3705 3707 3708 3706 
8 3673 3675 3676 3674 3707 3709 3710 3708 
8 3675 3677 3678 3676 3709 3711 3712 3710 
8 3677 3679 3680 3678 3711 3713 3714 3712 
8 3679 3681 3682 3680 3713 3715 3716 3714 
8 3681 3683 3684 3682 3715 3717 3718 3716 
8 3683 3685 3686 3684 3717 3719 3720 3718 
8 159 699 3687 3347 160 698 3721 3345 
8 3347 3687 3688 3348 3345 3721 3722 3346 
8 3348 3688 3608 3252 3346 3722 3609 3251 
8 699 686 3689 3687 698 685 3723 3721 
8 3688 3690 3595 3608 3722 3724 3596 3609 
8 686 673 3691 3689 685 672 3725 3723 
8 3690 3692 3582 3595 3724 3726 3583 3596 
8 673 660 3693 3691 672 659 3727 3725 
8 3692 3694 3569 3582 3726 3728 3570 3583 
8 660 647 3695 3693 659 646 3729 3727 
8 3694 3696 3556 3569 3728 3730 3557 3570 
8 647 634 3697 3695 646 633 3731 3729 
8 3696 3698 3543 3556 3730 3732 3544 3557 
8 634 621 3699 3697 633 620 3733 3731 
8 3698 3700 3530 3543 3732 3734 3531 3544 
8 621 608 3701 3699 620 607 3735 3733 
8 3700 3702 3517 3530 3734 3736 3518 3531 
8 608 595 3703 3701 607 594 3737 3735 
8 3702 3704 3504 3517 3736 3738 3505 3518 
8 595 582 3705 3703 594 581 3739 3737 
8 3704 3706 3491 3504 3738 3740 3492 3505 
8 582 569 3707 3705 581 568 3741 3739 
8 3706 3708 3478 3491 3740 3742 3479 3492 
8 569 556 3709 3707 568 555 3743 3741 
8 3708 3710 3465 3478 3742 3744 3466 3479 
8 556 543 3711 3709 555 542 3745 3743 
8 3710 3712 3452 3465 3744 3746 3453 3466 
8 543 530 3713 3711 542 529 3747 3745 
8 3712 3714 3439 3452 3746 3748 3440 3453 
8 530 517 3715 3713 529 516 3749 3747 
8 3714 3716 3426 3439 3748 3750 3427 3440 
8 517 504 3717 3715 516 503 3751 3749 
8 3716 3718 3413 3426 3750 3752 3414 3427 
8 504 491 3719 3717 503 490 3753 3751 
8 3718 3720 3400 3413 3752 3754 3401 3414 
8 491 125 3376 3719 490 124 3374 3753 
8 3719 3376 3375 3720 3753 3374 3373 3754 
8 3720 3375 3259 3400 3754 3373 3260 3401 
8 3687 3689 3690 3688 3721 3723 3724 3722 
8 3689 3691 3692 3690 3723 3725 3726 3724 
8 3691 3693 3694 3692 3725 3727 3728 3726 
8 3693 3695 3696 3694 3727 3729 3730 3728 
8 3695 3697 3698 3696 3729 3731 3732 3730 
8 3697 3699 3700 3698 3731 3733 3734 3732 
8 3699 3701 3702 3700 3733 3735 3736 3734 
8 3701 3703 3704 3702 3735 3737 3738 3736 
8 3703 3705 3706 3704 3737 3739 3740 3738 
8 3705 3707 3708 3706 3739 3741 3742 3740 
8 3707 3709 3710 3708 3741 3743 3744 3742 
8 3709 3711 3712 3710 3743 3745 3746 3744 
8 3711 3713 3714 3712 3745 3747 3748 3746 
8 3713 3715 3716 3714 3747 3749 3750 3748 
8 3715 3717 3718 3716 3749 3751 3752 3750 
8 3717 3719 3720 3718 3751 3753 3754 3752 
8 160 698 3721 3345 161 697 3755 3343 
8 3345 3721 3722 3346 3343 3755 3756 3344 
8 3346 3722 3609 3251 3344 3756 3610 3250 
8 698 685 3723 3721 697 684 3757 3755 
8 3722 3724 3596 3609 3756 3758 3597 3610 
8 685 672 3725 3723 684 671 3759 3757 
8 3724 3726 3583 3596 3758 3760 3584 3597 
8 672 659 3727 3725 671 658 3761 3759 
8 3726 3728 3570 3583 3760 3762 3571 3584 
8 659 646 3729 3727 658 645 3763 3761 
8 3728 3730 3557 3570 3762 3764 3558 3571 
8 646 633 3731 3729 645 632 3765 3763 
8 3730 3732 3544 3557 3764 3766 3545 3558 
8 633 620 3733 3731 632 619 3767 3765 
8 3732 3734 3531 3544 3766 3768 3532 3545 
8 620 607 3735 3733 619 606 3769 3767 
8 3734 3736 3518 3531 3768 3770 3519 3532 
8 607 594 3737 3735 606 593 3771 3769 
8 3736 3738 3505 3518 3770 3772 3506 3519 
8 594 581 3739 3737 593 580 3773 3771 
8 3738 3740 3492 3505 3772 3774 3493 3506 
8 581 568 3741 3739 580 567 3775 3773 
8 3740 3742 3479 3492 3774 3776 3480 3493 
8 568 555 3743 3741 567 554 3777 3775 
8 3742 3744 3466 3479 3776 3778 3467 3480 
8 555 542 3745 3743 554 541 3779 3777 
8 3744 3746 3453 3466 3778 3780 3454 3467 
8 542 529 3747 3745 541 528 3781 3779 
8 3746 3748 3440 3453 3780 3782 3441 3454 
8 529 516 3749 3747 528 515 3783 3781 
8 3748 3750 3427 3440 3782 3784 3428 3441 
8 516 503 3751 3749 515 502 3785 3783 
8 3750 3752 3414 3427 3784 3786 3415 3428 
8 503 490 3753 3751 502 489 3787 3785 
8 3752 3754 3401 3414 3786 3788 3402 3415 
8 490 124 3374 3753 489 123 3372 3787 
8 3753 3374 3373 3754 3787 3372 3371 3788 
8 3754 3373 3260 3401 3788 3371 3261 3402 
8 3721 3723 3724 3722 3755 3757 3758 3756 
8 3723 3725 3726 3724 3757 3759 3760 3758 
8 3725 3727 3728 3726 3759 3761 3762 3760 
8 3727 3729 3730 3728 3761 3763 3764 3762 
8 3729 3731 3732 3730 3763 3765 3766 3764 
8 3731 3733 3734 3732 3765 3767 3768 3766 
8 3733 3735 3736 3734 3767 3769 3770 3768 
8 3735 3737 3738 3736 3769 3771 3772 3770 
8 3737 3739 3740 3738 3771 3773 3774 3772 
8 3739 3741 3742 3740 3773 3775 3776 3774 
8 3741 3743 3744 3742 3775 3777 3778 3776 
8 3743 3745 3746 3744 3777 3779 3780 3778 
8 3745 3747 3748 3746 3779 3781 3782 3780 
8 3747 3749 3750 3748 3781 3783 3784 3782 
8 3749 3751 3752 3750 3783 3785 3786 3784 
8 3751 3753 3754 3752 3785 3787 3788 3786 
8 161 697 3755 3343 162 696 3789 3341 
8 3343 3755 3756 3344 3341 3789 3790 3342 
8 3344 3756 3610 3250 3342 3790 3611 3249 
8 697 684 3757 3755 696 683 3791 3789 
8 3756 3758 3597 3610 3790 3792 3598 3611 
8 684 671 3759 3757 683 670 3793 3791 
8 3758 3760 3584 3597 3792 3794 3585 3598 
8 671 658 3761 3759 670 657 3795 3793 
8 3760 3762 3571 3584 3794 3796 3572 3585 
8 658 645 3763 3761 657 644 3797 3795 
8 3762 3764 3558 3571 3796 3798 3559 3572 
8 645 632 3765 3763 644 631 3799 3797 
8 3764 3766 3545 3558 3798 3800 3546 3559 
8 632 619 3767 3765 631 618 3801 3799 
8 3766 3768 3532 3545 3800 3802 3533 3546 
8 619 606 3769 3767 618 605 3803 3801 
8 3768 3770 3519 3532 3802 3804 3520 3533 
8 606 593 3771 3769 605 592 3805 3803 
8 3770 3772 3506 3519 3804 3806 3507 3520 
8 593 580 3773 3771 592 579 3807 3805 
8 3772 3774 3493 3506 3806 3808 3494 3507 
8 580 567 3775 3773 579 566 3809 3807 
8 3774 3776 3480 3493 3808 3810 3481 3494 
8 567 554 3777 3775 566 553 3811 3809 
8 3776 3778 3467 3480 3810 3812 3468 3481 
8 554 541 3779 3777 553 540 3813 3811 
8 3778 3780 3454 3467 3812 3814 3455 3468 
8 541 528 3781 3779 540 527 3815 3813 
8 3780 3782 3441 3454 3814 3816 3442 3455 
8 528 515 3783 3781 527 514 3817 3815 
8 3782 3784 3428 3441 3816 3818 3429 3442 
8 515 502 3785 3783 514 501 3819 3817 
8 3784 3786 3415 3428 3818 3820 3416 3429 
8 502 489 3787 3785 501 488 3821 3819 
8 3786 3788 3402 3415 3820 3822 3403 3416 
8 489 123 3372 3787 488 122 3370 3821 
8 3787 3372 3371 3788 3821 3370 3369 3822 
8 3788 3371 3261 3402 3822 3369 3262 3403 
8 3755 3757 3758 3756 3789 3791 3792 3790 
8 3757 3759 3760 3758 3791 3793 3794 3792 
8 3759 3761 3762 3760 3793 3795 3796 3794 
8 3761 3763 3764 3762 3795 3797 3798 3796 
8 3763 3765 3766 3764 3797 3799 3800 3798 
8 3765 3767 3768 3766 3799 3801 3802 3800 
8 3767 3769 3770 3768 3801 3803 3804 3802 
8 3769 3771 3772 3770 3803 3805 3806 3804 
8 3771 3773 3774 3772 3805 3807 3808 3806 
8 3773 3775 3776 3774 3807 3809 3810 3808 
8 3775 3777 3778 3776 3809 3811 3812 3810 
8 3777 3779 3780 3778 3811 3813 3814 3812 
8 3779 3781 3782 3780 3813 3815 3816 3814 
8 3781 3783 3784 3782 3815 3817 3818 3816 
8 3783 3785 3786 3784 3817 3819 3820 3818 
8 3785 3787 3788 3786 3819 3821 3822 3820 
8 162 696 3789 3341 163 695 3823 3339 
8 3341 3789 3790 3342 3339 3823 3824 3340 
8 3342 3790 3611 3249 3340 3824 3612 3248 
8 696 683 3791 3789 695 682 3825 3823 
8 3790 3792 3598 3611 3824 3826 3599 3612 
8 683 670 3793 3791 682 669 3827 3825 
8 3792 3794 3585 3598 3826 3828 3586 3599 
8 670 657 3795 3793 669 656 3829 3827 
8 3794 3796 3572 3585 3828 3830 3573 3586 
8 657 644 3797 3795 656 643 3831 3829 
8 3796 3798 3559 3572 3830 3832 3560 3573 
8 644 631 3799 3797 643 630 3833 3831 
8 3798 3800 3546 3559 3832 3834 3547 3560 
8 631 618 3801 3799 630 617 3835 3833 
8 3800 3802 3533 3546 3834 3836 3534 3547 
8 618 605 3803 3801 617 604 3837 3835 
8 3802 3804 3520 3533 3836 3838 3521 3534 
8 605 592 3805 3803 604 591 3839 3837 
8 3804 3806 3507 3520 3838 3840 3508 3521 
8 592 579 3807 3805 591 578 3841 3839 
8 3806 3808 3494 3507 3840 3842 3495 3508 
8 579 566 3809 3807 578 565 3843 3841 
8 3808 3810 3481 3494 3842 3844 3482 3495 
8 566 553 3811 3809 565 552 3845 3843 
8 3810 3812 3468 3481 3844 3846 3469 3482 
8 553 540 3813 3811 552 539 3847 3845 
8 3812 3814 3455 3468 3846 3848 3456 3469 
8 540 527 3815 3813 539 526 3849 3847 
8 3814 3816 3442 3455 3848 3850 3443 3456 
8 527 514 3817 3815 526 513 3851 3849 
8 3816 3818 3429 3442 3850 3852 3430 3443 
8 514 501 3819 3817 513 500 3853 3851 
8 3818 3820 3416 3429 3852 3854 3417 3430 
8 501 488 3821 3819 500 487 3855 3853 
8 3820 3822 3403 3416 3854 3856 3404 3417 
8 488 122 3370 3821 487 121 3368 3855 
8 3821 3370 3369 3822 3855 3368 3367 3856 
8 3822 3369 3262 3403 3856 3367 3263 3404 
8 3789 3791 3792 3790 3823 3825 3826 3824 
8 3791 3793 3794 3792 3825 3827 3828 3826 
8 3793 3795 3796 3794 3827 3829 3830 3828 
8 3795 3797 3798 3796 3829 3831 3832 3830 
8 3797 3799 3800 3798 3831 3833 3834 3832 
8 3799 3801 3802 3800 3833 3835 3836 3834 
8 3801 3803 3804 3802 3835 3837 3838 3836 
8 3803 3805 3806 3804 3837 3839 3840 3838 
8 3805 3807 3808 3806 3839 3841 3842 3840 
8 3807 3809 3810 3808 3841 3843 3844 3842 
8 3809 3811 3812 3810 3843 3845 3846 3844 
8 3811 3813 3814 3812 3845 3847 3848 3846 
8 3813 3815 3816 3814 3847 3849 3850 3848 
8 3815 3817 3818 3816 3849 3851 3852 3850 
8 3817 3819 3820 3818 3851 3853 3854 3852 
8 3819 3821 3822 3820 3853 3855 3856 3854 
8 163 695 3823 3339 164 694 3857 3337 
8 3339 3823 3824 3340 3337 3857 3858 3338 
8 3340 3824 3612 3248 3338 3858 3613 3247 
8 695 682 3825 3823 694 681 3859 3857 
8 3824 3826 3599 3612 3858 3860 3600 3613 
8 682 669 3827 3825 681 668 3861 3859 
8 3826 3828 3586 3599 3860 3862 3587 3600 
8 669 656 3829 3827 668 655 3863 3861 
8 3828 3830 3573 3586 3862 3864 3574 3587 
8 656 643 3831 3829 655 642 3865 3863 
8 3830 3832 3560 3573 3864 3866 3561 3574 
8 643 630 3833 3831 642 629 3867 3865 
8 3832 3834 3547 3560 3866 3868 3548 3561 
8 630 617 3835 3833 629 616 3869 3867 
8 3834 3836 3534 3547 3868 3870 3535 3548 
8 617 604 3837 3835 616 603 3871 3869 
8 3836 3838 3521 3534 3870 3872 3522 3535 
8 604 591 3839 3837 603 590 3873 3871 
8 3838 3840 3508 3521 3872 3874 3509 3522 
8 591 578 3841 3839 590 577 3875 3873 
8 3840 3842 3495 3508 3874 3876 3496 3509 
8 578 565 3843 3841 577 564 3877 3875 
8 3842 3844 3482 3495 3876 3878 3483 3496 
8 565 552 3845 3843 564 551 3879 3877 
8 3844 3846 3469 3482 3878 3880 3470 3483 
8 552 539 3847 3845 551 538 3881 3879 
8 3846 3848 3456 3469 3880 3882 3457 3470 
8 539 526 3849 3847 538 525 3883 3881 
8 3848 3850 3443 3456 3882 3884 3444 3457 
8 526 513 3851 3849 525 512 3885 3883 
8 3850 3852 3430 3443 3884 3886 3431 3444 
8 513 500 3853 3851 512 499 3887 3885 
8 3852 3854 3417 3430 3886 3888 3418 3431 
8 500 487 3855 3853 499 486 3889 3887 
8 3854 3856 3404 3417 3888 3890 3405 3418 
8 487 121 3368 3855 486 120 3366 3889 
8 3855 3368 3367 3856 3889 3366 3365 3890 
8 3856 3367 3263 3404 3890 3365 3264 3405 
8 3823 3825 3826 3824 3857 3859 3860 3858 
8 3825 3827 3828 3826 3859 3861 3862 3860 
8 3827 3829 3830 3828 3861 3863 3864 3862 
8 3829 3831 3832 3830 3863 3865 3866 3864 
8 3831 3833 3834 3832 3865 3867 3868 3866 
8 3833 3835 3836 3834 3867 3869 3870 3868 
8 3835 3837 3838 3836 3869 3871 3872 3870 
8 3837 3839 3840 3838 3871 3873 3874 3872 
8 3839 3841 3842 3840 3873 3875 3876 3874 
8 3841 3843 3844 3842 3875 3877 3878 3876 
8 3843 3845 3846 3844 3877 3879 3880 3878 
8 3845 3847 3848 3846 3879 3881 3882 3880 
8 3847 3849 3850 3848 3881 3883 3884 3882 
8 3849 3851 3852 3850 3883 3885 3886 3884 
8 3851 3853 3854 3852 3885 3887 3888 3886 
8 3853 3855 3856 3854 3887 3889 3890 3888 
8 164 694 3857 3337 165 693 3891 3335 
8 3337 3857 3858 3338 3335 3891 3892 3336 
8 3338 3858 3613 3247 3336 3892 3614 3246 
8 694 681 3859 3857 693 680 3893 3891 
8 3858 3860 3600 3613 3892 3894 3601 3614 
8 681 668 3861 3859 680 667 3895 3893 
8 3860 3862 3587 3600 3894 3896 3588 3601 
8 668 655 3863 3861 667 654 3897 3895 
8 3862 3864 3574 3587 3896 3898 3575 3588 
8 655 642 3865 3863 654 641 3899 3897 
8 3864 3866 3561 3574 3898 3900 3562 3575 
8 642 629 3867 3865 641 628 3901 3899 
8 3866 3868 3548 3561 3900 3902 3549 3562 
8 629 616 3869 3867 628 615 3903 3901 
8 3868 3870 3535 3548 3902 3904 3536 3549 
8 616 603 3871 3869 615 602 3905 3903 
8 3870 3872 3522 3535 3904 3906 3523 3536 
8 603 590 3873 3871 602 589 3907 3905 
8 3872 3874 3509 3522 3906 3908 3510 3523 
8 590 577 3875 3873 589 576 3909 3907 
8 3874 3876 3496 3509 3908 3910 3497 3510 
8 577 564 3877 3875 576 563 3911 3909 
8 3876 3878 3483 3496 3910 3912 3484 3497 
8 564 551 3879 3877 563 550 3913 3911 
8 3878 3880 3470 3483 3912 3914 3471 3484 
8 551 538 3881 3879 550 537 3915 3913 
8 3880 3882 3457 3470 3914 3916 3458 3471 
8 538 525 3883 3881 537 524 3917 3915 
8 3882 3884 3444 3457 3916 3918 3445 3458 
8 525 512 3885 3883 524 511 3919 3917 
8 3884 3886 3431 3444 3918 3920 3432 3445 
8 512 499 3887 3885 511 498 3921 3919 
8 3886 3888 3418 3431 3920 3922 3419 3432 
8 499 486 3889 3887 498 485 3923 3921 
8 3888 3890 3405 3418 3922 3924 3406 3419 
8 486 120 3366 3889 485 119 3364 3923 
8 3889 3366 3365 3890 3923 3364 3363 3924 
8 3890 3365 3264 3405 3924 3363 3265 3406 
8 3857 3859 3860 3858 3891 3893 3894 3892 
8 3859 3861 3862 3860 3893 3895 3896 3894 
8 3861 3863 3864 3862 3895 3897 3898 3896 
8 3863 3865 3866 3864 3897 3899 3900 3898 
8 3865 3867 3868 3866 3899 3901 3902 3900 
8 3867 3869 3870 3868 3901 3903 3904 3902 
8 3869 3871 3872 3870 3903 3905 3906 3904 
8 3871 3873 3874 3872 3905 3907 3908 3906 
8 3873 3875 3876 3874 3907 3909 3910 3908 
8 3875 3877 3878 3876 3909 3911 3912 3910 
8 3877 3879 3880 3878 3911 3913 3914 3912 
8 3879 3881 3882 3880 3913 3915 3916 3914 
8 3881 3883 3884 3882 3915 3917 3918 3916 
8 3883 3885 3886 3884 3917 3919 3920 3918 
8 3885 3887 3888 3886 3919 3921 3922 3920 
8 3887 3889 3890 3888 3921 3923 3924 3922 
8 165 693 3891 3335 166 692 3925 3333 
8 3335 3891 3892 3336 3333 3925 3926 3334 
8 3336 3892 3614 3246 3334 3926 3615 3245 
8 693 680 3893 3891 692 679 3927 3925 
8 3892 3894 3601 3614 3926 3928 3602 3615 
8 680 667 3895 3893 679 666 3929 3927 
8 3894 3896 3588 3601 3928 3930 3589 3602 
8 667 654 3897 3895 666 653 3931 3929 
8 3896 3898 3575 3588 3930 3932 3576 3589 
8 654 641 3899 3897 653 640 3933 3931 
8 3898 3900 3562 3575 3932 3934 3563 3576 
8 641 628 3901 3899 640 627 3935 3933 
8 3900 3902 3549 3562 3934 3936 3550 3563 
8 628 615 3903 3901 627 614 3937 3935 
8 3902 3904 3536 3549 3936 3938 3537 3550 
8 615 602 3905 3903 614 601 3939 3937 
8 3904 3906 3523 3536 3938 3940 3524 3537 
8 602 589 3907 3905 601 588 3941 3939 
8 3906 3908 3510 3523 3940 3942 3511 3524 
8 589 576 3909 3907 588 575 3943 3941 
8 3908 3910 3497 3510 3942 3944 3498 3511 
8 576 563 3911 3909 575 562 3945 3943 
8 3910 3912 3484 3497 3944 3946 3485 3498 
8 563 550 3913 3911 562 549 3947 3945 
8 3912 3914 3471 3484 3946 3948 3472 3485 
8 550 537 3915 3913 549 536 3949 3947 
8 3914 3916 3458 3471 3948 3950 3459 3472 
8 537 524 3917 3915 536 523 3951 3949 
8 3916 3918 3445 3458 3950 3952 3446 3459 
8 524 511 3919 3917 523 510 3953 3951 
8 3918 3920 3432 3445 3952 3954 3433 3446 
8 511 498 3921 3919 510 497 3955 3953 
8 3920 3922 3419 3432 3954 3956 3420 3433 
8 498 485 3923 3921 497 484 3957 3955 
8 3922 3924 3406 3419 3956 3958 3407 3420 
8 485 119 3364 3923 484 118 3362 3957 
8 3923 3364 3363 3924 3957 3362 3361 3958 
8 3924 3363 3265 3406 3958 3361 3266 3407 
8 3891 3893 3894 3892 3925 3927 3928 3926 
8 3893 3895 3896 3894 3927 3929 3930 3928 
8 3895 3897 3898 3896 3929 3931 3932 3930 
8 3897 3899 3900 3898 3931 3933 3934 3932 
8 3899 3901 3902 3900 3933 3935 3936 3934 
8 3901 3903 3904 3902 3935 3937 3938 3936 
8 3903 3905 3906 3904 3937 3939 3940 3938 
8 3905 3907 3908 3906 3939 3941 3942 3940 
8 3907 3909 3910 3908 3941 3943 3944 3942 
8 3909 3911 3912 3910 3943 3945 3946 3944 
8 3911 3913 3914 3912 3945 3947 3948 3946 
8 3913 3915 3916 3914 3947 3949 3950 3948 
8 3915 3917 3918 3916 3949 3951 3952 3950 
8 3917 3919 3920 3918 3951 3953 3954 3952 
8 3919 3921 3922 3920 3953 3955 3956 3954 
8 3921 3923 3924 3922 3955 3957 3958 3956 
8 166 692 3925 3333 167 691 3959 3331 
8 3333 3925 3926 3334 3331 3959 3960 3332 
8 3334 3926 3615 3245 3332 3960 3616 3244 
8 692 679 3927 3925 691 678 3961 3959 
8 3926 3928 3602 3615 3960 3962 3603 3616 
8 679 666 3929 3927 678 665 3963 3961 
8 3928 3930 3589 3602 3962 3964 3590 3603 
8 666 653 3931 3929 665 652 3965 3963 
8 3930 3932 3576 3589 3964 3966 3577 3590 
8 653 640 3933 3931 652 639 3967 3965 
8 3932 3934 3563 3576 3966 3968 3564 3577 
8 640 627 3935 3933 639 626 3969 3967 
8 3934 3936 3550 3563 3968 3970 3551 3564 
8 627 614 3937 3935 626 613 3971 3969 
8 3936 3938 3537 3550 3970 3972 3538 3551 
8 614 601 3939 3937 613 600 3973 3971 
8 3938 3940 3524 3537 3972 3974 3525 3538 
8 601 588 3941 3939 600 587 3975 3973 
8 3940 3942 3511 3524 3974 3976 3512 3525 
8 588 575 3943 3941 587 574 3977 3975 
8 3942 3944 3498 3511 3976 3978 3499 3512 
8 575 562 3945 3943 574 561 3979 3977 
8 3944 3946 3485 3498 3978 3980 3486 3499 
8 562 549 3947 3945 561 548 3981 3979 
8 3946 3948 3472 3485 3980 3982 3473 3486 
8 549 536 3949 3947 548 535 3983 3981 
8 3948 3950 3459 3472 3982 3984 3460 3473 
8 536 523 3951 3949 535 522 3985 3983 
8 3950 3952 3446 3459 3984 3986 3447 3460 
8 523 510 3953 3951 522 509 3987 3985 
8 3952 3954 3433 3446 3986 3988 3434 3447 
8 510 497 3955 3953 509 496 3989 3987 
8 3954 3956 3420 3433 3988 3990 3421 3434 
8 497 484 3957 3955 496 483 3991 3989 
8 3956 3958 3407 3420 3990 3992 3408 3421 
8 484 118 3362 3957 483 117 3360 3991 
8 3957 3362 3361 3958 3991 3360 3359 3992 
8 3958 3361 3266 3407 3992 3359 3267 3408 
8 3925 3927 3928 3926 3959 3961 3962 3960 
8 3927 3929 3930 3928 3961 3963 3964 3962 
8 3929 3931 3932 3930 3963 3965 3966 3964 
8 3931 3933 3934 3932 3965 3967 3968 3966 
8 3933 3935 3936 3934 3967 3969 3970 3968 
8 3935 3937 3938 3936 3969 3971 3972 3970 
8 3937 3939 3940 3938 3971 3973 3974 3972 
8 3939 3941 3942 3940 3973 3975 3976 3974 
8 3941 3943 3944 3942 3975 3977 3978 3976 
8 3943 3945 3946 3944 3977 3979 3980 3978 
8 3945 3947 3948 3946 3979 3981 3982 3980 
8 3947 3949 3950 3948 3981 3983 3984 3982 
8 3949 3951 3952 3950 3983 3985 3986 3984 
8 3951 3953 3954 3952 3985 3987 3988 3986 
8 3953 3955 3956 3954 3987 3989 3990 3988 
8 3955 3957 3958 3956 3989 3991 3992 3990 
8 167 691 3959 3331 168 690 3993 3329 
8 3331 3959 3960 3332 3329 3993 3994 3330 
8 3332 3960 3616 3244 3330 3994 3617 3243 
8 691 678 3961 3959 690 677 3995 3993 
8 3960 3962 3603 3616 3994 3996 3604 3617 
8 678 665 3963 3961 677 664 3997 3995 
8 3962 3964 3590 3603 3996 3998 3591 3604 
8 665 652 3965 3963 664 651 3999 3997 
8 3964 3966 3577 3590 3998 4000 3578 3591 
8 652 639 3967 3965 651 638 4001 3999 
8 3966 3968 3564 3577 4000 4002 3565 3578 
8 639 626 3969 3967 638 625 4003 4001 
8 3968 3970 3551 3564 4002 4004 3552 3565 
8 626 613 3971 3969 625 612 4005 4003 
8 3970 3972 3538 3551 4004 4006 3539 3552 
8 613 600 3973 3971 612 599 4007 4005 
8 3972 3974 3525 3538 4006 4008 3526 3539 
8 600 587 3975 3973 599 586 4009 4007 
8 3974 3976 3512 3525 4008 4010 3513 3526 
8 587 574 3977 3975 586 573 4011 4009 
8 3976 3978 3499 3512 4010 4012 3500 3513 
8 574 561 3979 3977 573 560 4013 4011 
8 3978 3980 3486 3499 4012 4014 3487 3500 
8 561 548 3981 3979 560 547 4015 4013 
8 3980 3982 3473 3486 4014 4016 3474 3487 
8 548 535 3983 3981 547 534 4017 4015 
8 3982 3984 3460 3473 4016 4018 3461 3474 
8 535 522 3985 3983 534 521 4019 4017 
8 3984 3986 3447 3460 4018 4020 3448 3461 
8 522 509 3987 3985 521 508 4021 4019 
8 3986 3988 3434 3447 4020 4022 3435 3448 
8 509 496 3989 3987 508 495 4023 4021 
8 3988 3990 3421 3434 4022 4024 3422 3435 
8 496 483 3991 3989 495 482 4025 4023 
8 3990 3992 3408 3421 4024 4026 3409 3422 
8 483 117 3360 3991 482 116 3358 4025 
8 3991 3360 3359 3992 4025 3358 3357 4026 
8 3992 3359 3267 3408 4026 3357 3268 3409 
8 3959 3961 3962 3960 3993 3995 3996 3994 
8 3961 3963 3964 3962 3995 3997 3998 3996 
8 3963 3965 3966 3964 3997 3999 4000 3998 
8 3965 3967 3968 3966 3999 4001 4002 4000 
8 3967 3969 3970 3968 4001 4003 4004 4002 
8 3969 3971 3972 3970 4003 4005 4006 4004 
8 3971 3973 3974 3972 4005 4007 4008 4006 
8 3973 3975 3976 3974 4007 4009 4010 4008 
8 3975 3977 3978 3976 4009 4011 4012 4010 
8 3977 3979 3980 3978 4011 4013 4014 4012 
8 3979 3981 3982 3980 4013 4015 4016 4014 
8 3981 3983 3984 3982 4015 4017 4018 4016 
8 3983 3985 3986 3984 4017 4019 4020 4018 
8 3985 3987 3988 3986 4019 4021 4022 4020 
8 3987 3989 3990 3988 4021 4023 4024 4022 
8 3989 3991 3992 3990 4023 4025 4026 4024 
8 168 690 3993 3329 169 689 4027 3327 
8 3329 3993 3994 3330 3327 4027 4028 3328 
8 3330 3994 3617 3243 3328 4028 3618 3242 
8 690 677 3995 3993 689 676 4029 4027 
8 3994 3996 3604 3617 4028 4030 3605 3618 
8 677 664 3997 3995 676 663 4031 4029 
8 3996 3998 3591 3604 4030 4032 3592 3605 
8 664 651 3999 3997 663 650 4033 4031 
8 3998 4000 3578 3591 4032 4034 3579 3592 
8 651 638 4001 3999 650 637 4035 4033 
8 4000 4002 3565 3578 4034 4036 3566 3579 
8 638 625 4003 4001 637 624 4037 4035 
8 4002 4004 3552 3565 4036 4038 3553 3566 
8 625 612 4005 4003 624 611 4039 4037 
8 4004 4006 3539 3552 4038 4040 3540 3553 
8 612 599 4007 4005 611 598 4041 4039 
8 4006 4008 3526 3539 4040 4042 3527 3540 
8 599 586 4009 4007 598 585 4043 4041 
8 4008 4010 3513 3526 4042 4044 3514 3527 
8 586 573 4011 4009 585 572 4045 4043 
8 4010 4012 3500 3513 4044 4046 3501 3514 
8 573 560 4013 4011 572 559 4047 4045 
8 4012 4014 3487 3500 4046 4048 3488 3501 
8 560 547 4015 4013 559 546 4049 4047 
8 4014 4016 3474 3487 4048 4050 3475 3488 
8 547 534 4017 4015 546 533 4051 4049 
8 4016 4018 3461 3474 4050 4052 3462 3475 
8 534 521 4019 4017 533 520 4053 4051 
8 4018 4020 3448 3461 4052 4054 3449 3462 
8 521 508 4021 4019 520 507 4055 4053 
8 4020 4022 3435 3448 4054 4056 3436 3449 
8 508 495 4023 4021 507 494 4057 4055 
8 4022 4024 3422 3435 4056 4058 3423 3436 
8 495 482 4025 4023 494 481 4059 4057 
8 4024 4026 3409 3422 4058 4060 3410 3423 
8 482 116 3358 4025 481 115 3356 4059 
8 4025 3358 3357 4026 4059 3356 3355 4060 
8 4026 3357 3268 3409 4060 3355 3269 3410 
8 3993 3995 3996 3994 4027 4029 4030 4028 
8 3995 3997 3998 3996 4029 4031 4032 4030 
8 3997 3999 4000 3998 4031 4033 4034 4032 
8 3999 4001 4002 4000 4033 4035 4036 4034 
8 4001 4003 4004 4002 4035 4037 4038 4036 
8 4003 4005 4006 4004 4037 4039 4040 4038 
8 4005 4007 4008 4006 4039 4041 4042 4040 
8 4007 4009 4010 4008 4041 4043 4044 4042 
8 4009 4011 4012 4010 4043 4045 4046 4044 
8 4011 4013 4014 4012 4045 4047 4048 4046 
8 4013 4015 4016 4014 4047 4049 4050 4048 
8 4015 4017 4018 4016 4049 4051 4052 4050 
8 4017 4019 4020 4018 4051 4053 4054 4052 
8 4019 4021 4022 4020 4053 4055 4056 4054 
8 4021 4023 4024 4022 4055 4057 4058 4056 
8 4023 4025 4026 4024 4057 4059 4060 4058 
8 169 689 4027 3327 156 480 4061 3326 
8 3327 4027 4028 3328 3326 4061 4062 3325 
8 3328 4028 3618 3242 3325 4062 3381 3240 
8 689 676 4029 4027 480 479 4063 4061 
8 4028 4030 3605 3618 4062 4064 3382 3381 
8 676 663 4031 4029 479 478 4065 4063 
8 4030 4032 3592 3605 4064 4066 3383 3382 
8 663 650 4033 4031 478 477 4067 4065 
8 4032 4034 3579 3592 4066 4068 3384 3383 
8 650 637 4035 4033 477 476 4069 4067 
8 4034 4036 3566 3579 4068 4070 3385 3384 
8 637 624 4037 4035 476 475 4071 4069 
8 4036 4038 3553 3566 4070 4072 3386 3385 
8 624 611 4039 4037 475 474 4073 4071 
8 4038 4040 3540 3553 4072 4074 3387 3386 
8 611 598 4041 4039 474 473 4075 4073 
8 4040 4042 3527 3540 4074 4076 3388 3387 
8 598 585 4043 4041 473 472 4077 4075 
8 4042 4044 3514 3527 4076 4078 3389 3388 
8 585 572 4045 4043 472 471 4079 4077 
8 4044 4046 3501 3514 4078 4080 3390 3389 
8 572 559 4047 4045 471 470 4081 4079 
8 4046 4048 3488 3501 4080 4082 3391 3390 
8 559 546 4049 4047 470 469 4083 4081 
8 4048 4050 3475 3488 4082 4084 3392 3391 
8 546 533 4051 4049 469 468 4085 4083 
8 4050 4052 3462 3475 4084 4086 3393 3392 
8 533 520 4053 4051 468 467 4087 4085 
8 4052 4054 3449 3462 4086 4088 3394 3393 
8 520 507 4055 4053 467 466 4089 4087 
8 4054 4056 3436 3449 4088 4090 3395 3394 
8 507 494 4057 4055 466 465 4091 4089 
8 4056 4058 3423 3436 4090 4092 3396 3395 
8 494 481 4059 4057 465 464 4093 4091 
8 4058 4060 3410 3423 4092 4094 3397 3396 
8 481 115 3356 4059 464 114 3353 4093 
8 4059 3356 3355 4060 4093 3353 3354 4094 
8 4060 3355 3269 3410 4094 3354 3256 3397 
8 4027 4029 4030 4028 4061 4063 4064 4062 
8 4029 4031 4032 4030 4063 4065 4066 4064 
8 4031 4033 4034 4032 4065 4067 4068 4066 
8 4033 4035 4036 4034 4067 4069 4070 4068 
8 4035 4037 4038 4036 4069 4071 4072 4070 
8 4037 4039 4040 4038 4071 4073 4074 4072 
8 4039 4041 4042 4040 4073 4075 4076 4074 
8 4041 4043 4044 4042 4075 4077 4078 4076 
8 4043 4045 4046 4044 4077 4079 4080 4078 
8 4045 4047 4048 4046 4079 4081 4082 4080 
8 4047 4049 4050 4048 4081 4083 4084 4082 
8 4049 4051 4052 4050 4083 4085 4086 4084 
8 4051 4053 4054 4052 4085 4087 4088 4086 
8 4053 4055 4056 4054 4087 4089 4090 4088 
8 4055 4057 4058 4056 4089 4091 4092 4090 
8 4057 4059 4060 4058 4091 4093 4094 4092 
8 4871 4860 3241 3290 5076 4943 3254 3606 
8 4872 4861 4860 4871 5077 4942 4943 5076 
8 4873 4862 4861 4872 5078 4941 4942 5077 
8 4874 4863 4862 4873 5079 4940 4941 5078 
8 4875 4864 4863 4874 5080 4939 4940 5079 
8 4876 4865 4864 4875 5081 4938 4939 5080 
8 4877 4866 4865 4876 5082 4937 4938 5081 
8 4878 4867 4866 4877 5083 4936 4937 5082 
8 4879 4868 4867 4878 5084 4935 4936 5083 
8 4880 4869 4868 4879 5085 4934 4935 5084 
8 4881 4870 4869 4880 5086 4933 4934 5085 
8 3274 3255 4870 4881 3398 3257 4933 5086 
8 4882 3275 3274 4881 5087 3411 3398 5086 
8 4883 3276 3275 4882 5088 3424 3411 5087 
8 4884 3277 3276 4883 5089 3437 3424 5088 
8 4885 3278 3277 4884 5090 3450 3437 5089 
8 4886 3279 3278 4885 5091 3463 3450 5090 
8 4887 3280 3279 4886 5092 3476 3463 5091 
8 4888 3281 3280 4887 5093 3489 3476 5092 
8 4889 3282 3281 4888 5094 3502 3489 5093 
8 4890 3283 3282 4889 5095 3515 3502 5094 
8 4891 3284 3283 4890 5096 3528 3515 5095 
8 4892 3285 3284 4891 5097 3541 3528 5096 
8 4893 3286 3285 4892 5098 3554 3541 5097 
8 4894 3287 3286 4893 5099 3567 3554 5098 
8 4895 3288 3287 4894 5100 3580 3567 5099 
8 4896 3289 3288 4895 5101 3593 3580 5100 
8 4871 3290 3289 4896 5076 3606 3593 5101 
8 4897 4882 4881 4880 5102 5087 5086 5085 
8 4898 4883 4882 4897 5103 5088 5087 5102 
8 4899 4884 4883 4898 5104 5089 5088 5103 
8 4899 4886 4885 4884 5104 5091 5090 5089 
8 4900 4887 4886 4899 5105 5092 5091 5104 
8 4901 4888 4887 4900 5106 5093 5092 5105 
8 4902 4889 4888 4901 5107 5094 5093 5106 
8 4903 4890 4889 4902 5108 5095 5094 5107 
8 4904 4891 4890 4903 5109 5096 5095 5108 
8 4905 4892 4891 4904 5110 5097 5096 5109 
8 4905 4894 4893 4892 5110 5099 5098 5097 
8 4906 4895 4894 4905 5111 5100 5099 5110 
8 4907 4896 4895 4906 5112 5101 5100 5111 
8 4872 4871 4896 4907 5077 5076 5101 5112 
8 4908 4873 4872 4907 5113 5078 5077 5112 
8 4909 4874 4873 4908 5114 5079 5078 5113 
8 4910 4875 4874 4909 5115 5080 5079 5114 
8 4911 4876 4875 4910 5116 5081 5080 5115 
8 4912 4877 4876 4911 5117 5082 5081 5116 
8 4913 4878 4877 4912 5118 5083 5082 5117 
8 4914 4879 4878 4913 5119 5084 5083 5118 
8 4897 4880 4879 4914 5102 5085 5084 5119 
8 4919 4900 4899 4898 5120 5105 5104 5103 
8 4903 4902 4901 4915 5108 5107 5106 5121 
8 4916 4904 4903 4915 5122 5109 5108 5121 
8 4920 4908 4907 4906 5123 5113 5112 5111 
8 4921 4909 4908 4920 5124 5114 5113 5123 
8 4916 4910 4909 4921 5122 5115 5114 5124 
8 4915 4911 4910 4916 5121 5116 5115 5122 
8 4917 4912 4911 4915 5125 5117 5116 5121 
8 4918 4913 4912 4917 5126 5118 5117 5125 
8 4919 4914 4913 4918 5120 5119 5118 5126 
8 4898 4897 4914 4919 5103 5102 5119 5120 
8 4906 4905 4904 4920 5111 5110 5109 5123 
8 4920 4904 4916 4921 5123 5109 5122 5124 
8 4915 4901 4900 4917 5121 5106 5105 5125 
8 4917 4900 4919 4918 5125 5105 5120 5126 
8 3254 3606 5076 4943 3253 3607 5127 4954 
8 4943 5076 5077 4942 4954 5127 5128 4953 
8 4942 5077 5078 4941 4953 5128 5129 4952 
8 4941 5078 5079 4940 4952 5129 5130 4951 
8 4940 5079 5080 4939 4951 5130 5131 4950 
8 4939 5080 5081 4938 4950 5131 5132 4949 
8 4938 5081 5082 4937 4949 5132 5133 4948 
8 4937 5082 5083 4936 4948 5133 5134 4947 
8 4936 5083 5084 4935 4947 5134 5135 4946 
8 4935 5084 5085 4934 4946 5135 5136 4945 
8 4934 5085 5086 4933 4945 5136 5137 4944 
8 4933 5086 3398 3257 4944 5137 3399 3258 
8 3398 5086 5087 3411 3399 5137 5138 3412 
8 3411 5087 5088 3424 3412 5138 5139 3425 
8 3424 5088 5089 3437 3425 5139 5140 3438 
8 3437 5089 5090 3450 3438 5140 5141 3451 
8 3450 5090 5091 3463 3451 5141 5142 3464 
8 3463 5091 5092 3476 3464 5142 5143 3477 
8 3476 5092 5093 3489 3477 5143 5144 3490 
8 3489 5093 5094 3502 3490 5144 5145 3503 
8 3502 5094 5095 3515 3503 5145 5146 3516 
8 3515 5095 5096 3528 3516 5146 5147 3529 
8 3528 5096 5097 3541 3529 5147 5148 3542 
8 3541 5097 5098 3554 3542 5148 5149 3555 
8 3554 5098 5099 3567 3555 5149 5150 3568 
8 3567 5099 5100 3580 3568 5150 5151 3581 
8 3580 5100 5101 3593 3581 5151 5152 3594 
8 3593 5101 5076 3606 3594 5152 5127 3607 
8 5086 5085 5102 5087 5137 5136 5153 5138 
8 5087 5102 5103 5088 5138 5153 5154 5139 
8 5088 5103 5104 5089 5139 5154 5155 5140 
8 5090 5089 5104 5091 5141 5140 5155 5142 
8 5091 5104 5105 5092 5142 5155 5156 5143 
8 5092 5105 5106 5093 5143 5156 5157 5144 
8 5093 5106 5107 5094 5144 5157 5158 5145 
8 5094 5107 5108 5095 5145 5158 5159 5146 
8 5095 5108 5109 5096 5146 5159 5160 5147 
8 5096 5109 5110 5097 5147 5160 5161 5148 
8 5098 5097 5110 5099 5149 5148 5161 5150 
8 5099 5110 5111 5100 5150 5161 5162 5151 
8 5100 5111 5112 5101 5151 5162 5163 5152 
8 5101 5112 5077 5076 5152 5163 5128 5127 
8 5077 5112 5113 5078 5128 5163 5164 5129 
8 5078 5113 5114 5079 5129 5164 5165 5130 
8 5079 5114 5115 5080 5130 5165 5166 5131 
8 5080 5115 5116 5081 5131 5166 5167 5132 
8 5081 5116 5117 5082 5132 5167 5168 5133 
8 5082 5117 5118 5083 5133 5168 5169 5134 
8 5083 5118 5119 5084 5134 5169 5170 5135 
8 5084 5119 5102 5085 5135 5170 5153 5136 
8 5104 5103 5120 5105 5155 5154 5171 5156 
8 5106 5121 5108 5107 5157 5172 5159 5158 
8 5108 5121 5122 5109 5159 5172 5173 5160 
8 5112 5111 5123 5113 5163 5162 5174 5164 
8 5113 5123 5124 5114 5164 5174 5175 5165 
8 5114 5124 5122 5115 5165 5175 5173 5166 
8 5115 5122 5121 5116 5166 5173 5172 5167 
8 5116 5121 5125 5117 5167 5172 5176 5168 
8 5117 5125 5126 5118 5168 5176 5177 5169 
8 5118 5126 5120 5119 5169 5177 5171 5170 
8 5119 5120 5103 5102 5170 5171 5154 5153 
8 5109 5123 5111 5110 5160 5174 5162 5161 
8 5122 5124 5123 5109 5173 5175 5174 5160 
8 5105 5125 5121 5106 5156 5176 5172 5157 
8 5120 5126 5125 5105 5171 5177 5176 5156 
8 3253 3607 5127 4954 3252 3608 5178 4965 
8 4954 5127 5128 4953 4965 5178 5179 4964 
8 4953 5128 5129 4952 4964 5179 5180 4963 
8 4952 5129 5130 4951 4963 5180 5181 4962 
8 4951 5130 5131 4950 4962 5181 5182 4961 
8 4950 5131 5132 4949 4961 5182 5183 4960 
8 4949 5132 5133 4948 4960 5183 5184 4959 
8 4948 5133 5134 4947 4959 5184 5185 4958 
8 4947 5134 5135 4946 4958 5185 5186 4957 
8 4946 5135 5136 4945 4957 5186 5187 4956 
8 4945 5136 5137 4944 4956 5187 5188 4955 
8 4944 5137 3399 3258 4955 5188 3400 3259 
8 3399 5137 5138 3412 3400 5188 5189 3413 
8 3412 5138 5139 3425 3413 5189 5190 3426 
8 3425 5139 5140 3438 3426 5190 5191 3439 
8 3438 5140 5141 3451 3439 5191 5192 3452 
8 3451 5141 5142 3464 3452 5192 5193 3465 
8 3464 5142 5143 3477 3465 5193 5194 3478 
8 3477 5143 5144 3490 3478 5194 5195 3491 
8 3490 5144 5145 3503 3491 5195 5196 3504 
8 3503 5145 5146 3516 3504 5196 5197 3517 
8 3516 5146 5147 3529 3517 5197 5198 3530 
8 3529 5147 5148 3542 3530 5198 5199 3543 
8 3542 5148 5149 3555 3543 5199 5200 3556 
8 3555 5149 5150 3568 3556 5200 5201 3569 
8 3568 5150 5151 3581 3569 5201 5202 3582 
8 3581 5151 5152 3594 3582 5202 5203 3595 
8 3594 5152 5127 3607 3595 5203 5178 3608 
8 5137 5136 5153 5138 5188 5187 5204 5189 
8 5138 5153 5154 5139 5189 5204 5205 5190 
8 5139 5154 5155 5140 5190 5205 5206 5191 
8 5141 5140 5155 5142 5192 5191 5206 5193 
8 5142 5155 5156 5143 5193 5206 5207 5194 
8 5143 5156 5157 5144 5194 5207 5208 5195 
8 5144 5157 5158 5145 5195 5208 5209 5196 
8 5145 5158 5159 5146 5196 5209 5210 5197 
8 5146 5159 5160 5147 5197 5210 5211 5198 
8 5147 5160 5161 5148 5198 5211 5212 5199 
8 5149 5148 5161 5150 5200 5199 5212 5201 
8 5150 5161 5162 5151 5201 5212 5213 5202 
8 5151 5162 5163 5152 5202 5213 5214 5203 
8 5152 5163 5128 5127 5203 5214 5179 5178 
8 5128 5163 5164 5129 5179 5214 5215 5180 
8 5129 5164 5165 5130 5180 5215 5216 5181 
8 5130 5165 5166 5131 5181 5216 5217 5182 
8 5131 5166 5167 5132 5182 5217 5218 5183 
8 5132 5167 5168 5133 5183 5218 5219 5184 
8 5133 5168 5169 5134 5184 5219 5220 5185 
8 5134 5169 5170 5135 5185 5220 5221 5186 
8 5135 5170 5153 5136 5186 5221 5204 5187 
8 5155 5154 5171 5156 5206 5205 5222 5207 
8 5157 5172 5159 5158 5208 5223 5210 5209 
8 5159 5172 5173 5160 5210 5223 5224 5211 
8 5163 5162 5174 5164 5214 5213 5225 5215 
8 5164 5174 5175 5165 5215 5225 5226 5216 
8 5165 5175 5173 5166 5216 5226 5224 5217 
8 5166 5173 5172 5167 5217 5224 5223 5218 
8 5167 5172 5176 5168 5218 5223 5227 5219 
8 5168 5176 5177 5169 5219 5227 5228 5220 
8 5169 5177 5171 5170 5220 5228 5222 5221 
8 5170 5171 5154 5153 5221 5222 5205 5204 
8 5160 5174 5162 5161 5211 5225 5213 5212 
8 5173 5175 5174 5160 5224 5226 5225 5211 
8 5156 5176 5172 5157 5207 5227 5223 5208 
8 5171 5177 5176 5156 5222 5228 5227 5207 
8 3252 3608 5178 4965 3251 3609 5229 4976 
8 4965 5178 5179 4964 4976 5229 5230 4975 
8 4964 5179 5180 4963 4975 5230 5231 4974 
8 4963 5180 5181 4962 4974 5231 5232 4973 
8 4962 5181 5182 4961 4973 5232 5233 4972 
8 4961 5182 5183 4960 4972 5233 5234 4971 
8 4960 5183 5184 4959 4971 5234 5235 4970 
8 4959 5184 5185 4958 4970 5235 5236 4969 
8 4958 5185 5186 4957 4969 5236 5237 4968 
8 4957 5186 5187 4956 4968 5237 5238 4967 
8 4956 5187 5188 4955 4967 5238 5239 4966 
8 4955 5188 3400 3259 4966 5239 3401 3260 
8 3400 5188 5189 3413 3401 5239 5240 3414 
8 3413 5189 5190 3426 3414 5240 5241 3427 
8 3426 5190 5191 3439 3427 5241 5242 3440 
8 3439 5191 5192 3452 3440 5242 5243 3453 
8 3452 5192 5193 3465 3453 5243 5244 3466 
8 3465 5193 5194 3478 3466 5244 5245 3479 
8 3478 5194 5195 3491 3479 5245 5246 3492 
8 3491 5195 5196 3504 3492 5246 5247 3505 
8 3504 5196 5197 3517 3505 5247 5248 3518 
8 3517 5197 5198 3530 3518 5248 5249 3531 
8 3530 5198 5199 3543 3531 5249 5250 3544 
8 3543 5199 5200 3556 3544 5250 5251 3557 
8 3556 5200 5201 3569 3557 5251 5252 3570 
8 3569 5201 5202 3582 3570 5252 5253 3583 
8 3582 5202 5203 3595 3583 5253 5254 3596 
8 3595 5203 5178 3608 3596 5254 5229 3609 
8 5188 5187 5204 5189 5239 5238 5255 5240 
8 5189 5204 5205 5190 5240 5255 5256 5241 
8 5190 5205 5206 5191 5241 5256 5257 5242 
8 5192 5191 5206 5193 5243 5242 5257 5244 
8 5193 5206 5207 5194 5244 5257 5258 5245 
8 5194 5207 5208 5195 5245 5258 5259 5246 
8 5195 5208 5209 5196 5246 5259 5260 5247 
8 5196 5209 5210 5197 5247 5260 5261 5248 
8 5197 5210 5211 5198 5248 5261 5262 5249 
8 5198 5211 5212 5199 5249 5262 5263 5250 
8 5200 5199 5212 5201 5251 5250 5263 5252 
8 5201 5212 5213 5202 5252 5263 5264 5253 
8 5202 5213 5214 5203 5253 5264 5265 5254 
8 5203 5214 5179 5178 5254 5265 5230 5229 
8 5179 5214 5215 5180 5230 5265 5266 5231 
8 5180 5215 5216 5181 5231 5266 5267 5232 
8 5181 5216 5217 5182 5232 5267 5268 5233 
8 5182 5217 5218 5183 5233 5268 5269 5234 
8 5183 5218 5219 5184 5234 5269 5270 5235 
8 5184 5219 5220 5185 5235 5270 5271 5236 
8 5185 5220 5221 5186 5236 5271 5272 5237 
8 5186 5221 5204 5187 5237 5272 5255 5238 
8 5206 5205 5222 5207 5257 5256 5273 5258 
8 5208 5223 5210 5209 5259 5274 5261 5260 
8 5210 5223 5224 5211 5261 5274 5275 5262 
8 5214 5213 5225 5215 5265 5264 5276 5266 
8 5215 5225 5226 5216 5266 5276 5277 5267 
8 5216 5226 5224 5217 5267 5277 5275 5268 
8 5217 5224 5223 5218 5268 5275 5274 5269 
8 5218 5223 5227 5219 5269 5274 5278 5270 
8 5219 5227 5228 5220 5270 5278 5279 5271 
8 5220 5228 5222 5221 5271 5279 5273 5272 
8 5221 5222 5205 5204 5272 5273 5256 5255 
8 5211 5225 5213 5212 5262 5276 5264 5263 
8 5224 5226 5225 5211 5275 5277 5276 5262 
8 5207 5227 5223 5208 5258 5278 5274 5259 
8 5222 5228 5227 5207 5273 5279 5278 5258 
8 3251 3609 5229 4976 3250 3610 5280 4987 
8 4976 5229 5230 4975 4987 5280 5281 4986 
8 4975 5230 5231 4974 4986 5281 5282 4985 
8 4974 5231 5232 4973 4985 5282 5283 4984 
8 4973 5232 5233 4972 4984 5283 5284 4983 
8 4972 5233 5234 4971 4983 5284 5285 4982 
8 4971 5234 5235 4970 4982 5285 5286 4981 
8 4970 5235 5236 4969 4981 5286 5287 4980 
8 4969 5236 5237 4968 4980 5287 5288 4979 
8 4968 5237 5238 4967 4979 5288 5289 4978 
8 4967 5238 5239 4966 4978 5289 5290 4977 
8 4966 5239 3401 3260 4977 5290 3402 3261 
8 3401 5239 5240 3414 3402 5290 5291 3415 
8 3414 5240 5241 3427 3415 5291 5292 3428 
8 3427 5241 5242 3440 3428 5292 5293 3441 
8 3440 5242 5243 3453 3441 5293 5294 3454 
8 3453 5243 5244 3466 3454 5294 5295 3467 
8 3466 5244 5245 3479 3467 5295 5296 3480 
8 3479 5245 5246 3492 3480 5296 5297 3493 
8 3492 5246 5247 3505 3493 5297 5298 3506 
8 3505 5247 5248 3518 3506 5298 5299 3519 
8 3518 5248 5249 3531 3519 5299 5300 3532 
8 3531 5249 5250 3544 3532 5300 5301 3545 
8 3544 5250 5251 3557 3545 5301 5302 3558 
8 3557 5251 5252 3570 3558 5302 5303 3571 
8 3570 5252 5253 3583 3571 5303 5304 3584 
8 3583 5253 5254 3596 3584 5304 5305 3597 
8 3596 5254 5229 3609 3597 5305 5280 3610 
8 5239 5238 5255 5240 5290 5289 5306 5291 
8 5240 5255 5256 5241 5291 5306 5307 5292 
8 5241 5256 5257 5242 5292 5307 5308 5293 
8 5243 5242 5257 5244 5294 5293 5308 5295 
8 5244 5257 5258 5245 5295 5308 5309 5296 
8 5245 5258 5259 5246 5296 5309 5310 5297 
8 5246 5259 5260 5247 5297 5310 5311 5298 
8 5247 5260 5261 5248 5298 5311 5312 5299 
8 5248 5261 5262 5249 5299 5312 5313 5300 
8 5249 5262 5263 5250 5300 5313 5314 5301 
8 5251 5250 5263 5252 5302 5301 5314 5303 
8 5252 5263 5264 5253 5303 5314 5315 5304 
8 5253 5264 5265 5254 5304 5315 5316 5305 
8 5254 5265 5230 5229 5305 5316 5281 5280 
8 5230 5265 5266 5231 5281 5316 5317 5282 
8 5231 5266 5267 5232 5282 5317 5318 5283 
8 5232 5267 5268 5233 5283 5318 5319 5284 
8 5233 5268 5269 5234 5284 5319 5320 5285 
8 5234 5269 5270 5235 5285 5320 5321 5286 
8 5235 5270 5271 5236 5286 5321 5322 5287 
8 5236 5271 5272 5237 5287 5322 5323 5288 
8 5237 5272 5255 5238 5288 5323 5306 5289 
8 5257 5256 5273 5258 5308 5307 5324 5309 
8 5259 5274 5261 5260 5310 5325 5312 5311 
8 5261 5274 5275 5262 5312 5325 5326 5313 
8 5265 5264 5276 5266 5316 5315 5327 5317 
8 5266 5276 5277 5267 5317 5327 5328 5318 
8 5267 5277 5275 5268 5318 5328 5326 5319 
8 5268 5275 5274 5269 5319 5326 5325 5320 
8 5269 5274 5278 5270 5320 5325 5329 5321 
8 5270 5278 5279 5271 5321 5329 5330 5322 
8 5271 5279 5273 5272 5322 5330 5324 5323 
8 5272 5273 5256 5255 5323 5324 5307 5306 
8 5262 5276 5264 5263 5313 5327 5315 5314 
8 5275 5277 5276 5262 5326 5328 5327 5313 
8 5258 5278 5274 5259 5309 5329 5325 5310 
8 5273 5279 5278 5258 5324 5330 5329 5309 
8 3250 3610 5280 4987 3249 3611 5331 4998 
8 4987 5280 5281 4986 4998 5331 5332 4997 
8 4986 5281 5282 4985 4997 5332 5333 4996 
8 4985 5282 5283 4984 4996 5333 5334 4995 
8 4984 5283 5284 4983 4995 5334 5335 4994 
8 4983 5284 5285 4982 4994 5335 5336 4993 
8 4982 5285 5286 4981 4993 5336 5337 4992 
8 4981 5286 5287 4980 4992 5337 5338 4991 
8 4980 5287 5288 4979 4991 5338 5339 4990 
8 4979 5288 5289 4978 4990 5339 5340 4989 
8 4978 5289 5290 4977 4989 5340 5341 4988 
8 4977 5290 3402 3261 4988 5341 3403 3262 
8 3402 5290 5291 3415 3403 5341 5342 3416 
8 3415 5291 5292 3428 3416 5342 5343 3429 
8 3428 5292 5293 3441 3429 5343 5344 3442 
8 3441 5293 5294 3454 3442 5344 5345 3455 
8 3454 5294 5295 3467 3455 5345 5346 3468 
8 3467 5295 5296 3480 3468 5346 5347 3481 
8 3480 5296 5297 3493 3481 5347 5348 3494 
8 3493 5297 5298 3506 3494 5348 5349 3507 
8 3506 5298 5299 3519 3507 5349 5350 3520 
8 3519 5299 5300 3532 3520 5350 5351 3533 
8 3532 5300 5301 3545 3533 5351 5352 3546 
8 3545 5301 5302 3558 3546 5352 5353 3559 
8 3558 5302 5303 3571 3559 5353 5354 3572 
8 3571 5303 5304 3584 3572 5354 5355 3585 
8 3584 5304 5305 3597 3585 5355 5356 3598 
8 3597 5305 5280 3610 3598 5356 5331 3611 
8 5290 5289 5306 5291 5341 5340 5357 5342 
8 5291 5306 5307 5292 5342 5357 5358 5343 
8 5292 5307 5308 5293 5343 5358 5359 5344 
8 5294 5293 5308 5295 5345 5344 5359 5346 
8 5295 5308 5309 5296 5346 5359 5360 5347 
8 5296 5309 5310 5297 5347 5360 5361 5348 
8 5297 5310 5311 5298 5348 5361 5362 5349 
8 5298 5311 5312 5299 5349 5362 5363 5350 
8 5299 5312 5313 5300 5350 5363 5364 5351 
8 5300 5313 5314 5301 5351 5364 5365 5352 
8 5302 5301 5314 5303 5353 5352 5365 5354 
8 5303 5314 5315 5304 5354 5365 5366 5355 
8 5304 5315 5316 5305 5355 5366 5367 5356 
8 5305 5316 5281 5280 5356 5367 5332 5331 
8 5281 5316 5317 5282 5332 5367 5368 5333 
8 5282 5317 5318 5283 5333 5368 5369 5334 
8 5283 5318 5319 5284 5334 5369 5370 5335 
8 5284 5319 5320 5285 5335 5370 5371 5336 
8 5285 5320 5321 5286 5336 5371 5372 5337 
8 5286 5321 5322 5287 5337 5372 5373 5338 
8 5287 5322 5323 5288 5338 5373 5374 5339 
8 5288 5323 5306 5289 5339 5374 5357 5340 
8 5308 5307 5324 5309 5359 5358 5375 5360 
8 5310 5325 5312 5311 5361 5376 5363 5362 
8 5312 5325 5326 5313 5363 5376 5377 5364 
8 5316 5315 5327 5317 5367 5366 5378 5368 
8 5317 5327 5328 5318 5368 5378 5379 5369 
8 5318 5328 5326 5319 5369 5379 5377 5370 
8 5319 5326 5325 5320 5370 5377 5376 5371 
8 5320 5325 5329 5321 5371 5376 5380 5372 
8 5321 5329 5330 5322 5372 5380 5381 5373 
8 5322 5330 5324 5323 5373 5381 5375 5374 
8 5323 5324 5307 5306 5374 5375 5358 5357 
8 5313 5327 5315 5314 5364 5378 5366 5365 
8 5326 5328 5327 5313 5377 5379 5378 5364 
8 5309 5329 5325 5310 5360 5380 5376 5361 
8 5324 5330 5329 5309 5375 5381 5380 5360 
8 3249 3611 5331 4998 3248 3612 5382 5009 
8 4998 5331 5332 4997 5009 5382 5383 5008 
8 4997 5332 5333 4996 5008 5383 5384 5007 
8 4996 5333 5334 4995 5007 5384 5385 5006 
8 4995 5334 5335 4994 5006 5385 5386 5005 
8 4994 5335 5336 4993 5005 5386 5387 5004 
8 4993 5336 5337 4992 5004 5387 5388 5003 
8 4992 5337 5338 4991 5003 5388 5389 5002 
8 4991 5338 5339 4990 5002 5389 5390 5001 
8 4990 5339 5340 4989 5001 5390 5391 5000 
8 4989 5340 5341 4988 5000 5391 5392 4999 
8 4988 5341 3403 3262 4999 5392 3404 3263 
8 3403 5341 5342 3416 3404 5392 5393 3417 
8 3416 5342 5343 3429 3417 5393 5394 3430 
8 3429 5343 5344 3442 3430 5394 5395 3443 
8 3442 5344 5345 3455 3443 5395 5396 3456 
8 3455 5345 5346 3468 3456 5396 5397 3469 
8 3468 5346 5347 3481 3469 5397 5398 3482 
8 3481 5347 5348 3494 3482 5398 5399 3495 
8 3494 5348 5349 3507 3495 5399 5400 3508 
8 3507 5349 5350 3520 3508 5400 5401 3521 
8 3520 5350 5351 3533 3521 5401 5402 3534 
8 3533 5351 5352 3546 3534 5402 5403 3547 
8 3546 5352 5353 3559 3547 5403 5404 3560 
8 3559 5353 5354 3572 3560 5404 5405 3573 
8 3572 5354 5355 3585 3573 5405 5406 3586 
8 3585 5355 5356 3598 3586 5406 5407 3599 
8 3598 5356 5331 3611 3599 5407 5382 3612 
8 5341 5340 5357 5342 5392 5391 5408 5393 
8 5342 5357 5358 5343 5393 5408 5409 5394 
8 5343 5358 5359 5344 5394 5409 5410 5395 
8 5345 5344 5359 5346 5396 5395 5410 5397 
8 5346 5359 5360 5347 5397 5410 5411 5398 
8 5347 5360 5361 5348 5398 5411 5412 5399 
8 5348 5361 5362 5349 5399 5412 5413 5400 
8 5349 5362 5363 5350 5400 5413 5414 5401 
8 5350 5363 5364 5351 5401 5414 5415 5402 
8 5351 5364 5365 5352 5402 5415 5416 5403 
8 5353 5352 5365 5354 5404 5403 5416 5405 
8 5354 5365 5366 5355 5405 5416 5417 5406 
8 5355 5366 5367 5356 5406 5417 5418 5407 
8 5356 5367 5332 5331 5407 5418 5383 5382 
8 5332 5367 5368 5333 5383 5418 5419 5384 
8 5333 5368 5369 5334 5384 5419 5420 5385 
8 5334 5369 5370 5335 5385 5420 5421 5386 
8 5335 5370 5371 5336 5386 5421 5422 5387 
8 5336 5371 5372 5337 5387 5422 5423 5388 
8 5337 5372 5373 5338 5388 5423 5424 5389 
8 5338 5373 5374 5339 5389 5424 5425 5390 
8 5339 5374 5357 5340 5390 5425 5408 5391 
8 5359 5358 5375 5360 5410 5409 5426 5411 
8 5361 5376 5363 5362 5412 5427 5414 5413 
8 5363 5376 5377 5364 5414 5427 5428 5415 
8 5367 5366 5378 5368 5418 5417 5429 5419 
8 5368 5378 5379 5369 5419 5429 5430 5420 
8 5369 5379 5377 5370 5420 5430 5428 5421 
8 5370 5377 5376 5371 5421 5428 5427 5422 
8 5371 5376 5380 5372 5422 5427 5431 5423 
8 5372 5380 5381 5373 5423 5431 5432 5424 
8 5373 5381 5375 5374 5424 5432 5426 5425 
8 5374 5375 5358 5357 5425 5426 5409 5408 
8 5364 5378 5366 5365 5415 5429 5417 5416 
8 5377 5379 5378 5364 5428 5430 5429 5415 
8 5360 5380 5376 5361 5411 5431 5427 5412 
8 5375 5381 5380 5360 5426 5432 5431 5411 
8 3248 3612 5382 5009 3247 3613 5433 5020 
8 5009 5382 5383 5008 5020 5433 5434 5019 
8 5008 5383 5384 5007 5019 5434 5435 5018 
8 5007 5384 5385 5006 5018 5435 5436 5017 
8 5006 5385 5386 5005 5017 5436 5437 5016 
8 5005 5386 5387 5004 5016 5437 5438 5015 
8 5004 5387 5388 5003 5015 5438 5439 5014 
8 5003 5388 5389 5002 5014 5439 5440 5013 
8 5002 5389 5390 5001 5013 5440 5441 5012 
8 5001 5390 5391 5000 5012 5441 5442 5011 
8 5000 5391 5392 4999 5011 5442 5443 5010 
8 4999 5392 3404 3263 5010 5443 3405 3264 
8 3404 5392 5393 3417 3405 5443 5444 3418 
8 3417 5393 5394 3430 3418 5444 5445 3431 
8 3430 5394 5395 3443 3431 5445 5446 3444 
8 3443 5395 5396 3456 3444 5446 5447 3457 
8 3456 5396 5397 3469 3457 5447 5448 3470 
8 3469 5397 5398 3482 3470 5448 5449 3483 
8 3482 5398 5399 3495 3483 5449 5450 3496 
8 3495 5399 5400 3508 3496 5450 5451 3509 
8 3508 5400 5401 3521 3509 5451 5452 3522 
8 3521 5401 5402 3534 3522 5452 5453 3535 
8 3534 5402 5403 3547 3535 5453 5454 3548 
8 3547 5403 5404 3560 3548 5454 5455 3561 
8 3560 5404 5405 3573 3561 5455 5456 3574 
8 3573 5405 5406 3586 3574 5456 5457 3587 
8 3586 5406 5407 3599 3587 5457 5458 3600 
8 3599 5407 5382 3612 3600 5458 5433 3613 
8 5392 5391 5408 5393 5443 5442 5459 5444 
8 5393 5408 5409 5394 5444 5459 5460 5445 
8 5394 5409 5410 5395 5445 5460 5461 5446 
8 5396 5395 5410 5397 5447 5446 5461 5448 
8 5397 5410 5411 5398 5448 5461 5462 5449 
8 5398 5411 5412 5399 5449 5462 5463 5450 
8 5399 5412 5413 5400 5450 5463 5464 5451 
8 5400 5413 5414 5401 5451 5464 5465 5452 
8 5401 5414 5415 5402 5452 5465 5466 5453 
8 5402 5415 5416 5403 5453 5466 5467 5454 
8 5404 5403 5416 5405 5455 5454 5467 5456 
8 5405 5416 5417 5406 5456 5467 5468 5457 
8 5406 5417 5418 5407 5457 5468 5469 5458 
8 5407 5418 5383 5382 5458 5469 5434 5433 
8 5383 5418 5419 5384 5434 5469 5470 5435 
8 5384 5419 5420 5385 5435 5470 5471 5436 
8 5385 5420 5421 5386 5436 5471 5472 5437 
8 5386 5421 5422 5387 5437 5472 5473 5438 
8 5387 5422 5423 5388 5438 5473 5474 5439 
8 5388 5423 5424 5389 5439 5474 5475 5440 
8 5389 5424 5425 5390 5440 5475 5476 5441 
8 5390 5425 5408 5391 5441 5476 5459 5442 
8 5410 5409 5426 5411 5461 5460 5477 5462 
8 5412 5427 5414 5413 5463 5478 5465 5464 
8 5414 5427 5428 5415 5465 5478 5479 5466 
8 5418 5417 5429 5419 5469 5468 5480 5470 
8 5419 5429 5430 5420 5470 5480 5481 5471 
8 5420 5430 5428 5421 5471 5481 5479 5472 
8 5421 5428 5427 5422 5472 5479 5478 5473 
8 5422 5427 5431 5423 5473 5478 5482 5474 
8 5423 5431 5432 5424 5474 5482 5483 5475 
8 5424 5432 5426 5425 5475 5483 5477 5476 
8 5425 5426 5409 5408 5476 5477 5460 5459 
8 5415 5429 5417 5416 5466 5480 5468 5467 
8 5428 5430 5429 5415 5479 5481 5480 5466 
8 5411 5431 5427 5412 5462 5482 5478 5463 
8 5426 5432 5431 5411 5477 5483 5482 5462 
8 3247 3613 5433 5020 3246 3614 5484 5031 
8 5020 5433 5434 5019 5031 5484 5485 5030 
8 5019 5434 5435 5018 5030 5485 5486 5029 
8 5018 5435 5436 5017 5029 5486 5487 5028 
8 5017 5436 5437 5016 5028 5487 5488 5027 
8 5016 5437 5438 5015 5027 5488 5489 5026 
8 5015 5438 5439 5014 5026 5489 5490 5025 
8 5014 5439 5440 5013 5025 5490 5491 5024 
8 5013 5440 5441 5012 5024 5491 5492 5023 
8 5012 5441 5442 5011 5023 5492 5493 5022 
8 5011 5442 5443 5010 5022 5493 5494 5021 
8 5010 5443 3405 3264 5021 5494 3406 3265 
8 3405 5443 5444 3418 3406 5494 5495 3419 
8 3418 5444 5445 3431 3419 5495 5496 3432 
8 3431 5445 5446 3444 3432 5496 5497 3445 
8 3444 5446 5447 3457 3445 5497 5498 3458 
8 3457 5447 5448 3470 3458 5498 5499 3471 
8 3470 5448 5449 3483 3471 5499 5500 3484 
8 3483 5449 5450 3496 3484 5500 5501 3497 
8 3496 5450 5451 3509 3497 5501 5502 3510 
8 3509 5451 5452 3522 3510 5502 5503 3523 
8 3522 5452 5453 3535 3523 5503 5504 3536 
8 3535 5453 5454 3548 3536 5504 5505 3549 
8 3548 5454 5455 3561 3549 5505 5506 3562 
8 3561 5455 5456 3574 3562 5506 5507 3575 
8 3574 5456 5457 3587 3575 5507 5508 3588 
8 3587 5457 5458 3600 3588 5508 5509 3601 
8 3600 5458 5433 3613 3601 5509 5484 3614 
8 5443 5442 5459 5444 5494 5493 5510 5495 
8 5444 5459 5460 5445 5495 5510 5511 5496 
8 5445 5460 5461 5446 5496 5511 5512 5497 
8 5447 5446 5461 5448 5498 5497 5512 5499 
8 5448 5461 5462 5449 5499 5512 5513 5500 
8 5449 5462 5463 5450 5500 5513 5514 5501 
8 5450 5463 5464 5451 5501 5514 5515 5502 
8 5451 5464 5465 5452 5502 5515 5516 5503 
8 5452 5465 5466 5453 5503 5516 5517 5504 
8 5453 5466 5467 5454 5504 5517 5518 5505 
8 5455 5454 5467 5456 5506 5505 5518 5507 
8 5456 5467 5468 5457 5507 5518 5519 5508 
8 5457 5468 5469 5458 5508 5519 5520 5509 
8 5458 5469 5434 5433 5509 5520 5485 5484 
8 5434 5469 5470 5435 5485 5520 5521 5486 
8 5435 5470 5471 5436 5486 5521 5522 5487 
8 5436 5471 5472 5437 5487 5522 5523 5488 
8 5437 5472 5473 5438 5488 5523 5524 5489 
8 5438 5473 5474 5439 5489 5524 5525 5490 
8 5439 5474 5475 5440 5490 5525 5526 5491 
8 5440 5475 5476 5441 5491 5526 5527 5492 
8 5441 5476 5459 5442 5492 5527 5510 5493 
8 5461 5460 5477 5462 5512 5511 5528 5513 
8 5463 5478 5465 5464 5514 5529 5516 5515 
8 5465 5478 5479 5466 5516 5529 5530 5517 
8 5469 5468 5480 5470 5520 5519 5531 5521 
8 5470 5480 5481 5471 5521 5531 5532 5522 
8 5471 5481 5479 5472 5522 5532 5530 5523 
8 5472 5479 5478 5473 5523 5530 5529 5524 
8 5473 5478 5482 5474 5524 5529 5533 5525 
8 5474 5482 5483 5475 5525 5533 5534 5526 
8 5475 5483 5477 5476 5526 5534 5528 5527 
8 5476 5477 5460 5459 5527 5528 5511 5510 
8 5466 5480 5468 5467 5517 5531 5519 5518 
8 5479 5481 5480 5466 5530 5532 5531 5517 
8 5462 5482 5478 5463 5513 5533 5529 5514 
8 5477 5483 5482 5462 5528 5534 5533 5513 
8 3246 3614 5484 5031 3245 3615 5535 5042 
8 5031 5484 5485 5030 5042 5535 5536 5041 
8 5030 5485 5486 5029 5041 5536 5537 5040 
8 5029 5486 5487 5028 5040 5537 5538 5039 
8 5028 5487 5488 5027 5039 5538 5539 5038 
8 5027 5488 5489 5026 5038 5539 5540 5037 
8 5026 5489 5490 5025 5037 5540 5541 5036 
8 5025 5490 5491 5024 5036 5541 5542 5035 
8 5024 5491 5492 5023 5035 5542 5543 5034 
8 5023 5492 5493 5022 5034 5543 5544 5033 
8 5022 5493 5494 5021 5033 5544 5545 5032 
8 5021 5494 3406 3265 5032 5545 3407 3266 
8 3406 5494 5495 3419 3407 5545 5546 3420 
8 3419 5495 5496 3432 3420 5546 5547 3433 
8 3432 5496 5497 3445 3433 5547 5548 3446 
8 3445 5497 5498 3458 3446 5548 5549 3459 
8 3458 5498 5499 3471 3459 5549 5550 3472 
8 3471 5499 5500 3484 3472 5550 5551 3485 
8 3484 5500 5501 3497 3485 5551 5552 3498 
8 3497 5501 5502 3510 3498 5552 5553 3511 
8 3510 5502 5503 3523 3511 5553 5554 3524 
8 3523 5503 5504 3536 3524 5554 5555 3537 
8 3536 5504 5505 3549 3537 5555 5556 3550 
8 3549 5505 5506 3562 3550 5556 5557 3563 
8 3562 5506 5507 3575 3563 5557 5558 3576 
8 3575 5507 5508 3588 3576 5558 5559 3589 
8 3588 5508 5509 3601 3589 5559 5560 3602 
8 3601 5509 5484 3614 3602 5560 5535 3615 
8 5494 5493 5510 5495 5545 5544 5561 5546 
8 5495 5510 5511 5496 5546 5561 5562 5547 
8 5496 5511 5512 5497 5547 5562 5563 5548 
8 5498 5497 5512 5499 5549 5548 5563 5550 
8 5499 5512 5513 5500 5550 5563 5564 5551 
8 5500 5513 5514 5501 5551 5564 5565 5552 
8 5501 5514 5515 5502 5552 5565 5566 5553 
8 5502 5515 5516 5503 5553 5566 5567 5554 
8 5503 5516 5517 5504 5554 5567 5568 5555 
8 5504 5517 5518 5505 5555 5568 5569 5556 
8 5506 5505 5518 5507 5557 5556 5569 5558 
8 5507 5518 5519 5508 5558 5569 5570 5559 
8 5508 5519 5520 5509 5559 5570 5571 5560 
8 5509 5520 5485 5484 5560 5571 5536 5535 
8 5485 5520 5521 5486 5536 5571 5572 5537 
8 5486 5521 5522 5487 5537 5572 5573 5538 
8 5487 5522 5523 5488 5538 5573 5574 5539 
8 5488 5523 5524 5489 5539 5574 5575 5540 
8 5489 5524 5525 5490 5540 5575 5576 5541 
8 5490 5525 5526 5491 5541 5576 5577 5542 
8 5491 5526 5527 5492 5542 5577 5578 5543 
8 5492 5527 5510 5493 5543 5578 5561 5544 
8 5512 5511 5528 5513 5563 5562 5579 5564 
8 5514 5529 5516 5515 5565 5580 5567 5566 
8 5516 5529 5530 5517 5567 5580 5581 5568 
8 5520 5519 5531 5521 5571 5570 5582 5572 
8 5521 5531 5532 5522 5572 5582 5583 5573 
8 5522 5532 5530 5523 5573 5583 5581 5574 
8 5523 5530 5529 5524 5574 5581 5580 5575 
8 5524 5529 5533 5525 5575 5580 5584 5576 
8 5525 5533 5534 5526 5576 5584 5585 5577 
8 5526 5534 5528 5527 5577 5585 5579 5578 
8 5527 5528 5511 5510 5578 5579 5562 5561 
8 5517 5531 5519 5518 5568 5582 5570 5569 
8 5530 5532 5531 5517 5581 5583 5582 5568 
8 5513 5533 5529 5514 5564 5584 5580 5565 
8 5528 5534 5533 5513 5579 5585 5584 5564 
8 3245 3615 5535 5042 3244 3616 5586 5053 
8 5042 5535 5536 5041 5053 5586 5587 5052 
8 5041 5536 5537 5040 5052 5587 5588 5051 
8 5040 5537 5538 5039 5051 5588 5589 5050 
8 5039 5538 5539 5038 5050 5589 5590 5049 
8 5038 5539 5540 5037 5049 5590 5591 5048 
8 5037 5540 5541 5036 5048 5591 5592 5047 
8 5036 5541 5542 5035 5047 5592 5593 5046 
8 5035 5542 5543 5034 5046 5593 5594 5045 
8 5034 5543 5544 5033 5045 5594 5595 5044 
8 5033 5544 5545 5032 5044 5595 5596 5043 
8 5032 5545 3407 3266 5043 5596 3408 3267 
8 3407 5545 5546 3420 3408 5596 5597 3421 
8 3420 5546 5547 3433 3421 5597 5598 3434 
8 3433 5547 5548 3446 3434 5598 5599 3447 
8 3446 5548 5549 3459 3447 5599 5600 3460 
8 3459 5549 5550 3472 3460 5600 5601 3473 
8 3472 5550 5551 3485 3473 5601 5602 3486 
8 3485 5551 5552 3498 3486 5602 5603 3499 
8 3498 5552 5553 3511 3499 5603 5604 3512 
8 3511 5553 5554 3524 3512 5604 5605 3525 
8 3524 5554 5555 3537 3525 5605 5606 3538 
8 3537 5555 5556 3550 3538 5606 5607 3551 
8 3550 5556 5557 3563 3551 5607 5608 3564 
8 3563 5557 5558 3576 3564 5608 5609 3577 
8 3576 5558 5559 3589 3577 5609 5610 3590 
8 3589 5559 5560 3602 3590 5610 5611 3603 
8 3602 5560 5535 3615 3603 5611 5586 3616 
8 5545 5544 5561 5546 5596 5595 5612 5597 
8 5546 5561 5562 5547 5597 5612 5613 5598 
8 5547 5562 5563 5548 5598 5613 5614 5599 
8 5549 5548 5563 5550 5600 5599 5614 5601 
8 5550 5563 5564 5551 5601 5614 5615 5602 
8 5551 5564 5565 5552 5602 5615 5616 5603 
8 5552 5565 5566 5553 5603 5616 5617 5604 
8 5553 5566 5567 5554 5604 5617 5618 5605 
8 5554 5567 5568 5555 5605 5618 5619 5606 
8 5555 5568 5569 5556 5606 5619 5620 5607 
8 5557 5556 5569 5558 5608 5607 5620 5609 
8 5558 5569 5570 5559 5609 5620 5621 5610 
8 5559 5570 5571 5560 5610 5621 5622 5611 
8 5560 5571 5536 5535 5611 5622 5587 5586 
8 5536 5571 5572 5537 5587 5622 5623 5588 
8 5537 5572 5573 5538 5588 5623 5624 5589 
8 5538 5573 5574 5539 5589 5624 5625 5590 
8 5539 5574 5575 5540 5590 5625 5626 5591 
8 5540 5575 5576 5541 5591 5626 5627 5592 
8 5541 5576 5577 5542 5592 5627 5628 5593 
8 5542 5577 5578 5543 5593 5628 5629 5594 
8 5543 5578 5561 5544 5594 5629 5612 5595 
8 5563 5562 5579 5564 5614 5613 5630 5615 
8 5565 5580 5567 5566 5616 5631 5618 5617 
8 5567 5580 5581 5568 5618 5631 5632 5619 
8 5571 5570 5582 5572 5622 5621 5633 5623 
8 5572 5582 5583 5573 5623 5633 5634 5624 
8 5573 5583 5581 5574 5624 5634 5632 5625 
8 5574 5581 5580 5575 5625 5632 5631 5626 
8 5575 5580 5584 5576 5626 5631 5635 5627 
8 5576 5584 5585 5577 5627 5635 5636 5628 
8 5577 5585 5579 5578 5628 5636 5630 5629 
8 5578 5579 5562 5561 5629 5630 5613 5612 
8 5568 5582 5570 5569 5619 5633 5621 5620 
8 5581 5583 5582 5568 5632 5634 5633 5619 
8 5564 5584 5580 5565 5615 5635 5631 5616 
8 5579 5585 5584 5564 5630 5636 5635 5615 
8 3244 3616 5586 5053 3243 3617 5637 5064 
8 5053 5586 5587 5052 5064 5637 5638 5063 
8 5052 5587 5588 5051 5063 5638 5639 5062 
8 5051 5588 5589 5050 5062 5639 5640 5061 
8 5050 5589 5590 5049 5061 5640 5641 5060 
8 5049 5590 5591 5048 5060 5641 5642 5059 
8 5048 5591 5592 5047 5059 5642 5643 5058 
8 5047 5592 5593 5046 5058 5643 5644 5057 
8 5046 5593 5594 5045 5057 5644 5645 5056 
8 5045 5594 5595 5044 5056 5645 5646 5055 
8 5044 5595 5596 5043 5055 5646 5647 5054 
8 5043 5596 3408 3267 5054 5647 3409 3268 
8 3408 5596 5597 3421 3409 5647 5648 3422 
8 3421 5597 5598 3434 3422 5648 5649 3435 
8 3434 5598 5599 3447 3435 5649 5650 3448 
8 3447 5599 5600 3460 3448 5650 5651 3461 
8 3460 5600 5601 3473 3461 5651 5652 3474 
8 3473 5601 5602 3486 3474 5652 5653 3487 
8 3486 5602 5603 3499 3487 5653 5654 3500 
8 3499 5603 5604 3512 3500 5654 5655 3513 
8 3512 5604 5605 3525 3513 5655 5656 3526 
8 3525 5605 5606 3538 3526 5656 5657 3539 
8 3538 5606 5607 3551 3539 5657 5658 3552 
8 3551 5607 5608 3564 3552 5658 5659 3565 
8 3564 5608 5609 3577 3565 5659 5660 3578 
8 3577 5609 5610 3590 3578 5660 5661 3591 
8 3590 5610 5611 3603 3591 5661 5662 3604 
8 3603 5611 5586 3616 3604 5662 5637 3617 
8 5596 5595 5612 5597 5647 5646 5663 5648 
8 5597 5612 5613 5598 5648 5663 5664 5649 
8 5598 5613 5614 5599 5649 5664 5665 5650 
8 5600 5599 5614 5601 5651 5650 5665 5652 
8 5601 5614 5615 5602 5652 5665 5666 5653 
8 5602 5615 5616 5603 5653 5666 5667 5654 
8 5603 5616 5617 5604 5654 5667 5668 5655 
8 5604 5617 5618 5605 5655 5668 5669 5656 
8 5605 5618 5619 5606 5656 5669 5670 5657 
8 5606 5619 5620 5607 5657 5670 5671 5658 
8 5608 5607 5620 5609 5659 5658 5671 5660 
8 5609 5620 5621 5610 5660 5671 5672 5661 
8 5610 5621 5622 5611 5661 5672 5673 5662 
8 5611 5622 5587 5586 5662 5673 5638 5637 
8 5587 5622 5623 5588 5638 5673 5674 5639 
8 5588 5623 5624 5589 5639 5674 5675 5640 
8 5589 5624 5625 5590 5640 5675 5676 5641 
8 5590 5625 5626 5591 5641 5676 5677 5642 
8 5591 5626 5627 5592 5642 5677 5678 5643 
8 5592 5627 5628 5593 5643 5678 5679 5644 
8 5593 5628 5629 5594 5644 5679 5680 5645 
8 5594 5629 5612 5595 5645 5680 5663 5646 
8 5614 5613 5630 5615 5665 5664 5681 5666 
8 5616 5631 5618 5617 5667 5682 5669 5668 
8 5618 5631 5632 5619 5669 5682 5683 5670 
8 5622 5621 5633 5623 5673 5672 5684 5674 
8 5623 5633 5634 5624 5674 5684 5685 5675 
8 5624 5634 5632 5625 5675 5685 5683 5676 
8 5625 5632 5631 5626 5676 5683 5682 5677 
8 5626 5631 5635 5627 5677 5682 5686 5678 
8 5627 5635 5636 5628 5678 5686 5687 5679 
8 5628 5636 5630 5629 5679 5687 5681 5680 
8 5629 5630 5613 5612 5680 5681 5664 5663 
8 5619 5633 5621 5620 5670 5684 5672 5671 
8 5632 5634 5633 5619 5683 5685 5684 5670 
8 5615 5635 5631 5616 5666 5686 5682 5667 
8 5630 5636 5635 5615 5681 5687 5686 5666 
8 3243 3617 5637 5064 3242 3618 5688 5075 
8 5064 5637 5638 5063 5075 5688 5689 5074 
8 5063 5638 5639 5062 5074 5689 5690 5073 
8 5062 5639 5640 5061 5073 5690 5691 5072 
8 5061 5640 5641 5060 5072 5691 5692 5071 
8 5060 5641 5642 5059 5071 5692 5693 5070 
8 5059 5642 5643 5058 5070 5693 5694 5069 
8 5058 5643 5644 5057 5069 5694 5695 5068 
8 5057 5644 5645 5056 5068 5695 5696 5067 
8 5056 5645 5646 5055 5067 5696 5697 5066 
8 5055 5646 5647 5054 5066 5697 5698 5065 
8 5054 5647 3409 3268 5065 5698 3410 3269 
8 3409 5647 5648 3422 3410 5698 5699 3423 
8 3422 5648 5649 3435 3423 5699 5700 3436 
8 3435 5649 5650 3448 3436 5700 5701 3449 
8 3448 5650 5651 3461 3449 5701 5702 3462 
8 3461 5651 5652 3474 3462 5702 5703 3475 
8 3474 5652 5653 3487 3475 5703 5704 3488 
8 3487 5653 5654 3500 3488 5704 5705 3501 
8 3500 5654 5655 3513 3501 5705 5706 3514 
8 3513 5655 5656 3526 3514 5706 5707 3527 
8 3526 5656 5657 3539 3527 5707 5708 3540 
8 3539 5657 5658 3552 3540 5708 5709 3553 
8 3552 5658 5659 3565 3553 5709 5710 3566 
8 3565 5659 5660 3578 3566 5710 5711 3579 
8 3578 5660 5661 3591 3579 5711 5712 3592 
8 3591 5661 5662 3604 3592 5712 5713 3605 
8 3604 5662 5637 3617 3605 5713 5688 3618 
8 5647 5646 5663 5648 5698 5697 5714 5699 
8 5648 5663 5664 5649 5699 5714 5715 5700 
8 5649 5664 5665 5650 5700 5715 5716 5701 
8 5651 5650 5665 5652 5702 5701 5716 5703 
8 5652 5665 5666 5653 5703 5716 5717 5704 
8 5653 5666 5667 5654 5704 5717 5718 5705 
8 5654 5667 5668 5655 5705 5718 5719 5706 
8 5655 5668 5669 5656 5706 5719 5720 5707 
8 5656 5669 5670 5657 5707 5720 5721 5708 
8 5657 5670 5671 5658 5708 5721 5722 5709 
8 5659 5658 5671 5660 5710 5709 5722 5711 
8 5660 5671 5672 5661 5711 5722 5723 5712 
8 5661 5672 5673 5662 5712 5723 5724 5713 
8 5662 5673 5638 5637 5713 5724 5689 5688 
8 5638 5673 5674 5639 5689 5724 5725 5690 
8 5639 5674 5675 5640 5690 5725 5726 5691 
8 5640 5675 5676 5641 5691 5726 5727 5692 
8 5641 5676 5677 5642 5692 5727 5728 5693 
8 5642 5677 5678 5643 5693 5728 5729 5694 
8 5643 5678 5679 5644 5694 5729 5730 5695 
8 5644 5679 5680 5645 5695 5730 5731 5696 
8 5645 5680 5663 5646 5696 5731 5714 5697 
8 5665 5664 5681 5666 5716 5715 5732 5717 
8 5667 5682 5669 5668 5718 5733 5720 5719 
8 5669 5682 5683 5670 5720 5733 5734 5721 
8 5673 5672 5684 5674 5724 5723 5735 5725 
8 5674 5684 5685 5675 5725 5735 5736 5726 
8 5675 5685 5683 5676 5726 5736 5734 5727 
8 5676 5683 5682 5677 5727 5734 5733 5728 
8 5677 5682 5686 5678 5728 5733 5737 5729 
8 5678 5686 5687 5679 5729 5737 5738 5730 
8 5679 5687 5681 5680 5730 5738 5732 5731 
8 5680 5681 5664 5663 5731 5732 5715 5714 
8 5670 5684 5672 5671 5721 5735 5723 5722 
8 5683 5685 5684 5670 5734 5736 5735 5721 
8 5666 5686 5682 5667 5717 5737 5733 5718 
8 5681 5687 5686 5666 5732 5738 5737 5717 
8 3242 3618 5688 5075 3240 3381 5739 4932 
8 5075 5688 5689 5074 4932 5739 5740 4931 
8 5074 5689 5690 5073 4931 5740 5741 4930 
8 5073 5690 5691 5072 4930 5741 5742 4929 
8 5072 5691 5692 5071 4929 5742 5743 4928 
8 5071 5692 5693 5070 4928 5743 5744 4927 
8 5070 5693 5694 5069 4927 5744 5745 4926 
8 5069 5694 5695 5068 4926 5745 5746 4925 
8 5068 5695 5696 5067 4925 5746 5747 4924 
8 5067 5696 5697 5066 4924 5747 5748 4923 
8 5066 5697 5698 5065 4923 5748 5749 4922 
8 5065 5698 3410 3269 4922 5749 3397 3256 
8 3410 5698 5699 3423 3397 5749 5750 3396 
8 3423 5699 5700 3436 3396 5750 5751 3395 
8 3436 5700 5701 3449 3395 5751 5752 3394 
8 3449 5701 5702 3462 3394 5752 5753 3393 
8 3462 5702 5703 3475 3393 5753 5754 3392 
8 3475 5703 5704 3488 3392 5754 5755 3391 
8 3488 5704 5705 3501 3391 5755 5756 3390 
8 3501 5705 5706 3514 3390 5756 5757 3389 
8 3514 5706 5707 3527 3389 5757 5758 3388 
8 3527 5707 5708 3540 3388 5758 5759 3387 
8 3540 5708 5709 3553 3387 5759 5760 3386 
8 3553 5709 5710 3566 3386 5760 5761 3385 
8 3566 5710 5711 3579 3385 5761 5762 3384 
8 3579 5711 5712 3592 3384 5762 5763 3383 
8 3592 5712 5713 3605 3383 5763 5764 3382 
8 3605 5713 5688 3618 3382 5764 5739 3381 
8 5698 5697 5714 5699 5749 5748 5765 5750 
8 5699 5714 5715 5700 5750 5765 5766 5751 
8 5700 5715 5716 5701 5751 5766 5767 5752 
8 5702 5701 5716 5703 5753 5752 5767 5754 
8 5703 5716 5717 5704 5754 5767 5768 5755 
8 5704 5717 5718 5705 5755 5768 5769 5756 
8 5705 5718 5719 5706 5756 5769 5770 5757 
8 5706 5719 5720 5707 5757 5770 5771 5758 
8 5707 5720 5721 5708 5758 5771 5772 5759 
8 5708 5721 5722 5709 5759 5772 5773 5760 
8 5710 5709 5722 5711 5761 5760 5773 5762 
8 5711 5722 5723 5712 5762 5773 5774 5763 
8 5712 5723 5724 5713 5763 5774 5775 5764 
8 5713 5724 5689 5688 5764 5775 5740 5739 
8 5689 5724 5725 5690 5740 5775 5776 5741 
8 5690 5725 5726 5691 5741 5776 5777 5742 
8 5691 5726 5727 5692 5742 5777 5778 5743 
8 5692 5727 5728 5693 5743 5778 5779 5744 
8 5693 5728 5729 5694 5744 5779 5780 5745 
8 5694 5729 5730 5695 5745 5780 5781 5746 
8 5695 5730 5731 5696 5746 5781 5782 5747 
8 5696 5731 5714 5697 5747 5782 5765 5748 
8 5716 5715 5732 5717 5767 5766 5783 5768 
8 5718 5733 5720 5719 5769 5784 5771 5770 
8 5720 5733 5734 5721 5771 5784 5785 5772 
8 5724 5723 5735 5725 5775 5774 5786 5776 
8 5725 5735 5736 5726 5776 5786 5787 5777 
8 5726 5736 5734 5727 5777 5787 5785 5778 
8 5727 5734 5733 5728 5778 5785 5784 5779 
8 5728 5733 5737 5729 5779 5784 5788 5780 
8 5729 5737 5738 5730 5780 5788 5789 5781 
8 5730 5738 5732 5731 5781 5789 5783 5782 
8 5731 5732 5715 5714 5782 5783 5766 5765 
8 5721 5735 5723 5722 5772 5786 5774 5773 
8 5734 5736 5735 5721 5785 5787 5786 5772 
8 5717 5737 5733 5718 5768 5788 5784 5769 
8 5732 5738 5737 5717 5783 5789 5788 5768 
8 46 7 1 5 758 243 129 174 
8 47 8 7 46 759 256 243 758 
8 48 9 8 47 760 269 256 759 
8 49 10 9 48 761 282 269 760 
8 50 11 10 49 762 295 282 761 
8 51 12 11 50 763 308 295 762 
8 52 13 12 51 764 321 308 763 
8 53 14 13 52 765 334 321 764 
8 54 15 14 53 766 347 334 765 
8 55 16 15 54 767 360 347 766 
8 56 17 16 55 768 373 360 767 
8 57 18 17 56 769 386 373 768 
8 58 19 18 57 770 399 386 769 
8 59 20 19 58 771 412 399 770 
8 60 21 20 59 772 425 412 771 
8 61 22 21 60 773 438 425 772 
8 62 23 22 61 774 451 438 773 
8 25 6 23 62 709 143 451 774 
8 63 46 5 4 775 758 174 175 
8 26 25 62 79 708 709 774 776 
8 80 63 4 3 777 775 175 176 
8 27 26 79 96 707 708 776 778 
8 97 80 3 2 779 777 176 177 
8 28 27 96 113 706 707 778 780 
8 45 97 2 0 493 779 177 127 
8 44 98 97 45 506 781 779 493 
8 43 99 98 44 519 782 781 506 
8 42 100 99 43 532 783 782 519 
8 41 101 100 42 545 784 783 532 
8 40 102 101 41 558 785 784 545 
8 39 103 102 40 571 786 785 558 
8 38 104 103 39 584 787 786 571 
8 37 105 104 38 597 788 787 584 
8 36 106 105 37 610 789 788 597 
8 35 107 106 36 623 790 789 610 
8 34 108 107 35 636 791 790 623 
8 33 109 108 34 649 792 791 636 
8 32 110 109 33 662 793 792 649 
8 31 111 110 32 675 794 793 662 
8 30 112 111 31 688 795 794 675 
8 29 113 112 30 701 780 795 688 
8 24 28 113 29 157 706 780 701 
8 64 47 46 63 796 759 758 775 
8 65 48 47 64 797 760 759 796 
8 66 49 48 65 798 761 760 797 
8 67 50 49 66 799 762 761 798 
8 68 51 50 67 800 763 762 799 
8 69 52 51 68 801 764 763 800 
8 70 53 52 69 802 765 764 801 
8 71 54 53 70 803 766 765 802 
8 72 55 54 71 804 767 766 803 
8 73 56 55 72 805 768 767 804 
8 74 57 56 73 806 769 768 805 
8 75 58 57 74 807 770 769 806 
8 76 59 58 75 808 771 770 807 
8 77 60 59 76 809 772 771 808 
8 78 61 60 77 810 773 772 809 
8 79 62 61 78 776 774 773 810 
8 81 64 63 80 811 796 775 777 
8 82 65 64 81 812 797 796 811 
8 83 66 65 82 813 798 797 812 
8 84 67 66 83 814 799 798 813 
8 85 68 67 84 815 800 799 814 
8 86 69 68 85 816 801 800 815 
8 87 70 69 86 817 802 801 816 
8 88 71 70 87 818 803 802 817 
8 89 72 71 88 819 804 803 818 
8 90 73 72 89 820 805 804 819 
8 91 74 73 90 821 806 805 820 
8 92 75 74 91 822 807 806 821 
8 93 76 75 92 823 808 807 822 
8 94 77 76 93 824 809 808 823 
8 95 78 77 94 825 810 809 824 
8 96 79 78 95 778 776 810 825 
8 98 81 80 97 781 811 777 779 
8 99 82 81 98 782 812 811 781 
8 100 83 82 99 783 813 812 782 
8 101 84 83 100 784 814 813 783 
8 102 85 84 101 785 815 814 784 
8 103 86 85 102 786 816 815 785 
8 104 87 86 103 787 817 816 786 
8 105 88 87 104 788 818 817 787 
8 106 89 88 105 789 819 818 788 
8 107 90 89 106 790 820 819 789 
8 108 91 90 107 791 821 820 790 
8 109 92 91 108 792 822 821 791 
8 110 93 92 109 793 823 822 792 
8 111 94 93 110 794 824 823 793 
8 112 95 94 111 795 825 824 794 
8 113 96 95 112 780 778 825 795 
8 129 174 758 243 130 178 826 244 
8 243 758 759 256 244 826 827 257 
8 256 759 760 269 257 827 828 270 
8 269 760 761 282 270 828 829 283 
8 282 761 762 295 283 829 830 296 
8 295 762 763 308 296 830 831 309 
8 308 763 764 321 309 831 832 322 
8 321 764 765 334 322 832 833 335 
8 334 765 766 347 335 833 834 348 
8 347 766 767 360 348 834 835 361 
8 360 767 768 373 361 835 836 374 
8 373 768 769 386 374 836 837 387 
8 386 769 770 399 387 837 838 400 
8 399 770 771 412 400 838 839 413 
8 412 771 772 425 413 839 840 426 
8 425 772 773 438 426 840 841 439 
8 438 773 774 451 439 841 842 452 
8 451 774 709 143 452 842 713 144 
8 174 175 775 758 178 179 843 826 
8 774 776 708 709 842 844 712 713 
8 175 176 777 775 179 180 845 843 
8 776 778 707 708 844 846 711 712 
8 176 177 779 777 180 181 847 845 
8 778 780 706 707 846 848 710 711 
8 177 127 493 779 181 126 492 847 
8 779 493 506 781 847 492 505 849 
8 781 506 519 782 849 505 518 850 
8 782 519 532 783 850 518 531 851 
8 783 532 545 784 851 531 544 852 
8 784 545 558 785 852 544 557 853 
8 785 558 571 786 853 557 570 854 
8 786 571 584 787 854 570 583 855 
8 787 584 597 788 855 583 596 856 
8 788 597 610 789 856 596 609 857 
8 789 610 623 790 857 609 622 858 
8 790 623 636 791 858 622 635 859 
8 791 636 649 792 859 635 648 860 
8 792 649 662 793 860 648 661 861 
8 793 662 675 794 861 661 674 862 
8 794 675 688 795 862 674 687 863 
8 795 688 701 780 863 687 700 848 
8 780 701 157 706 848 700 158 710 
8 758 775 796 759 826 843 864 827 
8 759 796 797 760 827 864 865 828 
8 760 797 798 761 828 865 866 829 
8 761 798 799 762 829 866 867 830 
8 762 799 800 763 830 867 868 831 
8 763 800 801 764 831 868 869 832 
8 764 801 802 765 832 869 870 833 
8 765 802 803 766 833 870 871 834 
8 766 803 804 767 834 871 872 835 
8 767 804 805 768 835 872 873 836 
8 768 805 806 769 836 873 874 837 
8 769 806 807 770 837 874 875 838 
8 770 807 808 771 838 875 876 839 
8 771 808 809 772 839 876 877 840 
8 772 809 810 773 840 877 878 841 
8 773 810 776 774 841 878 844 842 
8 775 777 811 796 843 845 879 864 
8 796 811 812 797 864 879 880 865 
8 797 812 813 798 865 880 881 866 
8 798 813 814 799 866 881 882 867 
8 799 814 815 800 867 882 883 868 
8 800 815 816 801 868 883 884 869 
8 801 816 817 802 869 884 885 870 
8 802 817 818 803 870 885 886 871 
8 803 818 819 804 871 886 887 872 
8 804 819 820 805 872 887 888 873 
8 805 820 821 806 873 888 889 874 
8 806 821 822 807 874 889 890 875 
8 807 822 823 808 875 890 891 876 
8 808 823 824 809 876 891 892 877 
8 809 824 825 810 877 892 893 878 
8 810 825 778 776 878 893 846 844 
8 777 779 781 811 845 847 849 879 
8 811 781 782 812 879 849 850 880 
8 812 782 783 813 880 850 851 881 
8 813 783 784 814 881 851 852 882 
8 814 784 785 815 882 852 853 883 
8 815 785 786 816 883 853 854 884 
8 816 786 787 817 884 854 855 885 
8 817 787 788 818 885 855 856 886 
8 818 788 789 819 886 856 857 887 
8 819 789 790 820 887 857 858 888 
8 820 790 791 821 888 858 859 889 
8 821 791 792 822 889 859 860 890 
8 822 792 793 823 890 860 861 891 
8 823 793 794 824 891 861 862 892 
8 824 794 795 825 892 862 863 893 
8 825 795 780 778 893 863 848 846 
8 130 178 826 244 131 182 894 245 
8 244 826 827 257 245 894 895 258 
8 257 827 828 270 258 895 896 271 
8 270 828 829 283 271 896 897 284 
8 283 829 830 296 284 897 898 297 
8 296 830 831 309 297 898 899 310 
8 309 831 832 322 310 899 900 323 
8 322 832 833 335 323 900 901 336 
8 335 833 834 348 336 901 902 349 
8 348 834 835 361 349 902 903 362 
8 361 835 836 374 362 903 904 375 
8 374 836 837 387 375 904 905 388 
8 387 837 838 400 388 905 906 401 
8 400 838 839 413 401 906 907 414 
8 413 839 840 426 414 907 908 427 
8 426 840 841 439 427 908 909 440 
8 439 841 842 452 440 909 910 453 
8 452 842 713 144 453 910 717 145 
8 178 179 843 826 182 183 911 894 
8 842 844 712 713 910 912 716 717 
8 179 180 845 843 183 184 913 911 
8 844 846 711 712 912 914 715 716 
8 180 181 847 845 184 185 915 913 
8 846 848 710 711 914 916 714 715 
8 181 126 492 847 185 125 491 915 
8 847 492 505 849 915 491 504 917 
8 849 505 518 850 917 504 517 918 
8 850 518 531 851 918 517 530 919 
8 851 531 544 852 919 530 543 920 
8 852 544 557 853 920 543 556 921 
8 853 557 570 854 921 556 569 922 
8 854 570 583 855 922 569 582 923 
8 855 583 596 856 923 582 595 924 
8 856 596 609 857 924 595 608 925 
8 857 609 622 858 925 608 621 926 
8 858 622 635 859 926 621 634 927 
8 859 635 648 860 927 634 647 928 
8 860 648 661 861 928 647 660 929 
8 861 661 674 862 929 660 673 930 
8 862 674 687 863 930 673 686 931 
8 863 687 700 848 931 686 699 916 
8 848 700 158 710 916 699 159 714 
8 826 843 864 827 894 911 932 895 
8 827 864 865 828 895 932 933 896 
8 828 865 866 829 896 933 934 897 
8 829 866 867 830 897 934 935 898 
8 830 867 868 831 898 935 936 899 
8 831 868 869 832 899 936 937 900 
8 832 869 870 833 900 937 938 901 
8 833 870 871 834 901 938 939 902 
8 834 871 872 835 902 939 940 903 
8 835 872 873 836 903 940 941 904 
8 836 873 874 837 904 941 942 905 
8 837 874 875 838 905 942 943 906 
8 838 875 876 839 906 943 944 907 
8 839 876 877 840 907 944 945 908 
8 840 877 878 841 908 945 946 909 
8 841 878 844 842 909 946 912 910 
8 843 845 879 864 911 913 947 932 
8 864 879 880 865 932 947 948 933 
8 865 880 881 866 933 948 949 934 
8 866 881 882 867 934 949 950 935 
8 867 882 883 868 935 950 951 936 
8 868 883 884 869 936 951 952 937 
8 869 884 885 870 937 952 953 938 
8 870 885 886 871 938 953 954 939 
8 871 886 887 872 939 954 955 940 
8 872 887 888 873 940 955 956 941 
8 873 888 889 874 941 956 957 942 
8 874 889 890 875 942 957 958 943 
8 875 890 891 876 943 958 959 944 
8 876 891 892 877 944 959 960 945 
8 877 892 893 878 945 960 961 946 
8 878 893 846 844 946 961 914 912 
8 845 847 849 879 913 915 917 947 
8 879 849 850 880 947 917 918 948 
8 880 850 851 881 948 918 919 949 
8 881 851 852 882 949 919 920 950 
8 882 852 853 883 950 920 921 951 
8 883 853 854 884 951 921 922 952 
8 884 854 855 885 952 922 923 953 
8 885 855 856 886 953 923 924 954 
8 886 856 857 887 954 924 925 955 
8 887 857 858 888 955 925 926 956 
8 888 858 859 889 956 926 927 957 
8 889 859 860 890 957 927 928 958 
8 890 860 861 891 958 928 929 959 
8 891 861 862 892 959 929 930 960 
8 892 862 863 893 960 930 931 961 
8 893 863 848 846 961 931 916 914 
8 131 182 894 245 132 186 962 246 
8 245 894 895 258 246 962 963 259 
8 258 895 896 271 259 963 964 272 
8 271 896 897 284 272 964 965 285 
8 284 897 898 297 285 965 966 298 
8 297 898 899 310 298 966 967 311 
8 310 899 900 323 311 967 968 324 
8 323 900 901 336 324 968 969 337 
8 336 901 902 349 337 969 970 350 
8 349 902 903 362 350 970 971 363 
8 362 903 904 375 363 971 972 376 
8 375 904 905 388 376 972 973 389 
8 388 905 906 401 389 973 974 402 
8 401 906 907 414 402 974 975 415 
8 414 907 908 427 415 975 976 428 
8 427 908 909 440 428 976 977 441 
8 440 909 910 453 441 977 978 454 
8 453 910 717 145 454 978 721 146 
8 182 183 911 894 186 187 979 962 
8 910 912 716 717 978 980 720 721 
8 183 184 913 911 187 188 981 979 
8 912 914 715 716 980 982 719 720 
8 184 185 915 913 188 189 983 981 
8 914 916 714 715 982 984 718 719 
8 185 125 491 915 189 124 490 983 
8 915 491 504 917 983 490 503 985 
8 917 504 517 918 985 503 516 986 
8 918 517 530 919 986 516 529 987 
8 919 530 543 920 987 529 542 988 
8 920 543 556 921 988 542 555 989 
8 921 556 569 922 989 555 568 990 
8 922 569 582 923 990 568 581 991 
8 923 582 595 924 991 581 594 992 
8 924 595 608 925 992 594 607 993 
8 925 608 621 926 993 607 620 994 
8 926 621 634 927 994 620 633 995 
8 927 634 647 928 995 633 646 996 
8 928 647 660 929 996 646 659 997 
8 929 660 673 930 997 659 672 998 
8 930 673 686 931 998 672 685 999 
8 931 686 699 916 999 685 698 984 
8 916 699 159 714 984 698 160 718 
8 894 911 932 895 962 979 1000 963 
8 895 932 933 896 963 1000 1001 964 
8 896 933 934 897 964 1001 1002 965 
8 897 934 935 898 965 1002 1003 966 
8 898 935 936 899 966 1003 1004 967 
8 899 936 937 900 967 1004 1005 968 
8 900 937 938 901 968 1005 1006 969 
8 901 938 939 902 969 1006 1007 970 
8 902 939 940 903 970 1007 1008 971 
8 903 940 941 904 971 1008 1009 972 
8 904 941 942 905 972 1009 1010 973 
8 905 942 943 906 973 1010 1011 974 
8 906 943 944 907 974 1011 1012 975 
8 907 944 945 908 975 1012 1013 976 
8 908 945 946 909 976 1013 1014 977 
8 909 946 912 910 977 1014 980 978 
8 911 913 947 932 979 981 1015 1000 
8 932 947 948 933 1000 1015 1016 1001 
8 933 948 949 934 1001 1016 1017 1002 
8 934 949 950 935 1002 1017 1018 1003 
8 935 950 951 936 1003 1018 1019 1004 
8 936 951 952 937 1004 1019 1020 1005 
8 937 952 953 938 1005 1020 1021 1006 
8 938 953 954 939 1006 1021 1022 1007 
8 939 954 955 940 1007 1022 1023 1008 
8 940 955 956 941 1008 1023 1024 1009 
8 941 956 957 942 1009 1024 1025 1010 
8 942 957 958 943 1010 1025 1026 1011 
8 943 958 959 944 1011 1026 1027 1012 
8 944 959 960 945 1012 1027 1028 1013 
8 945 960 961 946 1013 1028 1029 1014 
8 946 961 914 912 1014 1029 982 980 
8 913 915 917 947 981 983 985 1015 
8 947 917 918 948 1015 985 986 1016 
8 948 918 919 949 1016 986 987 1017 
8 949 919 920 950 1017 987 988 1018 
8 950 920 921 951 1018 988 989 1019 
8 951 921 922 952 1019 989 990 1020 
8 952 922 923 953 1020 990 991 1021 
8 953 923 924 954 1021 991 992 1022 
8 954 924 925 955 1022 992 993 1023 
8 955 925 926 956 1023 993 994 1024 
8 956 926 927 957 1024 994 995 1025 
8 957 927 928 958 1025 995 996 1026 
8 958 928 929 959 1026 996 997 1027 
8 959 929 930 960 1027 997 998 1028 
8 960 930 931 961 1028 998 999 1029 
8 961 931 916 914 1029 999 984 982 
8 132 186 962 246 133 190 1030 247 
8 246 962 963 259 247 1030 1031 260 
8 259 963 964 272 260 1031 1032 273 
8 272 964 965 285 273 1032 1033 286 
8 285 965 966 298 286 1033 1034 299 
8 298 966 967 311 299 1034 1035 312 
8 311 967 968 324 312 1035 1036 325 
8 324 968 969 337 325 1036 1037 338 
8 337 969 970 350 338 1037 1038 351 
8 350 970 971 363 351 1038 1039 364 
8 363 971 972 376 364 1039 1040 377 
8 376 972 973 389 377 1040 1041 390 
8 389 973 974 402 390 1041 1042 403 
8 402 974 975 415 403 1042 1043 416 
8 415 975 976 428 416 1043 1044 429 
8 428 976 977 441 429 1044 1045 442 
8 441 977 978 454 442 1045 1046 455 
8 454 978 721 146 455 1046 725 147 
8 186 187 979 962 190 191 1047 1030 
8 978 980 720 721 1046 1048 724 725 
8 187 188 981 979 191 192 1049 1047 
8 980 982 719 720 1048 1050 723 724 
8 188 189 983 981 192 193 1051 1049 
8 982 984 718 719 1050 1052 722 723 
8 189 124 490 983 193 123 489 1051 
8 983 490 503 985 1051 489 502 1053 
8 985 503 516 986 1053 502 515 1054 
8 986 516 529 987 1054 515 528 1055 
8 987 529 542 988 1055 528 541 1056 
8 988 542 555 989 1056 541 554 1057 
8 989 555 568 990 1057 554 567 1058 
8 990 568 581 991 1058 567 580 1059 
8 991 581 594 992 1059 580 593 1060 
8 992 594 607 993 1060 593 606 1061 
8 993 607 620 994 1061 606 619 1062 
8 994 620 633 995 1062 619 632 1063 
8 995 633 646 996 1063 632 645 1064 
8 996 646 659 997 1064 645 658 1065 
8 997 659 672 998 1065 658 671 1066 
8 998 672 685 999 1066 671 684 1067 
8 999 685 698 984 1067 684 697 1052 
8 984 698 160 718 1052 697 161 722 
8 962 979 1000 963 1030 1047 1068 1031 
8 963 1000 1001 964 1031 1068 1069 1032 
8 964 1001 1002 965 1032 1069 1070 1033 
8 965 1002 1003 966 1033 1070 1071 1034 
8 966 1003 1004 967 1034 1071 1072 1035 
8 967 1004 1005 968 1035 1072 1073 1036 
8 968 1005 1006 969 1036 1073 1074 1037 
8 969 1006 1007 970 1037 1074 1075 1038 
8 970 1007 1008 971 1038 1075 1076 1039 
8 971 1008 1009 972 1039 1076 1077 1040 
8 972 1009 1010 973 1040 1077 1078 1041 
8 973 1010 1011 974 1041 1078 1079 1042 
8 974 1011 1012 975 1042 1079 1080 1043 
8 975 1012 1013 976 1043 1080 1081 1044 
8 976 1013 1014 977 1044 1081 1082 1045 
8 977 1014 980 978 1045 1082 1048 1046 
8 979 981 1015 1000 1047 1049 1083 1068 
8 1000 1015 1016 1001 1068 1083 1084 1069 
8 1001 1016 1017 1002 1069 1084 1085 1070 
8 1002 1017 1018 1003 1070 1085 1086 1071 
8 1003 1018 1019 1004 1071 1086 1087 1072 
8 1004 1019 1020 1005 1072 1087 1088 1073 
8 1005 1020 1021 1006 1073 1088 1089 1074 
8 1006 1021 1022 1007 1074 1089 1090 1075 
8 1007 1022 1023 1008 1075 1090 1091 1076 
8 1008 1023 1024 1009 1076 1091 1092 1077 
8 1009 1024 1025 1010 1077 1092 1093 1078 
8 1010 1025 1026 1011 1078 1093 1094 1079 
8 1011 1026 1027 1012 1079 1094 1095 1080 
8 1012 1027 1028 1013 1080 1095 1096 1081 
8 1013 1028 1029 1014 1081 1096 1097 1082 
8 1014 1029 982 980 1082 1097 1050 1048 
8 981 983 985 1015 1049 1051 1053 1083 
8 1015 985 986 1016 1083 1053 1054 1084 
8 1016 986 987 1017 1084 1054 1055 1085 
8 1017 987 988 1018 1085 1055 1056 1086 
8 1018 988 989 1019 1086 1056 1057 1087 
8 1019 989 990 1020 1087 1057 1058 1088 
8 1020 990 991 1021 1088 1058 1059 1089 
8 1021 991 992 1022 1089 1059 1060 1090 
8 1022 992 993 1023 1090 1060 1061 1091 
8 1023 993 994 1024 1091 1061 1062 1092 
8 1024 994 995 1025 1092 1062 1063 1093 
8 1025 995 996 1026 1093 1063 1064 1094 
8 1026 996 997 1027 1094 1064 1065 1095 
8 1027 997 998 1028 1095 1065 1066 1096 
8 1028 998 999 1029 1096 1066 1067 1097 
8 1029 999 984 982 1097 1067 1052 1050 
8 133 190 1030 247 134 194 1098 248 
8 247 1030 1031 260 248 1098 1099 261 
8 260 1031 1032 273 261 1099 1100 274 
8 273 1032 1033 286 274 1100 1101 287 
8 286 1033 1034 299 287 1101 1102 300 
8 299 1034 1035 312 300 1102 1103 313 
8 312 1035 1036 325 313 1103 1104 326 
8 325 1036 1037 338 326 1104 1105 339 
8 338 1037 1038 351 339 1105 1106 352 
8 351 1038 1039 364 352 1106 1107 365 
8 364 1039 1040 377 365 1107 1108 378 
8 377 1040 1041 390 378 1108 1109 391 
8 390 1041 1042 403 391 1109 1110 404 
8 403 1042 1043 416 404 1110 1111 417 
8 416 1043 1044 429 417 1111 1112 430 
8 429 1044 1045 442 430 1112 1113 443 
8 442 1045 1046 455 443 1113 1114 456 
8 455 1046 725 147 456 1114 729 148 
8 190 191 1047 1030 194 195 1115 1098 
8 1046 1048 724 725 1114 1116 728 729 
8 191 192 1049 1047 195 196 1117 1115 
8 1048 1050 723 724 1116 1118 727 728 
8 192 193 1051 1049 196 197 1119 1117 
8 1050 1052 722 723 1118 1120 726 727 
8 193 123 489 1051 197 122 488 1119 
8 1051 489 502 1053 1119 488 501 1121 
8 1053 502 515 1054 1121 501 514 1122 
8 1054 515 528 1055 1122 514 527 1123 
8 1055 528 541 1056 1123 527 540 1124 
8 1056 541 554 1057 1124 540 553 1125 
8 1057 554 567 1058 1125 553 566 1126 
8 1058 567 580 1059 1126 566 579 1127 
8 1059 580 593 1060 1127 579 592 1128 
8 1060 593 606 1061 1128 592 605 1129 
8 1061 606 619 1062 1129 605 618 1130 
8 1062 619 632 1063 1130 618 631 1131 
8 1063 632 645 1064 1131 631 644 1132 
8 1064 645 658 1065 1132 644 657 1133 
8 1065 658 671 1066 1133 657 670 1134 
8 1066 671 684 1067 1134 670 683 1135 
8 1067 684 697 1052 1135 683 696 1120 
8 1052 697 161 722 1120 696 162 726 
8 1030 1047 1068 1031 1098 1115 1136 1099 
8 1031 1068 1069 1032 1099 1136 1137 1100 
8 1032 1069 1070 1033 1100 1137 1138 1101 
8 1033 1070 1071 1034 1101 1138 1139 1102 
8 1034 1071 1072 1035 1102 1139 1140 1103 
8 1035 1072 1073 1036 1103 1140 1141 1104 
8 1036 1073 1074 1037 1104 1141 1142 1105 
8 1037 1074 1075 1038 1105 1142 1143 1106 
8 1038 1075 1076 1039 1106 1143 1144 1107 
8 1039 1076 1077 1040 1107 1144 1145 1108 
8 1040 1077 1078 1041 1108 1145 1146 1109 
8 1041 1078 1079 1042 1109 1146 1147 1110 
8 1042 1079 1080 1043 1110 1147 1148 1111 
8 1043 1080 1081 1044 1111 1148 1149 1112 
8 1044 1081 1082 1045 1112 1149 1150 1113 
8 1045 1082 1048 1046 1113 1150 1116 1114 
8 1047 1049 1083 1068 1115 1117 1151 1136 
8 1068 1083 1084 1069 1136 1151 1152 1137 
8 1069 1084 1085 1070 1137 1152 1153 1138 
8 1070 1085 1086 1071 1138 1153 1154 1139 
8 1071 1086 1087 1072 1139 1154 1155 1140 
8 1072 1087 1088 1073 1140 1155 1156 1141 
8 1073 1088 1089 1074 1141 1156 1157 1142 
8 1074 1089 1090 1075 1142 1157 1158 1143 
8 1075 1090 1091 1076 1143 1158 1159 1144 
8 1076 1091 1092 1077 1144 1159 1160 1145 
8 1077 1092 1093 1078 1145 1160 1161 1146 
8 1078 1093 1094 1079 1146 1161 1162 1147 
8 1079 1094 1095 1080 1147 1162 1163 1148 
8 1080 1095 1096 1081 1148 1163 1164 1149 
8 1081 1096 1097 1082 1149 1164 1165 1150 
8 1082 1097 1050 1048 1150 1165 1118 1116 
8 1049 1051 1053 1083 1117 1119 1121 1151 
8 1083 1053 1054 1084 1151 1121 1122 1152 
8 1084 1054 1055 1085 1152 1122 1123 1153 
8 1085 1055 1056 1086 1153 1123 1124 1154 
8 1086 1056 1057 1087 1154 1124 1125 1155 
8 1087 1057 1058 1088 1155 1125 1126 1156 
8 1088 1058 1059 1089 1156 1126 1127 1157 
8 1089 1059 1060 1090 1157 1127 1128 1158 
8 1090 1060 1061 1091 1158 1128 1129 1159 
8 1091 1061 1062 1092 1159 1129 1130 1160 
8 1092 1062 1063 1093 1160 1130 1131 1161 
8 1093 1063 1064 1094 1161 1131 1132 1162 
8 1094 1064 1065 1095 1162 1132 1133 1163 
8 1095 1065 1066 1096 1163 1133 1134 1164 
8 1096 1066 1067 1097 1164 1134 1135 1165 
8 1097 1067 1052 1050 1165 1135 1120 1118 
8 134 194 1098 248 135 198 1166 249 
8 248 1098 1099 261 249 1166 1167 262 
8 261 1099 1100 274 262 1167 1168 275 
8 274 1100 1101 287 275 1168 1169 288 
8 287 1101 1102 300 288 1169 1170 301 
8 300 1102 1103 313 301 1170 1171 314 
8 313 1103 1104 326 314 1171 1172 327 
8 326 1104 1105 339 327 1172 1173 340 
8 339 1105 1106 352 340 1173 1174 353 
8 352 1106 1107 365 353 1174 1175 366 
8 365 1107 1108 378 366 1175 1176 379 
8 378 1108 1109 391 379 1176 1177 392 
8 391 1109 1110 404 392 1177 1178 405 
8 404 1110 1111 417 405 1178 1179 418 
8 417 1111 1112 430 418 1179 1180 431 
8 430 1112 1113 443 431 1180 1181 444 
8 443 1113 1114 456 444 1181 1182 457 
8 456 1114 729 148 457 1182 733 149 
8 194 195 1115 1098 198 199 1183 1166 
8 1114 1116 728 729 1182 1184 732 733 
8 195 196 1117 1115 199 200 1185 1183 
8 1116 1118 727 728 1184 1186 731 732 
8 196 197 1119 1117 200 201 1187 1185 
8 1118 1120 726 727 1186 1188 730 731 
8 197 122 488 1119 201 121 487 1187 
8 1119 488 501 1121 1187 487 500 1189 
8 1121 501 514 1122 1189 500 513 1190 
8 1122 514 527 1123 1190 513 526 1191 
8 1123 527 540 1124 1191 526 539 1192 
8 1124 540 553 1125 1192 539 552 1193 
8 1125 553 566 1126 1193 552 565 1194 
8 1126 566 579 1127 1194 565 578 1195 
8 1127 579 592 1128 1195 578 591 1196 
8 1128 592 605 1129 1196 591 604 1197 
8 1129 605 618 1130 1197 604 617 1198 
8 1130 618 631 1131 1198 617 630 1199 
8 1131 631 644 1132 1199 630 643 1200 
8 1132 644 657 1133 1200 643 656 1201 
8 1133 657 670 1134 1201 656 669 1202 
8 1134 670 683 1135 1202 669 682 1203 
8 1135 683 696 1120 1203 682 695 1188 
8 1120 696 162 726 1188 695 163 730 
8 1098 1115 1136 1099 1166 1183 1204 1167 
8 1099 1136 1137 1100 1167 1204 1205 1168 
8 1100 1137 1138 1101 1168 1205 1206 1169 
8 1101 1138 1139 1102 1169 1206 1207 1170 
8 1102 1139 1140 1103 1170 1207 1208 1171 
8 1103 1140 1141 1104 1171 1208 1209 1172 
8 1104 1141 1142 1105 1172 1209 1210 1173 
8 1105 1142 1143 1106 1173 1210 1211 1174 
8 1106 1143 1144 1107 1174 1211 1212 1175 
8 1107 1144 1145 1108 1175 1212 1213 1176 
8 1108 1145 1146 1109 1176 1213 1214 1177 
8 1109 1146 1147 1110 1177 1214 1215 1178 
8 1110 1147 1148 1111 1178 1215 1216 1179 
8 1111 1148 1149 1112 1179 1216 1217 1180 
8 1112 1149 1150 1113 1180 1217 1218 1181 
8 1113 1150 1116 1114 1181 1218 1184 1182 
8 1115 1117 1151 1136 1183 1185 1219 1204 
8 1136 1151 1152 1137 1204 1219 1220 1205 
8 1137 1152 1153 1138 1205 1220 1221 1206 
8 1138 1153 1154 1139 1206 1221 1222 1207 
8 1139 1154 1155 1140 1207 1222 1223 1208 
8 1140 1155 1156 1141 1208 1223 1224 1209 
8 1141 1156 1157 1142 1209 1224 1225 1210 
8 1142 1157 1158 1143 1210 1225 1226 1211 
8 1143 1158 1159 1144 1211 1226 1227 1212 
8 1144 1159 1160 1145 1212 1227 1228 1213 
8 1145 1160 1161 1146 1213 1228 1229 1214 
8 1146 1161 1162 1147 1214 1229 1230 1215 
8 1147 1162 1163 1148 1215 1230 1231 1216 
8 1148 1163 1164 1149 1216 1231 1232 1217 
8 1149 1164 1165 1150 1217 1232 1233 1218 
8 1150 1165 1118 1116 1218 1233 1186 1184 
8 1117 1119 1121 1151 1185 1187 1189 1219 
8 1151 1121 1122 1152 1219 1189 1190 1220 
8 1152 1122 1123 1153 1220 1190 1191 1221 
8 1153 1123 1124 1154 1221 1191 1192 1222 
8 1154 1124 1125 1155 1222 1192 1193 1223 
8 1155 1125 1126 1156 1223 1193 1194 1224 
8 1156 1126 1127 1157 1224 1194 1195 1225 
8 1157 1127 1128 1158 1225 1195 1196 1226 
8 1158 1128 1129 1159 1226 1196 1197 1227 
8 1159 1129 1130 1160 1227 1197 1198 1228 
8 1160 1130 1131 1161 1228 1198 1199 1229 
8 1161 1131 1132 1162 1229 1199 1200 1230 
8 1162 1132 1133 1163 1230 1200 1201 1231 
8 1163 1133 1134 1164 1231 1201 1202 1232 
8 1164 1134 1135 1165 1232 1202 1203 1233 
8 1165 1135 1120 1118 1233 1203 1188 1186 
8 135 198 1166 249 136 202 1234 250 
8 249 1166 1167 262 250 1234 1235 263 
8 262 1167 1168 275 263 1235 1236 276 
8 275 1168 1169 288 276 1236 1237 289 
8 288 1169 1170 301 289 1237 1238 302 
8 301 1170 1171 314 302 1238 1239 315 
8 314 1171 1172 327 315 1239 1240 328 
8 327 1172 1173 340 328 1240 1241 341 
8 340 1173 1174 353 341 1241 1242 354 
8 353 1174 1175 366 354 1242 1243 367 
8 366 1175 1176 379 367 1243 1244 380 
8 379 1176 1177 392 380 1244 1245 393 
8 392 1177 1178 405 393 1245 1246 406 
8 405 1178 1179 418 406 1246 1247 419 
8 418 1179 1180 431 419 1247 1248 432 
8 431 1180 1181 444 432 1248 1249 445 
8 444 1181 1182 457 445 1249 1250 458 
8 457 1182 733 149 458 1250 737 150 
8 198 199 1183 1166 202 203 1251 1234 
8 1182 1184 732 733 1250 1252 736 737 
8 199 200 1185 1183 203 204 1253 1251 
8 1184 1186 731 732 1252 1254 735 736 
8 200 201 1187 1185 204 205 1255 1253 
8 1186 1188 730 731 1254 1256 734 735 
8 201 121 487 1187 205 120 486 1255 
8 1187 487 500 1189 1255 486 499 1257 
8 1189 500 513 1190 1257 499 512 1258 
8 1190 513 526 1191 1258 512 525 1259 
8 1191 526 539 1192 1259 525 538 1260 
8 1192 539 552 1193 1260 538 551 1261 
8 1193 552 565 1194 1261 551 564 1262 
8 1194 565 578 1195 1262 564 577 1263 
8 1195 578 591 1196 1263 577 590 1264 
8 1196 591 604 1197 1264 590 603 1265 
8 1197 604 617 1198 1265 603 616 1266 
8 1198 617 630 1199 1266 616 629 1267 
8 1199 630 643 1200 1267 629 642 1268 
8 1200 643 656 1201 1268 642 655 1269 
8 1201 656 669 1202 1269 655 668 1270 
8 1202 669 682 1203 1270 668 681 1271 
8 1203 682 695 1188 1271 681 694 1256 
8 1188 695 163 730 1256 694 164 734 
8 1166 1183 1204 1167 1234 1251 1272 1235 
8 1167 1204 1205 1168 1235 1272 1273 1236 
8 1168 1205 1206 1169 1236 1273 1274 1237 
8 1169 1206 1207 1170 1237 1274 1275 1238 
8 1170 1207 1208 1171 1238 1275 1276 1239 
8 1171 1208 1209 1172 1239 1276 1277 1240 
8 1172 1209 1210 1173 1240 1277 1278 1241 
8 1173 1210 1211 1174 1241 1278 1279 1242 
8 1174 1211 1212 1175 1242 1279 1280 1243 
8 1175 1212 1213 1176 1243 1280 1281 1244 
8 1176 1213 1214 1177 1244 1281 1282 1245 
8 1177 1214 1215 1178 1245 1282 1283 1246 
8 1178 1215 1216 1179 1246 1283 1284 1247 
8 1179 1216 1217 1180 1247 1284 1285 1248 
8 1180 1217 1218 1181 1248 1285 1286 1249 
8 1181 1218 1184 1182 1249 1286 1252 1250 
8 1183 1185 1219 1204 1251 1253 1287 1272 
8 1204 1219 1220 1205 1272 1287 1288 1273 
8 1205 1220 1221 1206 1273 1288 1289 1274 
8 1206 1221 1222 1207 1274 1289 1290 1275 
8 1207 1222 1223 1208 1275 1290 1291 1276 
8 1208 1223 1224 1209 1276 1291 1292 1277 
8 1209 1224 1225 1210 1277 1292 1293 1278 
8 1210 1225 1226 1211 1278 1293 1294 1279 
8 1211 1226 1227 1212 1279 1294 1295 1280 
8 1212 1227 1228 1213 1280 1295 1296 1281 
8 1213 1228 1229 1214 1281 1296 1297 1282 
8 1214 1229 1230 1215 1282 1297 1298 1283 
8 1215 1230 1231 1216 1283 1298 1299 1284 
8 1216 1231 1232 1217 1284 1299 1300 1285 
8 1217 1232 1233 1218 1285 1300 1301 1286 
8 1218 1233 1186 1184 1286 1301 1254 1252 
8 1185 1187 1189 1219 1253 1255 1257 1287 
8 1219 1189 1190 1220 1287 1257 1258 1288 
8 1220 1190 1191 1221 1288 1258 1259 1289 
8 1221 1191 1192 1222 1289 1259 1260 1290 
8 1222 1192 1193 1223 1290 1260 1261 1291 
8 1223 1193 1194 1224 1291 1261 1262 1292 
8 1224 1194 1195 1225 1292 1262 1263 1293 
8 1225 1195 1196 1226 1293 1263 1264 1294 
8 1226 1196 1197 1227 1294 1264 1265 1295 
8 1227 1197 1198 1228 1295 1265 1266 1296 
8 1228 1198 1199 1229 1296 1266 1267 1297 
8 1229 1199 1200 1230 1297 1267 1268 1298 
8 1230 1200 1201 1231 1298 1268 1269 1299 
8 1231 1201 1202 1232 1299 1269 1270 1300 
8 1232 1202 1203 1233 1300 1270 1271 1301 
8 1233 1203 1188 1186 1301 1271 1256 1254 
8 136 202 1234 250 137 206 1302 251 
8 250 1234 1235 263 251 1302 1303 264 
8 263 1235 1236 276 264 1303 1304 277 
8 276 1236 1237 289 277 1304 1305 290 
8 289 1237 1238 302 290 1305 1306 303 
8 302 1238 1239 315 303 1306 1307 316 
8 315 1239 1240 328 316 1307 1308 329 
8 328 1240 1241 341 329 1308 1309 342 
8 341 1241 1242 354 342 1309 1310 355 
8 354 1242 1243 367 355 1310 1311 368 
8 367 1243 1244 380 368 1311 1312 381 
8 380 1244 1245 393 381 1312 1313 394 
8 393 1245 1246 406 394 1313 1314 407 
8 406 1246 1247 419 407 1314 1315 420 
8 419 1247 1248 432 420 1315 1316 433 
8 432 1248 1249 445 433 1316 1317 446 
8 445 1249 1250 458 446 1317 1318 459 
8 458 1250 737 150 459 1318 741 151 
8 202 203 1251 1234 206 207 1319 1302 
8 1250 1252 736 737 1318 1320 740 741 
8 203 204 1253 1251 207 208 1321 1319 
8 1252 1254 735 736 1320 1322 739 740 
8 204 205 1255 1253 208 209 1323 1321 
8 1254 1256 734 735 1322 1324 738 739 
8 205 120 486 1255 209 119 485 1323 
8 1255 486 499 1257 1323 485 498 1325 
8 1257 499 512 1258 1325 498 511 1326 
8 1258 512 525 1259 1326 511 524 1327 
8 1259 525 538 1260 1327 524 537 1328 
8 1260 538 551 1261 1328 537 550 1329 
8 1261 551 564 1262 1329 550 563 1330 
8 1262 564 577 1263 1330 563 576 1331 
8 1263 577 590 1264 1331 576 589 1332 
8 1264 590 603 1265 1332 589 602 1333 
8 1265 603 616 1266 1333 602 615 1334 
8 1266 616 629 1267 1334 615 628 1335 
8 1267 629 642 1268 1335 628 641 1336 
8 1268 642 655 1269 1336 641 654 1337 
8 1269 655 668 1270 1337 654 667 1338 
8 1270 668 681 1271 1338 667 680 1339 
8 1271 681 694 1256 1339 680 693 1324 
8 1256 694 164 734 1324 693 165 738 
8 1234 1251 1272 1235 1302 1319 1340 1303 
8 1235 1272 1273 1236 1303 1340 1341 1304 
8 1236 1273 1274 1237 1304 1341 1342 1305 
8 1237 1274 1275 1238 1305 1342 1343 1306 
8 1238 1275 1276 1239 1306 1343 1344 1307 
8 1239 1276 1277 1240 1307 1344 1345 1308 
8 1240 1277 1278 1241 1308 1345 1346 1309 
8 1241 1278 1279 1242 1309 1346 1347 1310 
8 1242 1279 1280 1243 1310 1347 1348 1311 
8 1243 1280 1281 1244 1311 1348 1349 1312 
8 1244 1281 1282 1245 1312 1349 1350 1313 
8 1245 1282 1283 1246 1313 1350 1351 1314 
8 1246 1283 1284 1247 1314 1351 1352 1315 
8 1247 1284 1285 1248 1315 1352 1353 1316 
8 1248 1285 1286 1249 1316 1353 1354 1317 
8 1249 1286 1252 1250 1317 1354 1320 1318 
8 1251 1253 1287 1272 1319 1321 1355 1340 
8 1272 1287 1288 1273 1340 1355 1356 1341 
8 1273 1288 1289 1274 1341 1356 1357 1342 
8 1274 1289 1290 1275 1342 1357 1358 1343 
8 1275 1290 1291 1276 1343 1358 1359 1344 
8 1276 1291 1292 1277 1344 1359 1360 1345 
8 1277 1292 1293 1278 1345 1360 1361 1346 
8 1278 1293 1294 1279 1346 1361 1362 1347 
8 1279 1294 1295 1280 1347 1362 1363 1348 
8 1280 1295 1296 1281 1348 1363 1364 1349 
8 1281 1296 1297 1282 1349 1364 1365 1350 
8 1282 1297 1298 1283 1350 1365 1366 1351 
8 1283 1298 1299 1284 1351 1366 1367 1352 
8 1284 1299 1300 1285 1352 1367 1368 1353 
8 1285 1300 1301 1286 1353 1368 1369 1354 
8 1286 1301 1254 1252 1354 1369 1322 1320 
8 1253 1255 1257 1287 1321 1323 1325 1355 
8 1287 1257 1258 1288 1355 1325 1326 1356 
8 1288 1258 1259 1289 1356 1326 1327 1357 
8 1289 1259 1260 1290 1357 1327 1328 1358 
8 1290 1260 1261 1291 1358 1328 1329 1359 
8 1291 1261 1262 1292 1359 1329 1330 1360 
8 1292 1262 1263 1293 1360 1330 1331 1361 
8 1293 1263 1264 1294 1361 1331 1332 1362 
8 1294 1264 1265 1295 1362 1332 1333 1363 
8 1295 1265 1266 1296 1363 1333 1334 1364 
8 1296 1266 1267 1297 1364 1334 1335 1365 
8 1297 1267 1268 1298 1365 1335 1336 1366 
8 1298 1268 1269 1299 1366 1336 1337 1367 
8 1299 1269 1270 1300 1367 1337 1338 1368 
8 1300 1270 1271 1301 1368 1338 1339 1369 
8 1301 1271 1256 1254 1369 1339 1324 1322 
8 137 206 1302 251 138 210 1370 252 
8 251 1302 1303 264 252 1370 1371 265 
8 264 1303 1304 277 265 1371 1372 278 
8 277 1304 1305 290 278 1372 1373 291 
8 290 1305 1306 303 291 1373 1374 304 
8 303 1306 1307 316 304 1374 1375 317 
8 316 1307 1308 329 317 1375 1376 330 
8 329 1308 1309 342 330 1376 1377 343 
8 342 1309 1310 355 343 1377 1378 356 
8 355 1310 1311 368 356 1378 1379 369 
8 368 1311 1312 381 369 1379 1380 382 
8 381 1312 1313 394 382 1380 1381 395 
8 394 1313 1314 407 395 1381 1382 408 
8 407 1314 1315 420 408 1382 1383 421 
8 420 1315 1316 433 421 1383 1384 434 
8 433 1316 1317 446 434 1384 1385 447 
8 446 1317 1318 459 447 1385 1386 460 
8 459 1318 741 151 460 1386 745 152 
8 206 207 1319 1302 210 211 1387 1370 
8 1318 1320 740 741 1386 1388 744 745 
8 207 208 1321 1319 211 212 1389 1387 
8 1320 1322 739 740 1388 1390 743 744 
8 208 209 1323 1321 212 213 1391 1389 
8 1322 1324 738 739 1390 1392 742 743 
8 209 119 485 1323 213 118 484 1391 
8 1323 485 498 1325 1391 484 497 1393 
8 1325 498 511 1326 1393 497 510 1394 
8 1326 511 524 1327 1394 510 523 1395 
8 1327 524 537 1328 1395 523 536 1396 
8 1328 537 550 1329 1396 536 549 1397 
8 1329 550 563 1330 1397 549 562 1398 
8 1330 563 576 1331 1398 562 575 1399 
8 1331 576 589 1332 1399 575 588 1400 
8 1332 589 602 1333 1400 588 601 1401 
8 1333 602 615 1334 1401 601 614 1402 
8 1334 615 628 1335 1402 614 627 1403 
8 1335 628 641 1336 1403 627 640 1404 
8 1336 641 654 1337 1404 640 653 1405 
8 1337 654 667 1338 1405 653 666 1406 
8 1338 667 680 1339 1406 666 679 1407 
8 1339 680 693 1324 1407 679 692 1392 
8 1324 693 165 738 1392 692 166 742 
8 1302 1319 1340 1303 1370 1387 1408 1371 
8 1303 1340 1341 1304 1371 1408 1409 1372 
8 1304 1341 1342 1305 1372 1409 1410 1373 
8 1305 1342 1343 1306 1373 1410 1411 1374 
8 1306 1343 1344 1307 1374 1411 1412 1375 
8 1307 1344 1345 1308 1375 1412 1413 1376 
8 1308 1345 1346 1309 1376 1413 1414 1377 
8 1309 1346 1347 1310 1377 1414 1415 1378 
8 1310 1347 1348 1311 1378 1415 1416 1379 
8 1311 1348 1349 1312 1379 1416 1417 1380 
8 1312 1349 1350 1313 1380 1417 1418 1381 
8 1313 1350 1351 1314 1381 1418 1419 1382 
8 1314 1351 1352 1315 1382 1419 1420 1383 
8 1315 1352 1353 1316 1383 1420 1421 1384 
8 1316 1353 1354 1317 1384 1421 1422 1385 
8 1317 1354 1320 1318 1385 1422 1388 1386 
8 1319 1321 1355 1340 1387 1389 1423 1408 
8 1340 1355 1356 1341 1408 1423 1424 1409 
8 1341 1356 1357 1342 1409 1424 1425 1410 
8 1342 1357 1358 1343 1410 1425 1426 1411 
8 1343 1358 1359 1344 1411 1426 1427 1412 
8 1344 1359 1360 1345 1412 1427 1428 1413 
8 1345 1360 1361 1346 1413 1428 1429 1414 
8 1346 1361 1362 1347 1414 1429 1430 1415 
8 1347 1362 1363 1348 1415 1430 1431 1416 
8 1348 1363 1364 1349 1416 1431 1432 1417 
8 1349 1364 1365 1350 1417 1432 1433 1418 
8 1350 1365 1366 1351 1418 1433 1434 1419 
8 1351 1366 1367 1352 1419 1434 1435 1420 
8 1352 1367 1368 1353 1420 1435 1436 1421 
8 1353 1368 1369 1354 1421 1436 1437 1422 
8 1354 1369 1322 1320 1422 1437 1390 1388 
8 1321 1323 1325 1355 1389 1391 1393 1423 
8 1355 1325 1326 1356 1423 1393 1394 1424 
8 1356 1326 1327 1357 1424 1394 1395 1425 
8 1357 1327 1328 1358 1425 1395 1396 1426 
8 1358 1328 1329 1359 1426 1396 1397 1427 
8 1359 1329 1330 1360 1427 1397 1398 1428 
8 1360 1330 1331 1361 1428 1398 1399 1429 
8 1361 1331 1332 1362 1429 1399 1400 1430 
8 1362 1332 1333 1363 1430 1400 1401 1431 
8 1363 1333 1334 1364 1431 1401 1402 1432 
8 1364 1334 1335 1365 1432 1402 1403 1433 
8 1365 1335 1336 1366 1433 1403 1404 1434 
8 1366 1336 1337 1367 1434 1404 1405 1435 
8 1367 1337 1338 1368 1435 1405 1406 1436 
8 1368 1338 1339 1369 1436 1406 1407 1437 
8 1369 1339 1324 1322 1437 1407 1392 1390 
8 138 210 1370 252 139 214 1438 253 
8 252 1370 1371 265 253 1438 1439 266 
8 265 1371 1372 278 266 1439 1440 279 
8 278 1372 1373 291 279 1440 1441 292 
8 291 1373 1374 304 292 1441 1442 305 
8 304 1374 1375 317 305 1442 1443 318 
8 317 1375 1376 330 318 1443 1444 331 
8 330 1376 1377 343 331 1444 1445 344 
8 343 1377 1378 356 344 1445 1446 357 
8 356 1378 1379 369 357 1446 1447 370 
8 369 1379 1380 382 370 1447 1448 383 
8 382 1380 1381 395 383 1448 1449 396 
8 395 1381 1382 408 396 1449 1450 409 
8 408 1382 1383 421 409 1450 1451 422 
8 421 1383 1384 434 422 1451 1452 435 
8 434 1384 1385 447 435 1452 1453 448 
8 447 1385 1386 460 448 1453 1454 461 
8 460 1386 745 152 461 1454 749 153 
8 210 211 1387 1370 214 215 1455 1438 
8 1386 1388 744 745 1454 1456 748 749 
8 211 212 1389 1387 215 216 1457 1455 
8 1388 1390 743 744 1456 1458 747 748 
8 212 213 1391 1389 216 217 1459 1457 
8 1390 1392 742 743 1458 1460 746 747 
8 213 118 484 1391 217 117 483 1459 
8 1391 484 497 1393 1459 483 496 1461 
8 1393 497 510 1394 1461 496 509 1462 
8 1394 510 523 1395 1462 509 522 1463 
8 1395 523 536 1396 1463 522 535 1464 
8 1396 536 549 1397 1464 535 548 1465 
8 1397 549 562 1398 1465 548 561 1466 
8 1398 562 575 1399 1466 561 574 1467 
8 1399 575 588 1400 1467 574 587 1468 
8 1400 588 601 1401 1468 587 600 1469 
8 1401 601 614 1402 1469 600 613 1470 
8 1402 614 627 1403 1470 613 626 1471 
8 1403 627 640 1404 1471 626 639 1472 
8 1404 640 653 1405 1472 639 652 1473 
8 1405 653 666 1406 1473 652 665 1474 
8 1406 666 679 1407 1474 665 678 1475 
8 1407 679 692 1392 1475 678 691 1460 
8 1392 692 166 742 1460 691 167 746 
8 1370 1387 1408 1371 1438 1455 1476 1439 
8 1371 1408 1409 1372 1439 1476 1477 1440 
8 1372 1409 1410 1373 1440 1477 1478 1441 
8 1373 1410 1411 1374 1441 1478 1479 1442 
8 1374 1411 1412 1375 1442 1479 1480 1443 
8 1375 1412 1413 1376 1443 1480 1481 1444 
8 1376 1413 1414 1377 1444 1481 1482 1445 
8 1377 1414 1415 1378 1445 1482 1483 1446 
8 1378 1415 1416 1379 1446 1483 1484 1447 
8 1379 1416 1417 1380 1447 1484 1485 1448 
8 1380 1417 1418 1381 1448 1485 1486 1449 
8 1381 1418 1419 1382 1449 1486 1487 1450 
8 1382 1419 1420 1383 1450 1487 1488 1451 
8 1383 1420 1421 1384 1451 1488 1489 1452 
8 1384 1421 1422 1385 1452 1489 1490 1453 
8 1385 1422 1388 1386 1453 1490 1456 1454 
8 1387 1389 1423 1408 1455 1457 1491 1476 
8 1408 1423 1424 1409 1476 1491 1492 1477 
8 1409 1424 1425 1410 1477 1492 1493 1478 
8 1410 1425 1426 1411 1478 1493 1494 1479 
8 1411 1426 1427 1412 1479 1494 1495 1480 
8 1412 1427 1428 1413 1480 1495 1496 1481 
8 1413 1428 1429 1414 1481 1496 1497 1482 
8 1414 1429 1430 1415 1482 1497 1498 1483 
8 1415 1430 1431 1416 1483 1498 1499 1484 
8 1416 1431 1432 1417 1484 1499 1500 1485 
8 1417 1432 1433 1418 1485 1500 1501 1486 
8 1418 1433 1434 1419 1486 1501 1502 1487 
8 1419 1434 1435 1420 1487 1502 1503 1488 
8 1420 1435 1436 1421 1488 1503 1504 1489 
8 1421 1436 1437 1422 1489 1504 1505 1490 
8 1422 1437 1390 1388 1490 1505 1458 1456 
8 1389 1391 1393 1423 1457 1459 1461 1491 
8 1423 1393 1394 1424 1491 1461 1462 1492 
8 1424 1394 1395 1425 1492 1462 1463 1493 
8 1425 1395 1396 1426 1493 1463 1464 1494 
8 1426 1396 1397 1427 1494 1464 1465 1495 
8 1427 1397 1398 1428 1495 1465 1466 1496 
8 1428 1398 1399 1429 1496 1466 1467 1497 
8 1429 1399 1400 1430 1497 1467 1468 1498 
8 1430 1400 1401 1431 1498 1468 1469 1499 
8 1431 1401 1402 1432 1499 1469 1470 1500 
8 1432 1402 1403 1433 1500 1470 1471 1501 
8 1433 1403 1404 1434 1501 1471 1472 1502 
8 1434 1404 1405 1435 1502 1472 1473 1503 
8 1435 1405 1406 1436 1503 1473 1474 1504 
8 1436 1406 1407 1437 1504 1474 1475 1505 
8 1437 1407 1392 1390 1505 1475 1460 1458 
8 139 214 1438 253 140 218 1506 254 
8 253 1438 1439 266 254 1506 1507 267 
8 266 1439 1440 279 267 1507 1508 280 
8 279 1440 1441 292 280 1508 1509 293 
8 292 1441 1442 305 293 1509 1510 306 
8 305 1442 1443 318 306 1510 1511 319 
8 318 1443 1444 331 319 1511 1512 332 
8 331 1444 1445 344 332 1512 1513 345 
8 344 1445 1446 357 345 1513 1514 358 
8 357 1446 1447 370 358 1514 1515 371 
8 370 1447 1448 383 371 1515 1516 384 
8 383 1448 1449 396 384 1516 1517 397 
8 396 1449 1450 409 397 1517 1518 410 
8 409 1450 1451 422 410 1518 1519 423 
8 422 1451 1452 435 423 1519 1520 436 
8 435 1452 1453 448 436 1520 1521 449 
8 448 1453 1454 461 449 1521 1522 462 
8 461 1454 749 153 462 1522 753 154 
8 214 215 1455 1438 218 219 1523 1506 
8 1454 1456 748 749 1522 1524 752 753 
8 215 216 1457 1455 219 220 1525 1523 
8 1456 1458 747 748 1524 1526 751 752 
8 216 217 1459 1457 220 221 1527 1525 
8 1458 1460 746 747 1526 1528 750 751 
8 217 117 483 1459 221 116 482 1527 
8 1459 483 496 1461 1527 482 495 1529 
8 1461 496 509 1462 1529 495 508 1530 
8 1462 509 522 1463 1530 508 521 1531 
8 1463 522 535 1464 1531 521 534 1532 
8 1464 535 548 1465 1532 534 547 1533 
8 1465 548 561 1466 1533 547 560 1534 
8 1466 561 574 1467 1534 560 573 1535 
8 1467 574 587 1468 1535 573 586 1536 
8 1468 587 600 1469 1536 586 599 1537 
8 1469 600 613 1470 1537 599 612 1538 
8 1470 613 626 1471 1538 612 625 1539 
8 1471 626 639 1472 1539 625 638 1540 
8 1472 639 652 1473 1540 638 651 1541 
8 1473 652 665 1474 1541 651 664 1542 
8 1474 665 678 1475 1542 664 677 1543 
8 1475 678 691 1460 1543 677 690 1528 
8 1460 691 167 746 1528 690 168 750 
8 1438 1455 1476 1439 1506 1523 1544 1507 
8 1439 1476 1477 1440 1507 1544 1545 1508 
8 1440 1477 1478 1441 1508 1545 1546 1509 
8 1441 1478 1479 1442 1509 1546 1547 1510 
8 1442 1479 1480 1443 1510 1547 1548 1511 
8 1443 1480 1481 1444 1511 1548 1549 1512 
8 1444 1481 1482 1445 1512 1549 1550 1513 
8 1445 1482 1483 1446 1513 1550 1551 1514 
8 1446 1483 1484 1447 1514 1551 1552 1515 
8 1447 1484 1485 1448 1515 1552 1553 1516 
8 1448 1485 1486 1449 1516 1553 1554 1517 
8 1449 1486 1487 1450 1517 1554 1555 1518 
8 1450 1487 1488 1451 1518 1555 1556 1519 
8 1451 1488 1489 1452 1519 1556 1557 1520 
8 1452 1489 1490 1453 1520 1557 1558 1521 
8 1453 1490 1456 1454 1521 1558 1524 1522 
8 1455 1457 1491 1476 1523 1525 1559 1544 
8 1476 1491 1492 1477 1544 1559 1560 1545 
8 1477 1492 1493 1478 1545 1560 1561 1546 
8 1478 1493 1494 1479 1546 1561 1562 1547 
8 1479 1494 1495 1480 1547 1562 1563 1548 
8 1480 1495 1496 1481 1548 1563 1564 1549 
8 1481 1496 1497 1482 1549 1564 1565 1550 
8 1482 1497 1498 1483 1550 1565 1566 1551 
8 1483 1498 1499 1484 1551 1566 1567 1552 
8 1484 1499 1500 1485 1552 1567 1568 1553 
8 1485 1500 1501 1486 1553 1568 1569 1554 
8 1486 1501 1502 1487 1554 1569 1570 1555 
8 1487 1502 1503 1488 1555 1570 1571 1556 
8 1488 1503 1504 1489 1556 1571 1572 1557 
8 1489 1504 1505 1490 1557 1572 1573 1558 
8 1490 1505 1458 1456 1558 1573 1526 1524 
8 1457 1459 1461 1491 1525 1527 1529 1559 
8 1491 1461 1462 1492 1559 1529 1530 1560 
8 1492 1462 1463 1493 1560 1530 1531 1561 
8 1493 1463 1464 1494 1561 1531 1532 1562 
8 1494 1464 1465 1495 1562 1532 1533 1563 
8 1495 1465 1466 1496 1563 1533 1534 1564 
8 1496 1466 1467 1497 1564 1534 1535 1565 
8 1497 1467 1468 1498 1565 1535 1536 1566 
8 1498 1468 1469 1499 1566 1536 1537 1567 
8 1499 1469 1470 1500 1567 1537 1538 1568 
8 1500 1470 1471 1501 1568 1538 1539 1569 
8 1501 1471 1472 1502 1569 1539 1540 1570 
8 1502 1472 1473 1503 1570 1540 1541 1571 
8 1503 1473 1474 1504 1571 1541 1542 1572 
8 1504 1474 1475 1505 1572 1542 1543 1573 
8 1505 1475 1460 1458 1573 1543 1528 1526 
8 140 218 1506 254 141 222 1574 255 
8 254 1506 1507 267 255 1574 1575 268 
8 267 1507 1508 280 268 1575 1576 281 
8 280 1508 1509 293 281 1576 1577 294 
8 293 1509 1510 306 294 1577 1578 307 
8 306 1510 1511 319 307 1578 1579 320 
8 319 1511 1512 332 320 1579 1580 333 
8 332 1512 1513 345 333 1580 1581 346 
8 345 1513 1514 358 346 1581 1582 359 
8 358 1514 1515 371 359 1582 1583 372 
8 371 1515 1516 384 372 1583 1584 385 
8 384 1516 1517 397 385 1584 1585 398 
8 397 1517 1518 410 398 1585 1586 411 
8 410 1518 1519 423 411 1586 1587 424 
8 423 1519 1520 436 424 1587 1588 437 
8 436 1520 1521 449 437 1588 1589 450 
8 449 1521 1522 462 450 1589 1590 463 
8 462 1522 753 154 463 1590 757 155 
8 218 219 1523 1506 222 223 1591 1574 
8 1522 1524 752 753 1590 1592 756 757 
8 219 220 1525 1523 223 224 1593 1591 
8 1524 1526 751 752 1592 1594 755 756 
8 220 221 1527 1525 224 225 1595 1593 
8 1526 1528 750 751 1594 1596 754 755 
8 221 116 482 1527 225 115 481 1595 
8 1527 482 495 1529 1595 481 494 1597 
8 1529 495 508 1530 1597 494 507 1598 
8 1530 508 521 1531 1598 507 520 1599 
8 1531 521 534 1532 1599 520 533 1600 
8 1532 534 547 1533 1600 533 546 1601 
8 1533 547 560 1534 1601 546 559 1602 
8 1534 560 573 1535 1602 559 572 1603 
8 1535 573 586 1536 1603 572 585 1604 
8 1536 586 599 1537 1604 585 598 1605 
8 1537 599 612 1538 1605 598 611 1606 
8 1538 612 625 1539 1606 611 624 1607 
8 1539 625 638 1540 1607 624 637 1608 
8 1540 638 651 1541 1608 637 650 1609 
8 1541 651 664 1542 1609 650 663 1610 
8 1542 664 677 1543 1610 663 676 1611 
8 1543 677 690 1528 1611 676 689 1596 
8 1528 690 168 750 1596 689 169 754 
8 1506 1523 1544 1507 1574 1591 1612 1575 
8 1507 1544 1545 1508 1575 1612 1613 1576 
8 1508 1545 1546 1509 1576 1613 1614 1577 
8 1509 1546 1547 1510 1577 1614 1615 1578 
8 1510 1547 1548 1511 1578 1615 1616 1579 
8 1511 1548 1549 1512 1579 1616 1617 1580 
8 1512 1549 1550 1513 1580 1617 1618 1581 
8 1513 1550 1551 1514 1581 1618 1619 1582 
8 1514 1551 1552 1515 1582 1619 1620 1583 
8 1515 1552 1553 1516 1583 1620 1621 1584 
8 1516 1553 1554 1517 1584 1621 1622 1585 
8 1517 1554 1555 1518 1585 1622 1623 1586 
8 1518 1555 1556 1519 1586 1623 1624 1587 
8 1519 1556 1557 1520 1587 1624 1625 1588 
8 1520 1557 1558 1521 1588 1625 1626 1589 
8 1521 1558 1524 1522 1589 1626 1592 1590 
8 1523 1525 1559 1544 1591 1593 1627 1612 
8 1544 1559 1560 1545 1612 1627 1628 1613 
8 1545 1560 1561 1546 1613 1628 1629 1614 
8 1546 1561 1562 1547 1614 1629 1630 1615 
8 1547 1562 1563 1548 1615 1630 1631 1616 
8 1548 1563 1564 1549 1616 1631 1632 1617 
8 1549 1564 1565 1550 1617 1632 1633 1618 
8 1550 1565 1566 1551 1618 1633 1634 1619 
8 1551 1566 1567 1552 1619 1634 1635 1620 
8 1552 1567 1568 1553 1620 1635 1636 1621 
8 1553 1568 1569 1554 1621 1636 1637 1622 
8 1554 1569 1570 1555 1622 1637 1638 1623 
8 1555 1570 1571 1556 1623 1638 1639 1624 
8 1556 1571 1572 1557 1624 1639 1640 1625 
8 1557 1572 1573 1558 1625 1640 1641 1626 
8 1558 1573 1526 1524 1626 1641 1594 1592 
8 1525 1527 1529 1559 1593 1595 1597 1627 
8 1559 1529 1530 1560 1627 1597 1598 1628 
8 1560 1530 1531 1561 1628 1598 1599 1629 
8 1561 1531 1532 1562 1629 1599 1600 1630 
8 1562 1532 1533 1563 1630 1600 1601 1631 
8 1563 1533 1534 1564 1631 1601 1602 1632 
8 1564 1534 1535 1565 1632 1602 1603 1633 
8 1565 1535 1536 1566 1633 1603 1604 1634 
8 1566 1536 1537 1567 1634 1604 1605 1635 
8 1567 1537 1538 1568 1635 1605 1606 1636 
8 1568 1538 1539 1569 1636 1606 1607 1637 
8 1569 1539 1540 1570 1637 1607 1608 1638 
8 1570 1540 1541 1571 1638 1608 1609 1639 
8 1571 1541 1542 1572 1639 1609 1610 1640 
8 1572 1542 1543 1573 1640 1610 1611 1641 
8 1573 1543 1528 1526 1641 1611 1596 1594 
8 141 222 1574 255 128 170 1642 242 
8 255 1574 1575 268 242 1642 1643 241 
8 268 1575 1576 281 241 1643 1644 240 
8 281 1576 1577 294 240 1644 1645 239 
8 294 1577 1578 307 239 1645 1646 238 
8 307 1578 1579 320 238 1646 1647 237 
8 320 1579 1580 333 237 1647 1648 236 
8 333 1580 1581 346 236 1648 1649 235 
8 346 1581 1582 359 235 1649 1650 234 
8 359 1582 1583 372 234 1650 1651 233 
8 372 1583 1584 385 233 1651 1652 232 
8 385 1584 1585 398 232 1652 1653 231 
8 398 1585 1586 411 231 1653 1654 230 
8 411 1586 1587 424 230 1654 1655 229 
8 424 1587 1588 437 229 1655 1656 228 
8 437 1588 1589 450 228 1656 1657 227 
8 450 1589 1590 463 227 1657 1658 226 
8 463 1590 757 155 226 1658 705 142 
8 222 223 1591 1574 170 171 1659 1642 
8 1590 1592 756 757 1658 1660 704 705 
8 223 224 1593 1591 171 172 1661 1659 
8 1592 1594 755 756 1660 1662 703 704 
8 224 225 1595 1593 172 173 1663 1661 
8 1594 1596 754 755 1662 1664 702 703 
8 225 115 481 1595 173 114 464 1663 
8 1595 481 494 1597 1663 464 465 1665 
8 1597 494 507 1598 1665 465 466 1666 
8 1598 507 520 1599 1666 466 467 1667 
8 1599 520 533 1600 1667 467 468 1668 
8 1600 533 546 1601 1668 468 469 1669 
8 1601 546 559 1602 1669 469 470 1670 
8 1602 559 572 1603 1670 470 471 1671 
8 1603 572 585 1604 1671 471 472 1672 
8 1604 585 598 1605 1672 472 473 1673 
8 1605 598 611 1606 1673 473 474 1674 
8 1606 611 624 1607 1674 474 475 1675 
8 1607 624 637 1608 1675 475 476 1676 
8 1608 637 650 1609 1676 476 477 1677 
8 1609 650 663 1610 1677 477 478 1678 
8 1610 663 676 1611 1678 478 479 1679 
8 1611 676 689 1596 1679 479 480 1664 
8 1596 689 169 754 1664 480 156 702 
8 1574 1591 1612 1575 1642 1659 1680 1643 
8 1575 1612 1613 1576 1643 1680 1681 1644 
8 1576 1613 1614 1577 1644 1681 1682 1645 
8 1577 1614 1615 1578 1645 1682 1683 1646 
8 1578 1615 1616 1579 1646 1683 1684 1647 
8 1579 1616 1617 1580 1647 1684 1685 1648 
8 1580 1617 1618 1581 1648 1685 1686 1649 
8 1581 1618 1619 1582 1649 1686 1687 1650 
8 1582 1619 1620 1583 1650 1687 1688 1651 
8 1583 1620 1621 1584 1651 1688 1689 1652 
8 1584 1621 1622 1585 1652 1689 1690 1653 
8 1585 1622 1623 1586 1653 1690 1691 1654 
8 1586 1623 1624 1587 1654 1691 1692 1655 
8 1587 1624 1625 1588 1655 1692 1693 1656 
8 1588 1625 1626 1589 1656 1693 1694 1657 
8 1589 1626 1592 1590 1657 1694 1660 1658 
8 1591 1593 1627 1612 1659 1661 1695 1680 
8 1612 1627 1628 1613 1680 1695 1696 1681 
8 1613 1628 1629 1614 1681 1696 1697 1682 
8 1614 1629 1630 1615 1682 1697 1698 1683 
8 1615 1630 1631 1616 1683 1698 1699 1684 
8 1616 1631 1632 1617 1684 1699 1700 1685 
8 1617 1632 1633 1618 1685 1700 1701 1686 
8 1618 1633 1634 1619 1686 1701 1702 1687 
8 1619 1634 1635 1620 1687 1702 1703 1688 
8 1620 1635 1636 1621 1688 1703 1704 1689 
8 1621 1636 1637 1622 1689 1704 1705 1690 
8 1622 1637 1638 1623 1690 1705 1706 1691 
8 1623 1638 1639 1624 1691 1706 1707 1692 
8 1624 1639 1640 1625 1692 1707 1708 1693 
8 1625 1640 1641 1626 1693 1708 1709 1694 
8 1626 1641 1594 1592 1694 1709 1662 1660 
8 1593 1595 1597 1627 1661 1663 1665 1695 
8 1627 1597 1598 1628 1695 1665 1666 1696 
8 1628 1598 1599 1629 1696 1666 1667 1697 
8 1629 1599 1600 1630 1697 1667 1668 1698 
8 1630 1600 1601 1631 1698 1668 1669 1699 
8 1631 1601 1602 1632 1699 1669 1670 1700 
8 1632 1602 1603 1633 1700 1670 1671 1701 
8 1633 1603 1604 1634 1701 1671 1672 1702 
8 1634 1604 1605 1635 1702 1672 1673 1703 
8 1635 1605 1606 1636 1703 1673 1674 1704 
8 1636 1606 1607 1637 1704 1674 1675 1705 
8 1637 1607 1608 1638 1705 1675 1676 1706 
8 1638 1608 1609 1639 1706 1676 1677 1707 
8 1639 1609 1610 1640 1707 1677 1678 1708 
8 1640 1610 1611 1641 1708 1678 1679 1709 
8 1641 1611 1596 1594 1709 1679 1664 1662 
8 6564 6684 7135 6964 7222 7475 8091 7988 
8 6964 7135 7136 6963 7988 8091 8092 7983 
8 6963 7136 7137 6962 7983 8092 8093 7978 
8 6962 7137 7138 6961 7978 8093 8094 7973 
8 6961 7138 7139 6960 7973 8094 8095 7968 
8 6960 7139 7140 6959 7968 8095 8096 7963 
8 6959 7140 7141 6958 7963 8096 8097 7958 
8 6958 7141 7142 6957 7958 8097 8098 7953 
8 6957 7142 7143 6956 7953 8098 8099 7948 
8 6956 7143 7144 6955 7948 8099 8100 7943 
8 6955 7144 7145 6954 7943 8100 8101 7938 
8 6954 7145 7146 6953 7938 8101 8102 7933 
8 6953 7146 7147 6952 7933 8102 8103 7928 
8 6952 7147 7148 6951 7928 8103 8104 7923 
8 6951 7148 7149 6950 7923 8104 8105 7918 
8 6950 7149 7150 6949 7918 8105 8106 7913 
8 6949 7150 7151 6948 7913 8106 8107 7908 
8 6948 7151 6567 6555 7908 8107 7250 7204 
8 6684 6683 7152 7135 7475 7476 8108 8091 
8 7151 7153 6568 6567 8107 8109 7249 7250 
8 6683 6682 7154 7152 7476 7477 8110 8108 
8 7153 7155 6569 6568 8109 8111 7248 7249 
8 6682 6681 7156 7154 7477 7478 8112 8110 
8 7155 7157 6570 6569 8111 8113 7247 7248 
8 6681 6561 6897 7156 7478 7216 8010 8112 
8 7156 6897 6898 7158 8112 8010 8015 8114 
8 7158 6898 6899 7159 8114 8015 8020 8115 
8 7159 6899 6900 7160 8115 8020 8025 8116 
8 7160 6900 6901 7161 8116 8025 8030 8117 
8 7161 6901 6902 7162 8117 8030 8035 8118 
8 7162 6902 6903 7163 8118 8035 8040 8119 
8 7163 6903 6904 7164 8119 8040 8045 8120 
8 7164 6904 6905 7165 8120 8045 8050 8121 
8 7165 6905 6906 7166 8121 8050 8055 8122 
8 7166 6906 6907 7167 8122 8055 8060 8123 
8 7167 6907 6908 7168 8123 8060 8065 8124 
8 7168 6908 6909 7169 8124 8065 8070 8125 
8 7169 6909 6910 7170 8125 8070 8075 8126 
8 7170 6910 6911 7171 8126 8075 8080 8127 
8 7171 6911 6912 7172 8127 8080 8085 8128 
8 7172 6912 6913 7157 8128 8085 8090 8113 
8 7157 6913 6558 6570 8113 8090 7214 7247 
8 7135 7152 7173 7136 8091 8108 8129 8092 
8 7136 7173 7174 7137 8092 8129 8130 8093 
8 7137 7174 7175 7138 8093 8130 8131 8094 
8 7138 7175 7176 7139 8094 8131 8132 8095 
8 7139 7176 7177 7140 8095 8132 8133 8096 
8 7140 7177 7178 7141 8096 8133 8134 8097 
8 7141 7178 7179 7142 8097 8134 8135 8098 
8 7142 7179 7180 7143 8098 8135 8136 8099 
8 7143 7180 7181 7144 8099 8136 8137 8100 
8 7144 7181 7182 7145 8100 8137 8138 8101 
8 7145 7182 7183 7146 8101 8138 8139 8102 
8 7146 7183 7184 7147 8102 8139 8140 8103 
8 7147 7184 7185 7148 8103 8140 8141 8104 
8 7148 7185 7186 7149 8104 8141 8142 8105 
8 7149 7186 7187 7150 8105 8142 8143 8106 
8 7150 7187 7153 7151 8106 8143 8109 8107 
8 7152 7154 7188 7173 8108 8110 8144 8129 
8 7173 7188 7189 7174 8129 8144 8145 8130 
8 7174 7189 7190 7175 8130 8145 8146 8131 
8 7175 7190 7191 7176 8131 8146 8147 8132 
8 7176 7191 7192 7177 8132 8147 8148 8133 
8 7177 7192 7193 7178 8133 8148 8149 8134 
8 7178 7193 7194 7179 8134 8149 8150 8135 
8 7179 7194 7195 7180 8135 8150 8151 8136 
8 7180 7195 7196 7181 8136 8151 8152 8137 
8 7181 7196 7197 7182 8137 8152 8153 8138 
8 7182 7197 7198 7183 8138 8153 8154 8139 
8 7183 7198 7199 7184 8139 8154 8155 8140 
8 7184 7199 7200 7185 8140 8155 8156 8141 
8 7185 7200 7201 7186 8141 8156 8157 8142 
8 7186 7201 7202 7187 8142 8157 8158 8143 
8 7187 7202 7155 7153 8143 8158 8111 8109 
8 7154 7156 7158 7188 8110 8112 8114 8144 
8 7188 7158 7159 7189 8144 8114 8115 8145 
8 7189 7159 7160 7190 8145 8115 8116 8146 
8 7190 7160 7161 7191 8146 8116 8117 8147 
8 7191 7161 7162 7192 8147 8117 8118 8148 
8 7192 7162 7163 7193 8148 8118 8119 8149 
8 7193 7163 7164 7194 8149 8119 8120 8150 
8 7194 7164 7165 7195 8150 8120 8121 8151 
8 7195 7165 7166 7196 8151 8121 8122 8152 
8 7196 7166 7167 7197 8152 8122 8123 8153 
8 7197 7167 7168 7198 8153 8123 8124 8154 
8 7198 7168 7169 7199 8154 8124 8125 8155 
8 7199 7169 7170 7200 8155 8125 8126 8156 
8 7200 7170 7171 7201 8156 8126 8127 8157 
8 7201 7171 7172 7202 8157 8127 8128 8158 
8 7202 7172 7157 7155 8158 8128 8113 8111 
8 7222 7475 8091 7988 7223 7471 8159 7987 
8 7988 8091 8092 7983 7987 8159 8160 7982 
8 7983 8092 8093 7978 7982 8160 8161 7977 
8 7978 8093 8094 7973 7977 8161 8162 7972 
8 7973 8094 8095 7968 7972 8162 8163 7967 
8 7968 8095 8096 7963 7967 8163 8164 7962 
8 7963 8096 8097 7958 7962 8164 8165 7957 
8 7958 8097 8098 7953 7957 8165 8166 7952 
8 7953 8098 8099 7948 7952 8166 8167 7947 
8 7948 8099 8100 7943 7947 8167 8168 7942 
8 7943 8100 8101 7938 7942 8168 8169 7937 
8 7938 8101 8102 7933 7937 8169 8170 7932 
8 7933 8102 8103 7928 7932 8170 8171 7927 
8 7928 8103 8104 7923 7927 8171 8172 7922 
8 7923 8104 8105 7918 7922 8172 8173 7917 
8 7918 8105 8106 7913 7917 8173 8174 7912 
8 7913 8106 8107 7908 7912 8174 8175 7907 
8 7908 8107 7250 7204 7907 8175 7246 7205 
8 7475 7476 8108 8091 7471 7472 8176 8159 
8 8107 8109 7249 7250 8175 8177 7245 7246 
8 7476 7477 8110 8108 7472 7473 8178 8176 
8 8109 8111 7248 7249 8177 8179 7244 7245 
8 7477 7478 8112 8110 7473 7474 8180 8178 
8 8111 8113 7247 7248 8179 8181 7243 7244 
8 7478 7216 8010 8112 7474 7217 8009 8180 
8 8112 8010 8015 8114 8180 8009 8014 8182 
8 8114 8015 8020 8115 8182 8014 8019 8183 
8 8115 8020 8025 8116 8183 8019 8024 8184 
8 8116 8025 8030 8117 8184 8024 8029 8185 
8 8117 8030 8035 8118 8185 8029 8034 8186 
8 8118 8035 8040 8119 8186 8034 8039 8187 
8 8119 8040 8045 8120 8187 8039 8044 8188 
8 8120 8045 8050 8121 8188 8044 8049 8189 
8 8121 8050 8055 8122 8189 8049 8054 8190 
8 8122 8055 8060 8123 8190 8054 8059 8191 
8 8123 8060 8065 8124 8191 8059 8064 8192 
8 8124 8065 8070 8125 8192 8064 8069 8193 
8 8125 8070 8075 8126 8193 8069 8074 8194 
8 8126 8075 8080 8127 8194 8074 8079 8195 
8 8127 8080 8085 8128 8195 8079 8084 8196 
8 8128 8085 8090 8113 8196 8084 8089 8181 
8 8113 8090 7214 7247 8181 8089 7213 7243 
8 8091 8108 8129 8092 8159 8176 8197 8160 
8 8092 8129 8130 8093 8160 8197 8198 8161 
8 8093 8130 8131 8094 8161 8198 8199 8162 
8 8094 8131 8132 8095 8162 8199 8200 8163 
8 8095 8132 8133 8096 8163 8200 8201 8164 
8 8096 8133 8134 8097 8164 8201 8202 8165 
8 8097 8134 8135 8098 8165 8202 8203 8166 
8 8098 8135 8136 8099 8166 8203 8204 8167 
8 8099 8136 8137 8100 8167 8204 8205 8168 
8 8100 8137 8138 8101 8168 8205 8206 8169 
8 8101 8138 8139 8102 8169 8206 8207 8170 
8 8102 8139 8140 8103 8170 8207 8208 8171 
8 8103 8140 8141 8104 8171 8208 8209 8172 
8 8104 8141 8142 8105 8172 8209 8210 8173 
8 8105 8142 8143 8106 8173 8210 8211 8174 
8 8106 8143 8109 8107 8174 8211 8177 8175 
8 8108 8110 8144 8129 8176 8178 8212 8197 
8 8129 8144 8145 8130 8197 8212 8213 8198 
8 8130 8145 8146 8131 8198 8213 8214 8199 
8 8131 8146 8147 8132 8199 8214 8215 8200 
8 8132 8147 8148 8133 8200 8215 8216 8201 
8 8133 8148 8149 8134 8201 8216 8217 8202 
8 8134 8149 8150 8135 8202 8217 8218 8203 
8 8135 8150 8151 8136 8203 8218 8219 8204 
8 8136 8151 8152 8137 8204 8219 8220 8205 
8 8137 8152 8153 8138 8205 8220 8221 8206 
8 8138 8153 8154 8139 8206 8221 8222 8207 
8 8139 8154 8155 8140 8207 8222 8223 8208 
8 8140 8155 8156 8141 8208 8223 8224 8209 
8 8141 8156 8157 8142 8209 8224 8225 8210 
8 8142 8157 8158 8143 8210 8225 8226 8211 
8 8143 8158 8111 8109 8211 8226 8179 8177 
8 8110 8112 8114 8144 8178 8180 8182 8212 
8 8144 8114 8115 8145 8212 8182 8183 8213 
8 8145 8115 8116 8146 8213 8183 8184 8214 
8 8146 8116 8117 8147 8214 8184 8185 8215 
8 8147 8117 8118 8148 8215 8185 8186 8216 
8 8148 8118 8119 8149 8216 8186 8187 8217 
8 8149 8119 8120 8150 8217 8187 8188 8218 
8 8150 8120 8121 8151 8218 8188 8189 8219 
8 8151 8121 8122 8152 8219 8189 8190 8220 
8 8152 8122 8123 8153 8220 8190 8191 8221 
8 8153 8123 8124 8154 8221 8191 8192 8222 
8 8154 8124 8125 8155 8222 8192 8193 8223 
8 8155 8125 8126 8156 8223 8193 8194 8224 
8 8156 8126 8127 8157 8224 8194 8195 8225 
8 8157 8127 8128 8158 8225 8195 8196 8226 
8 8158 8128 8113 8111 8226 8196 8181 8179 
8 7223 7471 8159 7987 7224 7467 8227 7986 
8 7987 8159 8160 7982 7986 8227 8228 7981 
8 7982 8160 8161 7977 7981 8228 8229 7976 
8 7977 8161 8162 7972 7976 8229 8230 7971 
8 7972 8162 8163 7967 7971 8230 8231 7966 
8 7967 8163 8164 7962 7966 8231 8232 7961 
8 7962 8164 8165 7957 7961 8232 8233 7956 
8 7957 8165 8166 7952 7956 8233 8234 7951 
8 7952 8166 8167 7947 7951 8234 8235 7946 
8 7947 8167 8168 7942 7946 8235 8236 7941 
8 7942 8168 8169 7937 7941 8236 8237 7936 
8 7937 8169 8170 7932 7936 8237 8238 7931 
8 7932 8170 8171 7927 7931 8238 8239 7926 
8 7927 8171 8172 7922 7926 8239 8240 7921 
8 7922 8172 8173 7917 7921 8240 8241 7916 
8 7917 8173 8174 7912 7916 8241 8242 7911 
8 7912 8174 8175 7907 7911 8242 8243 7906 
8 7907 8175 7246 7205 7906 8243 7242 7206 
8 7471 7472 8176 8159 7467 7468 8244 8227 
8 8175 8177 7245 7246 8243 8245 7241 7242 
8 7472 7473 8178 8176 7468 7469 8246 8244 
8 8177 8179 7244 7245 8245 8247 7240 7241 
8 7473 7474 8180 8178 7469 7470 8248 8246 
8 8179 8181 7243 7244 8247 8249 7239 7240 
8 7474 7217 8009 8180 7470 7218 8008 8248 
8 8180 8009 8014 8182 8248 8008 8013 8250 
8 8182 8014 8019 8183 8250 8013 8018 8251 
8 8183 8019 8024 8184 8251 8018 8023 8252 
8 8184 8024 8029 8185 8252 8023 8028 8253 
8 8185 8029 8034 8186 8253 8028 8033 8254 
8 8186 8034 8039 8187 8254 8033 8038 8255 
8 8187 8039 8044 8188 8255 8038 8043 8256 
8 8188 8044 8049 8189 8256 8043 8048 8257 
8 8189 8049 8054 8190 8257 8048 8053 8258 
8 8190 8054 8059 8191 8258 8053 8058 8259 
8 8191 8059 8064 8192 8259 8058 8063 8260 
8 8192 8064 8069 8193 8260 8063 8068 8261 
8 8193 8069 8074 8194 8261 8068 8073 8262 
8 8194 8074 8079 8195 8262 8073 8078 8263 
8 8195 8079 8084 8196 8263 8078 8083 8264 
8 8196 8084 8089 8181 8264 8083 8088 8249 
8 8181 8089 7213 7243 8249 8088 7212 7239 
8 8159 8176 8197 8160 8227 8244 8265 8228 
8 8160 8197 8198 8161 8228 8265 8266 8229 
8 8161 8198 8199 8162 8229 8266 8267 8230 
8 8162 8199 8200 8163 8230 8267 8268 8231 
8 8163 8200 8201 8164 8231 8268 8269 8232 
8 8164 8201 8202 8165 8232 8269 8270 8233 
8 8165 8202 8203 8166 8233 8270 8271 8234 
8 8166 8203 8204 8167 8234 8271 8272 8235 
8 8167 8204 8205 8168 8235 8272 8273 8236 
8 8168 8205 8206 8169 8236 8273 8274 8237 
8 8169 8206 8207 8170 8237 8274 8275 8238 
8 8170 8207 8208 8171 8238 8275 8276 8239 
8 8171 8208 8209 8172 8239 8276 8277 8240 
8 8172 8209 8210 8173 8240 8277 8278 8241 
8 8173 8210 8211 8174 8241 8278 8279 8242 
8 8174 8211 8177 8175 8242 8279 8245 8243 
8 8176 8178 8212 8197 8244 8246 8280 8265 
8 8197 8212 8213 8198 8265 8280 8281 8266 
8 8198 8213 8214 8199 8266 8281 8282 8267 
8 8199 8214 8215 8200 8267 8282 8283 8268 
8 8200 8215 8216 8201 8268 8283 8284 8269 
8 8201 8216 8217 8202 8269 8284 8285 8270 
8 8202 8217 8218 8203 8270 8285 8286 8271 
8 8203 8218 8219 8204 8271 8286 8287 8272 
8 8204 8219 8220 8205 8272 8287 8288 8273 
8 8205 8220 8221 8206 8273 8288 8289 8274 
8 8206 8221 8222 8207 8274 8289 8290 8275 
8 8207 8222 8223 8208 8275 8290 8291 8276 
8 8208 8223 8224 8209 8276 8291 8292 8277 
8 8209 8224 8225 8210 8277 8292 8293 8278 
8 8210 8225 8226 8211 8278 8293 8294 8279 
8 8211 8226 8179 8177 8279 8294 8247 8245 
8 8178 8180 8182 8212 8246 8248 8250 8280 
8 8212 8182 8183 8213 8280 8250 8251 8281 
8 8213 8183 8184 8214 8281 8251 8252 8282 
8 8214 8184 8185 8215 8282 8252 8253 8283 
8 8215 8185 8186 8216 8283 8253 8254 8284 
8 8216 8186 8187 8217 8284 8254 8255 8285 
8 8217 8187 8188 8218 8285 8255 8256 8286 
8 8218 8188 8189 8219 8286 8256 8257 8287 
8 8219 8189 8190 8220 8287 8257 8258 8288 
8 8220 8190 8191 8221 8288 8258 8259 8289 
8 8221 8191 8192 8222 8289 8259 8260 8290 
8 8222 8192 8193 8223 8290 8260 8261 8291 
8 8223 8193 8194 8224 8291 8261 8262 8292 
8 8224 8194 8195 8225 8292 8262 8263 8293 
8 8225 8195 8196 8226 8293 8263 8264 8294 
8 8226 8196 8181 8179 8294 8264 8249 8247 
8 7224 7467 8227 7986 7225 7463 8295 7985 
8 7986 8227 8228 7981 7985 8295 8296 7980 
8 7981 8228 8229 7976 7980 8296 8297 7975 
8 7976 8229 8230 7971 7975 8297 8298 7970 
8 7971 8230 8231 7966 7970 8298 8299 7965 
8 7966 8231 8232 7961 7965 8299 8300 7960 
8 7961 8232 8233 7956 7960 8300 8301 7955 
8 7956 8233 8234 7951 7955 8301 8302 7950 
8 7951 8234 8235 7946 7950 8302 8303 7945 
8 7946 8235 8236 7941 7945 8303 8304 7940 
8 7941 8236 8237 7936 7940 8304 8305 7935 
8 7936 8237 8238 7931 7935 8305 8306 7930 
8 7931 8238 8239 7926 7930 8306 8307 7925 
8 7926 8239 8240 7921 7925 8307 8308 7920 
8 7921 8240 8241 7916 7920 8308 8309 7915 
8 7916 8241 8242 7911 7915 8309 8310 7910 
8 7911 8242 8243 7906 7910 8310 8311 7905 
8 7906 8243 7242 7206 7905 8311 7238 7207 
8 7467 7468 8244 8227 7463 7464 8312 8295 
8 8243 8245 7241 7242 8311 8313 7237 7238 
8 7468 7469 8246 8244 7464 7465 8314 8312 
8 8245 8247 7240 7241 8313 8315 7236 7237 
8 7469 7470 8248 8246 7465 7466 8316 8314 
8 8247 8249 7239 7240 8315 8317 7235 7236 
8 7470 7218 8008 8248 7466 7219 8007 8316 
8 8248 8008 8013 8250 8316 8007 8012 8318 
8 8250 8013 8018 8251 8318 8012 8017 8319 
8 8251 8018 8023 8252 8319 8017 8022 8320 
8 8252 8023 8028 8253 8320 8022 8027 8321 
8 8253 8028 8033 8254 8321 8027 8032 8322 
8 8254 8033 8038 8255 8322 8032 8037 8323 
8 8255 8038 8043 8256 8323 8037 8042 8324 
8 8256 8043 8048 8257 8324 8042 8047 8325 
8 8257 8048 8053 8258 8325 8047 8052 8326 
8 8258 8053 8058 8259 8326 8052 8057 8327 
8 8259 8058 8063 8260 8327 8057 8062 8328 
8 8260 8063 8068 8261 8328 8062 8067 8329 
8 8261 8068 8073 8262 8329 8067 8072 8330 
8 8262 8073 8078 8263 8330 8072 8077 8331 
8 8263 8078 8083 8264 8331 8077 8082 8332 
8 8264 8083 8088 8249 8332 8082 8087 8317 
8 8249 8088 7212 7239 8317 8087 7211 7235 
8 8227 8244 8265 8228 8295 8312 8333 8296 
8 8228 8265 8266 8229 8296 8333 8334 8297 
8 8229 8266 8267 8230 8297 8334 8335 8298 
8 8230 8267 8268 8231 8298 8335 8336 8299 
8 8231 8268 8269 8232 8299 8336 8337 8300 
8 8232 8269 8270 8233 8300 8337 8338 8301 
8 8233 8270 8271 8234 8301 8338 8339 8302 
8 8234 8271 8272 8235 8302 8339 8340 8303 
8 8235 8272 8273 8236 8303 8340 8341 8304 
8 8236 8273 8274 8237 8304 8341 8342 8305 
8 8237 8274 8275 8238 8305 8342 8343 8306 
8 8238 8275 8276 8239 8306 8343 8344 8307 
8 8239 8276 8277 8240 8307 8344 8345 8308 
8 8240 8277 8278 8241 8308 8345 8346 8309 
8 8241 8278 8279 8242 8309 8346 8347 8310 
8 8242 8279 8245 8243 8310 8347 8313 8311 
8 8244 8246 8280 8265 8312 8314 8348 8333 
8 8265 8280 8281 8266 8333 8348 8349 8334 
8 8266 8281 8282 8267 8334 8349 8350 8335 
8 8267 8282 8283 8268 8335 8350 8351 8336 
8 8268 8283 8284 8269 8336 8351 8352 8337 
8 8269 8284 8285 8270 8337 8352 8353 8338 
8 8270 8285 8286 8271 8338 8353 8354 8339 
8 8271 8286 8287 8272 8339 8354 8355 8340 
8 8272 8287 8288 8273 8340 8355 8356 8341 
8 8273 8288 8289 8274 8341 8356 8357 8342 
8 8274 8289 8290 8275 8342 8357 8358 8343 
8 8275 8290 8291 8276 8343 8358 8359 8344 
8 8276 8291 8292 8277 8344 8359 8360 8345 
8 8277 8292 8293 8278 8345 8360 8361 8346 
8 8278 8293 8294 8279 8346 8361 8362 8347 
8 8279 8294 8247 8245 8347 8362 8315 8313 
8 8246 8248 8250 8280 8314 8316 8318 8348 
8 8280 8250 8251 8281 8348 8318 8319 8349 
8 8281 8251 8252 8282 8349 8319 8320 8350 
8 8282 8252 8253 8283 8350 8320 8321 8351 
8 8283 8253 8254 8284 8351 8321 8322 8352 
8 8284 8254 8255 8285 8352 8322 8323 8353 
8 8285 8255 8256 8286 8353 8323 8324 8354 
8 8286 8256 8257 8287 8354 8324 8325 8355 
8 8287 8257 8258 8288 8355 8325 8326 8356 
8 8288 8258 8259 8289 8356 8326 8327 8357 
8 8289 8259 8260 8290 8357 8327 8328 8358 
8 8290 8260 8261 8291 8358 8328 8329 8359 
8 8291 8261 8262 8292 8359 8329 8330 8360 
8 8292 8262 8263 8293 8360 8330 8331 8361 
8 8293 8263 8264 8294 8361 8331 8332 8362 
8 8294 8264 8249 8247 8362 8332 8317 8315 
8 7225 7463 8295 7985 7226 7459 8363 7984 
8 7985 8295 8296 7980 7984 8363 8364 7979 
8 7980 8296 8297 7975 7979 8364 8365 7974 
8 7975 8297 8298 7970 7974 8365 8366 7969 
8 7970 8298 8299 7965 7969 8366 8367 7964 
8 7965 8299 8300 7960 7964 8367 8368 7959 
8 7960 8300 8301 7955 7959 8368 8369 7954 
8 7955 8301 8302 7950 7954 8369 8370 7949 
8 7950 8302 8303 7945 7949 8370 8371 7944 
8 7945 8303 8304 7940 7944 8371 8372 7939 
8 7940 8304 8305 7935 7939 8372 8373 7934 
8 7935 8305 8306 7930 7934 8373 8374 7929 
8 7930 8306 8307 7925 7929 8374 8375 7924 
8 7925 8307 8308 7920 7924 8375 8376 7919 
8 7920 8308 8309 7915 7919 8376 8377 7914 
8 7915 8309 8310 7910 7914 8377 8378 7909 
8 7910 8310 8311 7905 7909 8378 8379 7904 
8 7905 8311 7238 7207 7904 8379 7234 7208 
8 7463 7464 8312 8295 7459 7460 8380 8363 
8 8311 8313 7237 7238 8379 8381 7233 7234 
8 7464 7465 8314 8312 7460 7461 8382 8380 
8 8313 8315 7236 7237 8381 8383 7232 7233 
8 7465 7466 8316 8314 7461 7462 8384 8382 
8 8315 8317 7235 7236 8383 8385 7231 7232 
8 7466 7219 8007 8316 7462 7220 8006 8384 
8 8316 8007 8012 8318 8384 8006 8011 8386 
8 8318 8012 8017 8319 8386 8011 8016 8387 
8 8319 8017 8022 8320 8387 8016 8021 8388 
8 8320 8022 8027 8321 8388 8021 8026 8389 
8 8321 8027 8032 8322 8389 8026 8031 8390 
8 8322 8032 8037 8323 8390 8031 8036 8391 
8 8323 8037 8042 8324 8391 8036 8041 8392 
8 8324 8042 8047 8325 8392 8041 8046 8393 
8 8325 8047 8052 8326 8393 8046 8051 8394 
8 8326 8052 8057 8327 8394 8051 8056 8395 
8 8327 8057 8062 8328 8395 8056 8061 8396 
8 8328 8062 8067 8329 8396 8061 8066 8397 
8 8329 8067 8072 8330 8397 8066 8071 8398 
8 8330 8072 8077 8331 8398 8071 8076 8399 
8 8331 8077 8082 8332 8399 8076 8081 8400 
8 8332 8082 8087 8317 8400 8081 8086 8385 
8 8317 8087 7211 7235 8385 8086 7210 7231 
8 8295 8312 8333 8296 8363 8380 8401 8364 
8 8296 8333 8334 8297 8364 8401 8402 8365 
8 8297 8334 8335 8298 8365 8402 8403 8366 
8 8298 8335 8336 8299 8366 8403 8404 8367 
8 8299 8336 8337 8300 8367 8404 8405 8368 
8 8300 8337 8338 8301 8368 8405 8406 8369 
8 8301 8338 8339 8302 8369 8406 8407 8370 
8 8302 8339 8340 8303 8370 8407 8408 8371 
8 8303 8340 8341 8304 8371 8408 8409 8372 
8 8304 8341 8342 8305 8372 8409 8410 8373 
8 8305 8342 8343 8306 8373 8410 8411 8374 
8 8306 8343 8344 8307 8374 8411 8412 8375 
8 8307 8344 8345 8308 8375 8412 8413 8376 
8 8308 8345 8346 8309 8376 8413 8414 8377 
8 8309 8346 8347 8310 8377 8414 8415 8378 
8 8310 8347 8313 8311 8378 8415 8381 8379 
8 8312 8314 8348 8333 8380 8382 8416 8401 
8 8333 8348 8349 8334 8401 8416 8417 8402 
8 8334 8349 8350 8335 8402 8417 8418 8403 
8 8335 8350 8351 8336 8403 8418 8419 8404 
8 8336 8351 8352 8337 8404 8419 8420 8405 
8 8337 8352 8353 8338 8405 8420 8421 8406 
8 8338 8353 8354 8339 8406 8421 8422 8407 
8 8339 8354 8355 8340 8407 8422 8423 8408 
8 8340 8355 8356 8341 8408 8423 8424 8409 
8 8341 8356 8357 8342 8409 8424 8425 8410 
8 8342 8357 8358 8343 8410 8425 8426 8411 
8 8343 8358 8359 8344 8411 8426 8427 8412 
8 8344 8359 8360 8345 8412 8427 8428 8413 
8 8345 8360 8361 8346 8413 8428 8429 8414 
8 8346 8361 8362 8347 8414 8429 8430 8415 
8 8347 8362 8315 8313 8415 8430 8383 8381 
8 8314 8316 8318 8348 8382 8384 8386 8416 
8 8348 8318 8319 8349 8416 8386 8387 8417 
8 8349 8319 8320 8350 8417 8387 8388 8418 
8 8350 8320 8321 8351 8418 8388 8389 8419 
8 8351 8321 8322 8352 8419 8389 8390 8420 
8 8352 8322 8323 8353 8420 8390 8391 8421 
8 8353 8323 8324 8354 8421 8391 8392 8422 
8 8354 8324 8325 8355 8422 8392 8393 8423 
8 8355 8325 8326 8356 8423 8393 8394 8424 
8 8356 8326 8327 8357 8424 8394 8395 8425 
8 8357 8327 8328 8358 8425 8395 8396 8426 
8 8358 8328 8329 8359 8426 8396 8397 8427 
8 8359 8329 8330 8360 8427 8397 8398 8428 
8 8360 8330 8331 8361 8428 8398 8399 8429 
8 8361 8331 8332 8362 8429 8399 8400 8430 
8 8362 8332 8317 8315 8430 8400 8385 8383 
8 7226 7459 8363 7984 7221 7458 8431 7903 
8 7984 8363 8364 7979 7903 8431 8432 7902 
8 7979 8364 8365 7974 7902 8432 8433 7901 
8 7974 8365 8366 7969 7901 8433 8434 7900 
8 7969 8366 8367 7964 7900 8434 8435 7899 
8 7964 8367 8368 7959 7899 8435 8436 7898 
8 7959 8368 8369 7954 7898 8436 8437 7897 
8 7954 8369 8370 7949 7897 8437 8438 7896 
8 7949 8370 8371 7944 7896 8438 8439 7895 
8 7944 8371 8372 7939 7895 8439 8440 7894 
8 7939 8372 8373 7934 7894 8440 8441 7893 
8 7934 8373 8374 7929 7893 8441 8442 7892 
8 7929 8374 8375 7924 7892 8442 8443 7891 
8 7924 8375 8376 7919 7891 8443 8444 7890 
8 7919 8376 8377 7914 7890 8444 8445 7889 
8 7914 8377 8378 7909 7889 8445 8446 7888 
8 7909 8378 8379 7904 7888 8446 8447 7887 
8 7904 8379 7234 7208 7887 8447 7227 7203 
8 7459 7460 8380 8363 7458 7457 8448 8431 
8 8379 8381 7233 7234 8447 8449 7228 7227 
8 7460 7461 8382 8380 7457 7456 8450 8448 
8 8381 8383 7232 7233 8449 8451 7229 7228 
8 7461 7462 8384 8382 7456 7455 8452 8450 
8 8383 8385 7231 7232 8451 8453 7230 7229 
8 7462 7220 8006 8384 7455 7215 7989 8452 
8 8384 8006 8011 8386 8452 7989 7990 8454 
8 8386 8011 8016 8387 8454 7990 7991 8455 
8 8387 8016 8021 8388 8455 7991 7992 8456 
8 8388 8021 8026 8389 8456 7992 7993 8457 
8 8389 8026 8031 8390 8457 7993 7994 8458 
8 8390 8031 8036 8391 8458 7994 7995 8459 
8 8391 8036 8041 8392 8459 7995 7996 8460 
8 8392 8041 8046 8393 8460 7996 7997 8461 
8 8393 8046 8051 8394 8461 7997 7998 8462 
8 8394 8051 8056 8395 8462 7998 7999 8463 
8 8395 8056 8061 8396 8463 7999 8000 8464 
8 8396 8061 8066 8397 8464 8000 8001 8465 
8 8397 8066 8071 8398 8465 8001 8002 8466 
8 8398 8071 8076 8399 8466 8002 8003 8467 
8 8399 8076 8081 8400 8467 8003 8004 8468 
8 8400 8081 8086 8385 8468 8004 8005 8453 
8 8385 8086 7210 7231 8453 8005 7209 7230 
8 8363 8380 8401 8364 8431 8448 8469 8432 
8 8364 8401 8402 8365 8432 8469 8470 8433 
8 8365 8402 8403 8366 8433 8470 8471 8434 
8 8366 8403 8404 8367 8434 8471 8472 8435 
8 8367 8404 8405 8368 8435 8472 8473 8436 
8 8368 8405 8406 8369 8436 8473 8474 8437 
8 8369 8406 8407 8370 8437 8474 8475 8438 
8 8370 8407 8408 8371 8438 8475 8476 8439 
8 8371 8408 8409 8372 8439 8476 8477 8440 
8 8372 8409 8410 8373 8440 8477 8478 8441 
8 8373 8410 8411 8374 8441 8478 8479 8442 
8 8374 8411 8412 8375 8442 8479 8480 8443 
8 8375 8412 8413 8376 8443 8480 8481 8444 
8 8376 8413 8414 8377 8444 8481 8482 8445 
8 8377 8414 8415 8378 8445 8482 8483 8446 
8 8378 8415 8381 8379 8446 8483 8449 8447 
8 8380 8382 8416 8401 8448 8450 8484 8469 
8 8401 8416 8417 8402 8469 8484 8485 8470 
8 8402 8417 8418 8403 8470 8485 8486 8471 
8 8403 8418 8419 8404 8471 8486 8487 8472 
8 8404 8419 8420 8405 8472 8487 8488 8473 
8 8405 8420 8421 8406 8473 8488 8489 8474 
8 8406 8421 8422 8407 8474 8489 8490 8475 
8 8407 8422 8423 8408 8475 8490 8491 8476 
8 8408 8423 8424 8409 8476 8491 8492 8477 
8 8409 8424 8425 8410 8477 8492 8493 8478 
8 8410 8425 8426 8411 8478 8493 8494 8479 
8 8411 8426 8427 8412 8479 8494 8495 8480 
8 8412 8427 8428 8413 8480 8495 8496 8481 
8 8413 8428 8429 8414 8481 8496 8497 8482 
8 8414 8429 8430 8415 8482 8497 8498 8483 
8 8415 8430 8383 8381 8483 8498 8451 8449 
8 8382 8384 8386 8416 8450 8452 8454 8484 
8 8416 8386 8387 8417 8484 8454 8455 8485 
8 8417 8387 8388 8418 8485 8455 8456 8486 
8 8418 8388 8389 8419 8486 8456 8457 8487 
8 8419 8389 8390 8420 8487 8457 8458 8488 
8 8420 8390 8391 8421 8488 8458 8459 8489 
8 8421 8391 8392 8422 8489 8459 8460 8490 
8 8422 8392 8393 8423 8490 8460 8461 8491 
8 8423 8393 8394 8424 8491 8461 8462 8492 
8 8424 8394 8395 8425 8492 8462 8463 8493 
8 8425 8395 8396 8426 8493 8463 8464 8494 
8 8426 8396 8397 8427 8494 8464 8465 8495 
8 8427 8397 8398 8428 8495 8465 8466 8496 
8 8428 8398 8399 8429 8496 8466 8467 8497 
8 8429 8399 8400 8430 8497 8467 8468 8498 
8 8430 8400 8385 8383 8498 8468 8453 8451 
CELL_TYPES 7472
12
12
12
12
12
12
12
12
12
12
12
12
12
12
12
12
12
12
12
12
12
12
12
12
12
12
12
12
12
12
12
12
12
12
12
12
12
12
12
12
12
12
12
12
12
12
12
12
12
12
12
12
12
12
12
12
12
12
12
12
12
12
12
12
12
12
12
12
12
12
12
12
12
12
12
12
12
12
12
12
12
12
12
12
12
12
12
12
12
12
12
12
12
12
12
12
12
12
12
12
12
12
12
12
12
12
12
12
12
12
12
12
12
12
12
12
12
12
12
12
12
12
12
12
12
12
12
12
12
12
12
12
12
12
12
12
12
12
12
12
12
12
12
12
12
12
12
12
12
12
12
12
12
12
12
12
12
12
12
12
12
12
12
12
12
12
12
12
12
12
12
12
12
12
12
12
12
12
12
12
12
12
12
12
12
12
12
12
12
12
12
12
12
12
12
12
12
12
12
12
12
12
12
12
12
12
12
12
12
12
12
12
12
12
12
12
12
12
12
12
12
12
12
12
12
12
12
12
12
12
12
12
12
12
12
12
12
12
12
12
12
12
12
12
12
12
12
12
12
12
12
12
12
12
12
12
12
12
12
12
12
12
12
12
12
12
12
12
12
12
12
12
12
12
12
12
12
12
12
12
12
12
12
12
12
12
12
12
12
12
12
12
12
12
12
12
12
12
12
12
12
12
12
12
12
12
12
12
12
12
12
12
12
12
12
12
12
12
12
12
12
12
12
12
12
12
12
12
12
12
12
12
12
12
12
12
12
12
12
12
12
12
12
12
12
12
12
12
12
12
12
12
12
12
12
12
12
12
12
12
12
12
12
12
12
12
12
12
12
12
12
12
12
12
12
12
12
12
12
12
12
12
12
12
12
12
12
12
12
12
12
12
12
12
12
12
12
12
12
12
12
12
12
12
12
12
12
12
12
12
12
12
12
12
12
12
12
12
12
12
12
12
12
12
12
12
12
12
12
12
12
12
12
12
12
12
12
12
12
12
12
12
12
12
12
12
12
12
12
12
12
12
12
12
12
12
12
12
12
12
12
12
12
12
12
12
12
12
12
12
12
12
12
12
12
12
12
12
12
12
12
12
12
12
12
12
12
12
12
12
12
12
12
12
12
12
12
12
12
12
12
12
12
12
12
12
12
12
12
12
12
12
12
12
12
12
12
12
12
12
12
12
12
12
12
12
12
12
12
12
12
12
12
12
12
12
12
12
12
12
12
12
12
12
12
12
12
12
12
12
12
12
12
12
12
12
12
12
12
12
12
12
12
12
12
12
12
12
12
12
12
12
12
12
12
12
12
12
12
12
12
12
12
12
12
12
12
12
12
12
12
12
12
12
12
12
12
12
12
12
12
12
12
12
12
12
12
12
12
12
12
12
12
12
12
12
12
12
12
12
12
12
12
12
12
12
12
12
12
12
12
12
12
12
12
12
12
12
12
12
12
12
12
12
12
12
12
12
12
12
12
12
12
12
12
12
12
12
12
12
12
12
12
12
12
12
12
12
12
12
12
12
12
12
12
12
12
12
12
12
12
12
12
12
12
12
12
12
12
12
12
12
12
12
12
12
12
12
12
12
12
12
12
12
12
12
12
12
12
12
12
12
12
12
12
12
12
12
12
12
12
12
12
12
12
12
12
12
12
12
12
12
12
12
12
12
12
12
12
12
12
12
12
12
12
12
12
12
12
12
12
12
12
12
12
12
12
12
12
12
12
12
12
12
12
12
12
12
12
12
12
12
12
12
12
12
12
12
12
12
12
12
12
12
12
12
12
12
12
12
12
12
12
12
12
12
12
12
12
12
12
12
12
12
12
12
12
12
12
12
12
12
12
12
12
12
12
12
12
12
12
12
12
12
12
12
12
12
12
12
12
12
12
12
12
12
12
12
12
12
12
12
12
12
12
12
12
12
12
12
12
12
12
12
12
12
12
12
12
12
12
12
12
12
12
12
12
12
12
12
12
12
12
12
12
12
12
12
12
12
12
12
12
12
12
12
12
12
12
12
12
12
12
12
12
12
12
12
12
12
12
12
12
12
12
12
12
12
12
12
12
12
12
12
12
12
12
12
12
12
12
12
12
12
12
12
12
12
12
12
12
12
12
12
12
12
12
12
12
12
12
12
12
12
12
12
12
12
12
12
12
12
12
12
12
12
12
12
12
12
12
12
12
12
12
12
12
12
12
12
12
12
12
12
12
12
12
12
12
12
12
12
12
12
12
12
12
12
12
12
12
12
12
12
12
12
12
12
12
12
12
12
12
12
12
12
12
12
12
12
12
12
12
12
12
12
12
12
12
12
12
12
12
12
12
12
12
12
12
12
12
12
12
12
12
12
12
12
12
12
12
12
12
12
12
12
12
12
12
12
12
12
12
12
12
12
12
12
12
12
12
12
12
12
12
12
12
12
12
12
12
12
12
12
12
12
12
12
12
12
12
12
12
12
12
12
12
12
12
12
12
12
12
12
12
12
12
12
12
12
12
12
12
12
12
12
12
12
12
12
12
12
12
12
12
12
12
12
12
12
12
12
12
12
12
12
12
12
12
12
12
12
12
12
12
12
12
12
12
12
12
12
12
12
12
12
12
12
12
12
12
12
12
12
12
12
12
12
12
12
12
12
12
12
12
12
12
12
12
12
12
12
12
12
12
12
12
12
12
12
12
12
12
12
12
12
12
12
12
12
12
12
12
12
12
12
12
12
12
12
12
12
12
12
12
12
12
12
12
12
12
12
12
12
12
12
12
12
12
12
12
12
12
12
12
12
12
12
12
12
12
12
12
12
12
12
12
12
12
12
12
12
12
12
12
12
12
12
12
12
12
12
12
12
12
12
12
12
12
12
12
12
12
12
12
12
12
12
12
12
12
12
12
12
12
12
12
12
12
12
12
12
12
12
12
12
12
12
12
12
12
12
12
12
12
12
12
12
12
12
12
12
12
12
12
12
12
12
12
12
12
12
12
12
12
12
12
12
12
12
12
12
12
12
12
12
12
12
12
12
12
12
12
12
12
12
12
12
12
12
12
12
12
12
12
12
12
12
12
12
12
12
12
12
12
12
12
12
12
12
12
12
12
12
12
12
12
12
12
12
12
12
12
12
12
12
12
12
12
12
12
12
12
12
12
12
12
12
12
12
12
12
12
12
12
12
12
12
12
12
12
12
12
12
12
12
12
12
12
12
12
12
12
12
12
12
12
12
12
12
12
12
12
12
12
12
12
12
12
12
12
12
12
12
12
12
12
12
12
12
12
12
12
12
12
12
12
12
12
12
12
12
12
12
12
12
12
12
12
12
12
12
12
12
12
12
12
12
12
12
12
12
12
12
12
12
12
12
12
12
12
12
12
12
12
12
12
12
12
12
12
12
12
12
12
12
12
12
12
12
12
12
12
12
12
12
12
12
12
12
12
12
12
12
12
12
12
12
12
12
12
12
12
12
12
12
12
12
12
12
12
12
12
12
12
12
12
12
12
12
12
12
12
12
12
12
12
12
12
12
12
12
12
12
12
12
12
12
12
12
12
12
12
12
12
12
12
12
12
12
12
12
12
12
12
12
12
12
12
12
12
12
12
12
12
12
12
12
12
12
12
12
12
12
12
12
12
12
12
12
12
12
12
12
12
12
12
12
12
12
12
12
12
12
12
12
12
12
12
12
12
12
12
12
12
12
12
12
12
12
12
12
12
12
12
12
12
12
12
12
12
12
12
12
12
12
12
12
12
12
12
12
12
12
12
12
12
12
12
12
12
12
12
12
12
12
12
12
12
12
12
12
12
12
12
12
12
12
12
12
12
12
12
12
12
12
12
12
12
12
12
12
12
12
12
12
12
12
12
12
12
12
12
12
12
12
12
12
12
12
12
12
12
12
12
12
12
12
12
12
12
12
12
12
12
12
12
12
12
12
12
12
12
12
12
12
12
12
12
12
12
12
12
12
12
12
12
12
12
12
12
12
12
12
12
12
12
12
12
12
12
12
12
12
12
12
12
12
12
12
12
12
12
12
12
12
12
12
12
12
12
12
12
12
12
12
12
12
12
12
12
12
12
12
12
12
12
12
12
12
12
12
12
12
12
12
12
12
12
12
12
12
12
12
12
12
12
12
12
12
12
12
12
12
12
12
12
12
12
12
12
12
12
12
12
12
12
12
12
12
12
12
12
12
12
12
12
12
12
12
12
12
12
12
12
12
12
12
12
12
12
12
12
12
12
12
12
12
12
12
12
12
12
12
12
12
12
12
12
12
12
12
12
12
12
12
12
12
12
12
12
12
12
12
12
12
12
12
12
12
12
12
12
12
12
12
12
12
12
12
12
12
12
12
12
12
12
12
12
12
12
12
12
12
12
12
12
12
12
12
12
12
12
12
12
12
12
12
12
12
12
12
12
12
12
12
12
12
12
12
12
12
12
12
12
12
12
12
12
12
12
12
12
12
12
12
12
12
12
12
12
12
12
12
12
12
12
12
12
12
12
12
12
12
12
12
12
12
12
12
12
12
12
12
12
12
12
12
12
12
12
12
12
12
12
12
12
12
12
12
12
12
12
12
12
12
12
12
12
12
12
12
12
12
12
12
12
12
12
12
12
12
12
12
12
12
12
12
12
12
12
12
12
12
12
12
12
12
12
12
12
12
12
12
12
12
12
12
12
12
12
12
12
12
12
12
12
12
12
12
12
12
12
12
12
12
12
12
12
12
12
12
12
12
12
12
12
12
12
12
12
12
12
12
12
12
12
12
12
12
12
12
12
12
12
12
12
12
12
12
12
12
12
12
12
12
12
12
12
12
12
12
12
12
12
12
12
12
12
12
12
12
12
12
12
12
12
12
12
12
12
12
12
12
12
12
12
12
12
12
12
12
12
12
12
12
12
12
12
12
12
12
12
12
12
12
12
12
12
12
12
12
12
12
12
12
12
12
12
12
12
12
12
12
12
12
12
12
12
12
12
12
12
12
12
12
12
12
12
12
12
12
12
12
12
12
12
12
12
12
12
12
12
12
12
12
12
12
12
12
12
12
12
12
12
12
12
12
12
12
12
12
12
12
12
12
12
12
12
12
12
12
12
12
12
12
12
12
12
12
12
12
12
12
12
12
12
12
12
12
12
12
12
12
12
12
12
12
12
12
12
12
12
12
12
12
12
12
12
12
12
12
12
12
12
12
12
12
12
12
12
12
12
12
12
12
12
12
12
12
12
12
12
12
12
12
12
12
12
12
12
12
12
12
12
12
12
12
12
12
12
12
12
12
12
12
12
12
12
12
12
12
12
12
12
12
12
12
12
12
12
12
12
12
12
12
12
12
12
12
12
12
12
12
12
12
12
12
12
12
12
12
12
12
12
12
12
12
12
12
12
12
12
12
12
12
12
12
12
12
12
12
12
12
12
12
12
12
12
12
12
12
12
12
12
12
12
12
12
12
12
12
12
12
12
12
12
12
12
12
12
12
12
12
12
12
12
12
12
12
12
12
12
12
12
12
12
12
12
12
12
12
12
12
12
12
12
12
12
12
12
12
12
12
12
12
12
12
12
12
12
12
12
12
12
12
12
12
12
12
12
12
12
12
12
12
12
12
12
12
12
12
12
12
12
12
12
12
12
12
12
12
12
12
12
12
12
12
12
12
12
12
12
12
12
12
12
12
12
12
12
12
12
12
12
12
12
12
12
12
12
12
12
12
12
12
12
12
12
12
12
12
12
12
12
12
12
12
12
12
12
12
12
12
12
12
12
12
12
12
12
12
12
12
12
12
12
12
12
12
12
12
12
12
12
12
12
12
12
12
12
12
12
12
12
12
12
12
12
12
12
12
12
12
12
12
12
12
12
12
12
12
12
12
12
12
12
12
12
12
12
12
12
12
12
12
12
12
12
12
12
12
12
12
12
12
12
12
12
12
12
12
12
12
12
12
12
12
12
12
12
12
12
12
12
12
12
12
12
12
12
12
12
12
12
12
12
12
12
12
12
12
12
12
12
12
12
12
12
12
12
12
12
12
12
12
12
12
12
12
12
12
12
12
12
12
12
12
12
12
12
12
12
12
12
12
12
12
12
12
12
12
12
12
12
12
12
12
12
12
12
12
12
12
12
12
12
12
12
12
12
12
12
12
12
12
12
12
12
12
12
12
12
12
12
12
12
12
12
12
12
12
12
12
12
12
12
12
12
12
12
12
12
12
12
12
12
12
12
12
12
12
12
12
12
12
12
12
12
12
12
12
12
12
12
12
12
12
12
12
12
12
12
12
12
12
12
12
12
12
12
12
12
12
12
12
12
12
12
12
12
12
12
12
12
12
12
12
12
12
12
12
12
12
12
12
12
12
12
12
12
12
12
12
12
12
12
12
12
12
12
12
12
12
12
12
12
12
12
12
12
12
12
12
12
12
12
12
12
12
12
12
12
12
12
12
12
12
12
12
12
12
12
12
12
12
12
12
12
12
12
12
12
12
12
12
12
12
12
12
12
12
12
12
12
12
12
12
12
12
12
12
12
12
12
12
12
12
12
12
12
12
12
12
12
12
12
12
12
12
12
12
12
12
12
12
12
12
12
12
12
12
12
12
12
12
12
12
12
12
12
12
12
12
12
12
12
12
12
12
12
12
12
12
12
12
12
12
12
12
12
12
12
12
12
12
12
12
12
12
12
12
12
12
12
12
12
12
12
12
12
12
12
12
12
12
12
12
12
12
12
12
12
12
12
12
12
12
12
12
12
12
12
12
12
12
12
12
12
12
12
12
12
12
12
12
12
12
12
12
12
12
12
12
12
12
12
12
12
12
12
12
12
12
12
12
12
12
12
12
12
12
12
12
12
12
12
12
12
12
12
12
12
12
12
12
12
12
12
12
12
12
12
12
12
12
12
12
12
12
12
12
12
12
12
12
12
12
12
12
12
12
12
12
12
12
12
12
12
12
12
12
12
12
12
12
12
12
12
12
12
12
12
12
12
12
12
12
12
12
12
12
12
12
12
12
12
12
12
12
12
12
12
12
12
12
12
12
12
12
12
12
12
12
12
12
12
12
12
12
12
12
12
12
12
12
12
12
12
12
12
12
12
12
12
12
12
12
12
12
12
12
12
12
12
12
12
12
12
12
12
12
12
12
12
12
12
12
12
12
12
12
12
12
12
12
12
12
12
12
12
12
12
12
12
12
12
12
12
12
12
12
12
12
12
12
12
12
12
12
12
12
12
12
12
12
12
12
12
12
12
12
12
12
12
12
12
12
12
12
12
12
12
12
12
12
12
12
12
12
12
12
12
12
12
12
12
12
12
12
12
12
12
12
12
12
12
12
12
12
12
12
12
12
12
12
12
12
12
12
12
12
12
12
12
12
12
12
12
12
12
12
12
12
12
12
12
12
12
12
12
12
12
12
12
12
12
12
12
12
12
12
12
12
12
12
12
12
12
12
12
12
12
12
12
12
12
12
12
12
12
12
12
12
12
12
12
12
12
12
12
12
12
12
12
12
12
12
12
12
12
12
12
12
12
12
12
12
12
12
12
12
12
12
12
12
12
12
12
12
12
12
12
12
12
12
12
12
12
12
12
12
12
12
12
12
12
12
12
12
12
12
12
12
12
12
12
12
12
12
12
12
12
12
12
12
12
12
12
12
12
12
12
12
12
12
12
12
12
12
12
12
12
12
12
12
12
12
12
12
12
12
12
12
12
12
12
12
12
12
12
12
12
12
12
12
12
12
12
12
12
12
12
12
12
12
12
12
12
12
12
12
12
12
12
12
12
12
12
12
12
12
12
12
12
12
12
12
12
12
12
12
12
12
12
12
12
12
12
12
12
12
12
12
12
12
12
12
12
12
12
12
12
12
12
12
12
12
12
12
12
12
12
12
12
12
12
12
12
12
12
12
12
12
12
12
12
12
12
12
12
12
12
12
12
12
12
12
12
12
12
12
12
12
12
12
12
12
12
12
12
12
12
12
12
12
12
12
12
12
12
12
12
12
12
12
12
12
12
12
12
12
12
12
12
12
12
12
12
12
12
12
12
12
12
12
12
12
12
12
12
12
12
12
12
12
12
12
12
12
12
12
12
12
12
12
12
12
12
12
12
12
12
12
12
12
12
12
12
12
12
12
12
12
12
12
12
12
12
12
12
12
12
12
12
12
12
12
12
12
12
12
12
12
12
12
12
12
12
12
12
12
12
12
12
12
12
12
12
12
12
12
12
12
12
12
12
12
12
12
12
12
12
12
12
12
12
12
12
12
12
12
12
12
12
12
12
12
12
12
12
12
12
12
12
12
12
12
12
12
12
12
12
12
12
12
12
12
12
12
12
12
12
12
12
12
12
12
12
12
12
12
12
12
12
12
12
12
12
12
12
12
12
12
12
12
12
12
12
12
12
12
12
12
12
12
12
12
12
12
12
12
12
12
12
12
12
12
12
12
12
12
12
12
12
12
12
12
12
12
12
12
12
12
12
12
12
12
12
12
12
12
12
12
12
12
12
12
12
12
12
12
12
12
12
12
12
12
12
12
12
12
12
12
12
12
12
12
12
12
12
12
12
12
12
12
12
12
12
12
12
12
12
12
12
12
12
12
12
12
12
12
12
12
12
12
12
12
12
12
12
12
12
12
12
12
12
12
12
12
12
12
12
12
12
12
12
12
12
12
12
12
12
12
12
12
12
12
12
12
12
12
12
12
12
12
12
12
12
12
12
12
12
12
12
12
12
12
12
12
12
12
12
12
12
12
12
12
12
12
12
12
12
12
12
12
12
12
12
12
12
12
12
12
12
12
12
12
12
12
12
12
12
12
12
12
12
12
12
12
12
12
12
12
12
12
12
12
12
12
12
12
12
12
12
12
12
12
12
12
12
12
12
12
12
12
12
12
12
12
12
12
12
12
12
12
12
12
12
12
12
12
12
12
12
12
12
12
12
12
12
12
12
12
12
12
12
12
12
12
12
12
12
12
12
12
12
12
12
12
12
12
12
12
12
12
12
12
12
12
12
12
12
12
12
12
12
12
12
12
12
12
12
12
12
12
12
12
12
12
12
12
12
12
12
12
12
12
12
12
12
12
12
12
12
12
12
12
12
12
12
12
12
12
12
12
12
12
12
12
12
12
12
12
12
12
12
12
12
12
12
12
12
12
12
12
12
12
12
12
12
12
12
12
12
12
12
12
12
12
12
12
12
12
12
12
12
12
12
12
12
12
12
12
12
12
12
12
12
12
12
12
12
12
12
12
12
12
12
12
12
12
12
12
12
12
12
12
12
12
12
12
12
12
12
12
12
12
12
12
12
12
12
12
12
12
12
12
12
12
12
12
12
12
12
12
12
12
12
12
12
12
12
12
12
12
12
12
12
12
12
12
12
12
12
12
12
12
12
12
12
12
12
12
12
12
12
12
12
12
12
12
12
12
12
12
12
12
12
12
12
12
12
12
12
12
12
12
12
12
12
12
12
12
12
12
12
12
12
12
12
12
12
12
12
12
12
12
12
12
12
12
12
12
12
12
12
12
12
12
12
12
12
12
12
12
12
12
12
12
12
12
12
12
12
12
12
12
12
12
12
12
12
12
12
12
12
12
12
12
12
12
12
12
12
12
12
12
12
12
12
12
12
12
12
12
12
12
12
12
12
12
12
12
12
12
12
12
12
12
12
12
12
12
12
12
12
12
12
12
12
12
12
12
12
12
12
12
12
12
12
12
12
12
12
12
12
12
12
12
12
12
12
12
12
12
12
12
12
12
12
12
12
12
12
12
12
12
12
12
12
12
12
12
12
12
12
12
12
12
12
12
12
12
12
12
12
12
12
12
12
12
12
12
12
12
12
12
12
12
12
12
12
12
12
12
12
12
12
12
12
12
12
12
12
12
12
12
12
12
12
12
12
12
12
12
12
12
12
12
12
12
12
12
12
12
12
12
12
12
12
12
12
12
12
12
12
12
12
12
12
12
12
12
12
12
12
12
12
12
12
12
12
12
12
12
12
12
12
12
12
12
12
12
12
12
12
12
12
12
12
12
12
12
12
12
12
12
12
12
12
12
12
12
12
12
12
12
12
12
12
12
12
12
12
12
12
12
12
12
12
12
12
12
12
12
12
12
12
12
12
12
12
12
12
12
12
12
12
12
12
12
12
12
12
12
12
12
12
12
12
12
12
12
12
12
12
12
12
12
12
12
12
12
12
12
12
12
12
12
12
12
12
12
12
12
12
12
12
12
12
12
12
12
12
12
12
12
12
12
12
12
12
12
12
12
12
12
12
12
12
12
12
12
12
12
12
12
12
12
12
12
12
12
12
12
12
12
12
12
12
12
12
12
12
12
12
12
12
12
12
12
12
12
12
12
12
12
12
12
12
12
12
12
12
12
12
12
12
12
12
12
12
12
12
12
12
12
12
12
12
12
12
12
12
12
12
12
12
12
12
12
12
12
12
12
12
12
12
12
12
12
12
12
12
12
12
12
12
12
12
12
12
12
12
12
12
12
12
12
12
12
12
12
12
12
12
12
12
12
12
12
12
12
12
12
12
12
12
12
12
12
12
12
12
12
12
12
12
12
12
12
12
12
12
12
12
12
12
12
12
12
12
12
12
12
12
12
12
12
12
12
12
12
12
12
12
12
12
12
12
12
12
12
12
12
12
12
12
12
12
12
12
12
12
12
12
12
12
12
12
12
12
12
12
12
12
12
12
12
12
12
12
12
12
12
12
12
12
12
12
12
12
12
12
12
12
12
12
12
12
12
12
12
12
12
12
12
12
12
12
12
12
12
12
12
12
12
12
12
12
12
12
12
12
12
12
12
12
12
12
12
12
12
12
12
12
12
12
12
12
12
12
12
12
12
12
12
12
12
12
12
12
12
12
12
12
12
12
12
12
12
12
12
12
12
12
12
12
12
12
12
12
12
12
12
12
12
12
12
12
12
12
12
12
12
12
12
12
12
12
12
12
12
12
12
12
12
12
12
12
12
12
12
12
12
12
12
12
12
12
12
12
12
12
12
12
12
12
12
12
12
12
12
12
12
12
12
12
12
12
12
12
12
12
12
12
12
12
12
12
12
12
12
12
12
12
12
12
12
12
12
12
12
12
12
12
12
12
12
12
12
12
12
12
12
12
12
12
12
12
12
12
12
12
12
12
12
12
12
12
12
12
12
12
12
12
12
12
12
12
12
12
12
12
12
12
12
12
12
12
12
12
12
12
12
12
12
12
12
12
12
12
12
12
12
12
12
12
12
12
12
12
12
12
12
12
12
12
12
12
12
12
12
12
12
12
12
12
12
12
12
12
12
12
12
12
12
12
12
12
12
12
12
12
12
12
12
12
12
12
12
12
12
12
12
12
12
12
12
12
12
12
12
12
12
12
12
12
12
12
12
12
12
12
12
12
12
12
12
12
12
12
12
12
12
12
12
12
12
12
12
12
12
12
12
12
12
12
12
12
12
12
12
12
12
12
12
12
12
12
12
12
12
12
12
12
12
12
12
12
12
12
12
12
12
12
12
12
12
12
12
12
12
12
12
12
12
12
12
12
12
12
12
12
12
12
12
12
12
12
12
12
12
12
12
12
12
12
12
12
12
12
12
12
12
12
12
12
12
12
12
12
12
12
12
12
12
12
12
12
12
12
12
12
12
12
12
12
12
12
12
12
12
12
12
12
12
12
12
12
12
12
12
12
12
12
12
12
12
12
12
12
12
12
12
12
12
12
12
12
12
12
12
12
12
12
12
12
12
12
12
12
12
12
12
12
12
12
12
12
12
12
12
12
12
12
12
12
12
12
12
12
12
12
12
12
12
12
12
12
12
12
12
12
12
12
12
12
12
12
12
12
12
12
12
12
12
12
12
12
12
12
12
12
12
12
12
12
12
12
12
12
12
12
12
12
12
12
12
12
12
12
12
12
12
12
12
12
12
12
12
12
12
12
12
12
12
12
12
12
12
12
12
12
12
12
12
12
12
12
12
12
12
12
12
12
12
12
12
12
12
12
12
12
12
12
12
12
12
12
12
12
12
12
12
12
12
12
12
12
12
12
12
12
12
12
12
12
12
12
12
12
12
12
12
12
12
12
12
12
12
12
12
12
12
12
12
12
12
12
12
12
12
12
12
12
12
12
12
12
12
12
12
12
12
12
12
12
12
12
12
12
12
12
12
12
12
12
12
12
12
12
12
12
12
12
12
12
12
12
12
12
12
12
12
12
12
12
12
12
12
12
12
12
12
12
12
12
12
12
12
12
12
12
12
12
12
12
12
12
12
12
12
12
12
12
12
12
12
12
12
12
12
12
12
12
12
12
12
12
12
12
12
12
12
12
12
12
12
12
12
12
12
12
12
12
12
12
12
12
12
12
12
12
12
12
12
12
12
12
12
12
12
12
12
12
12
12
12
12
12
12
12
12
12
12
12
12
12
12
12
12
12
12
12
12
12
12
12
12
12
12
12
12
12
12
12
12
12
12
12
12
12
12
12
12
12
12
12
12
12
12
12
12
12
12
12
12
12
12
12
12
12
12
12
12
12
12
12
12
12
12
12
12
12
12
12
12
12
12
12
12
12
12
12
12
12
12
12
12
12
12
12
12
12
12
12
12
12
12
12
12
12
12
12
12
12
12
12
12
12
12
12
12
12
12
12
12
12
12
12
12
12
12
12
12
12
12
12
12
12
12
12
12
12
12
12
12
12
12
12
12
12
12
12
12
12
12
12
12
12
12
12
12
12
12
12
12
12
12
12
12
12
12
12
12
12
12
12
12
12
12
12
12
12
12
12
12
12
12
12
12
12
12
12
12
12
12
12
12
12
12
12
12
12
12
12
12
12
12
12
12
12
12
12
12
12
12
12
12
12
12
12
12
12
12
12
12
12
12
12
12
12
12
12
12
12
12
12
12
12
12
12
12
12
12
12
12
12
12
12
12
12
12
12
12
12
12
12
12
12
12
12
12
12
12
12
12
12
12
12
12
12
12
12
12
12
12
12
12
12
12
12
12
12
12
12
12
12
12
12
12
12
12
12
12
12
12
12
12
12
12
12
12
12
12
12
12
12
12
12
12
12
12
12
12
12
12
12
12
12
12
12
12
12
12
12
12
12
12
12
12
12
12
12
12
12
12
12
12
12
12
12
12
12
12
12
12
12
12
12
12
12
12
12
12
12
12
12
12
12
12
12
12
12
12
12
12
12
12
12
12
12
12
12
12
12
12
12
12
12
12
12
12
12
12
12
12
12
12
12
12
12
12
12
12
12
12
12
12
12
12
12
12
12
12
12
12
12
12
12
12
12
12
12
12
12
12
12
12
12
12
12
12
12
12
12
12
12
12
12
12
12
12
12
12
12
12
12
12
12
12
12
12
12
12
12
12
12
12
12
12
12
12
12
12
12
12
12
12
12
12
12
12
12
12
12
12
12
12
12
12
12
12
12
12
12
12
12
12
12
12
12
12
12
12
12
12
12
12
12
12
12
12
12
12
12
12
12
12
12
12
12
12
12
12
12
12
12
12
12
12
12
12
12
12
12
12
12
12
12
12
12
12
12
12
12
12
12
12
12
12
12
12
12
12
12
12
12
12
12
12
12
12
12
12
12
12
12
12
12
12
12
12
12
12
12
12
12
12
12
12
12
12
12
12
12
12
12
12
12
12
12
12
12
12
12
12
12
12
12
12
12
12
12
12
12
12
12
12
12
12
12
12
12
12
12
12
12
12
12
12
12
12
12
12
12
12
12
12
12
12
12
12
12
12
12
12
12
12
12
12
12
12
12
12
12
12
12
12
12
12
12
12
12
12
12
12
12
12
12
12
12
12
12
12
12
12
12
12
12
12
12
12
12
12
12
12
12
12
12
12
12
12
12
12
12
12
12
12
12
12
12
12
12
12
12
12
12
12
12
12
12
12
12
12
12
12
12
12
12
12
12
12
12
12
12
12
12
12
12
12
12
12
12
12
12
12
12
12
12
12
12
12
12
12
12
12
12
12
12
12
12
12
12
12
12
12
12
12
12
12
12
12
12
12
12
12
12
12
12
12
12
12
12
12
12
12
12
12
12
12
12
12
12
12
12
12
12
12
12
12
12
12
12
12
12
12
12
12
12
12
12
12
12
12
12
12
12
12
12
12
12
12
12
12
12
12
12
12
12
12
12
12
12
12
12
12
12
12
12
12
12
12
12
12
12
12
12
12
12
12
12
12
12
12
12
12
12
12
12
12
12
12
12
12
12
12
12
12
12
12
12
12
12
12
12
12
12
12
12
12
12
12
12
12
12
12
12
12
12
12
12
12
12
12
12
12
12
12
12
12
12
12
12
12
12
12
12
12
12
12
12
12
12
12
12
12
12
12
12
12
12
12
12
12
12
12
12
12
12
12
12
12
12
12
12
12
12
12
12
12
12
12
12
12
12
12
12
12
12
12
12
12
12
12
12
12
12
12
12
12
12
12
12
12
12
12
12
12
12
12
12
12
12
12
12
12
12
12
12
12
12
12
12
12
12
12
12
12
12
12
12
12
12
12
12
12
12
12
12
12
12
12
12
12
12
12
12
12
12
12
12
12
12
12
12
12
12
12
12
12
12
12
12
12
12
12
12
12
12
12
12
12
12
12
12
12
12
12
12
12
12
12
12
12
12
12
12
12
12
12
12
12
12
12
12
12
12
12
12
12
12
12
12
12
12
12
12
12
12
12
12
12
12
12
12
12
12
12
12
12
12
12
12
12
12
12
12
12
12
12
12
12
12
12
12
12
12
12
12
12
12
12
12
12
12
12
12
12
12
12
12
12
12
12
12
12
12
12
12
12
12
12
12
12
12
12
12
12
12
12
12
12
12
12
12
12
12
12
12
12
12
12
12
12
12
12
12
12
12
12
12
12
12
12
12
12
12
12
12
12
12
12
12
12
12
12
12
12
12
12
12
12
12
12
12
12
12
12
12
12
12
12
12
12
12
12
12
12
12
12
12
12
12
12
12
12
12
12
12
12
12
12
12
12
12
12
12
12
12
12
12
12
12
12
12
12
12
12
12
12
12
12
12
12
12
12
12
12
12
12
12
12
12
12
12
12
12
12
12
12
12
12
12
12
12
12
12
12
12
12
12
12
12
12
12
12
12
12
12
12
12
12
12
12
12
12
12
12
12
12
12
12
12
12
12
12
12
12
12
12
12
12
12
12
12
12
12
12
12
12
12
12
12
12
12
12
12
12
12
12
12
12
12
12
12
12
12
12
12
12
12
12
12
12
12
12
12
12
12
12
12
12
12
12
12
12
12
12
12
12
12
12
12
12
12
12
12
12
12
12
12
12
12
12
12
12
12
12
12
12
12
12
12
12
12
12
12
12
12
12
12
12
12
12
12
12
12
12
12
12
12
12
12
12
12
12
12
12
12
12
12
12
12
12
12
12
12
12
12
12
12
12
12
12
12
12
12
12
12
12
12
12
12
12
12
12
12
12
12
12
12
12
12
12
12
12
12
12
12
12
12
12
12
12
12
12
12
12
12
12
12
12
12
12
12
12
12
12
12
12
12
12
12
12
12
12
12
12
12
12
12
12
12
12
12
12
12
12
12
12
12
12
12
12
12
12
12
12
12
12
12
12
12
12
12
12
12
12
12
12
12
12
12
12
12
12
12
12
12
12
12
12
12
12
12
12
12
12
12
12
12
12
12
12
12
12
12
12
12
12
12
12
12
12
12
12
12
12
12
12
12
12
12
12
12
12
12
12
12
12
12
12
12
12
12
12
12
12
12
12
12
12
12
12
12
12
12
12
12
12
12
12
12
12
12
12
12
12
12
12
12
12
12
12
12
12
12
12
12
12
12
12
12
12
12
12
12
12
12
12
12
12
12
12
12
12
12
12
12
12
12
12
12
12
12
12
12
12
12
12
12
12
12
12
12
12
12
12
12
12
12
12
12
12
12
12
12
12
12
12
12
12
12
12
12
12
12
12
12
12
12
12
12
12
12
12
12
12
12
12
12
12
12
12
12
12
12
12
12
12
12
12
12
12
12
12
12
12
12
12
12
12
12
12
12
12
12
12
12
12
12
12
12
12
12
12
12
12
12
12
12
12
12
12
12
12
12
12
12
12
12
12
12
12
12
12
12
12
12
12
12
12
12
12
12
12
12
12
12
12
12
12
12
12
12
12
12
12
12
12
12
12
12
12
12
12
12
12
12
12
12
12
12
12
12
12
12
12
12
12
12
12
12
12
12
12
12
12
12
12
12
12
12
12
12
12
12
12
12
12
12
12
12
12
12
12
12
12
12
12
12
12
12
12
12
12
12
12
12
12
12
12
12
12
12
12
12
12
12
12
12
12
12
12
12
12
12
12
12
12
12
12
12
12
12
12
12
12
12
12
12
12
12
12
12
12
12
12
12
12
12
12
12
12
12
12
12
12
12
12
12
12
12
12
12
12
12
12
12
12
12
12
12
12
12
12
12
12
12
12
12
12
12
12
12
12
12
12
12
12
12
12
12
12
12
12
12
12
12
12
12
12
12
12
12
12
12
12
12
12
12
12
12
12
12
12
12
12
12
12
12
12
12
12
12
12
12
12
12
12
12
12
12
12
12
12
12
12
12
12
12
12
12
12
12
12
12
12
12
12
12
12
12
12
12
12
12
12
12
12
12
12
12
12
12
12
12
12
12
12
12
12
12
12
12
12
12
12
12
12
12
12
12
12
12
12
12
12
12
12
12
12
12
12
12
12
12
12
12
12
12
12
12
12
12
12
12
12
12
12
12
12
12
12
12
12
12
12
12
12
12
12
12
12
12
12
12
12
12
12
12
12
12
12
12
12
12
12
12
12
12
12
12
12
12
12
12
12
12
12
12
12
12
12
12
12
12
12
12
12
12
12
12
12
12
12
12
12
12
12
12
12
12
12
12
12
12
12
12
12
12
12
12
12
12
12
12
12
12





POINT_DATA 8499
VECTORS V float
0 0 -5
0 0 -5
0 0 -5
0 0 -5
0 0 -5
0 0 -5
0 0 -5
0 0 -5
0 0 -5
0 0 -5
0 0 -5
0 0 -5
0 0 -5
0 0 -5
0 0 -5
0 0 -5
0 0 -5
0 0 -5
0 0 -5
0 0 -5
0 0 -5
0 0 -5
0 0 -5
0 0 -5
0 0 -5
0 0 -5
0 0 -5
0 0 -5
0 0 -5
0 0 -5
0 0 -5
0 0 -5
0 0 -5
0 0 -5
0 0 -5
0 0 -5
0 0 -5
0 0 -5
0 0 -5
0 0 -5
0 0 -5
0 0 -5
0 0 -5
0 0 -5
0 0 -5
0 0 -5
0 0 -5
0 0 -5
0 0 -5
0 0 -5
0 0 -5
0 0 -5
0 0 -5
0 0 -5
0 0 -5
0 0 -5
0 0 -5
0 0 -5
0 0 -5
0 0 -5
0 0 -5
0 0 -5
0 0 -5
0 0 -5
0 0 -5
0 0 -5
0 0 -5
0 0 -5
0 0 -5
0 0 -5
0 0 -5
0 0 -5
0 0 -5
0 0 -5
0 0 -5
0 0 -5
0 0 -5
0 0 -5
0 0 -5
0 0 -5
0 0 -5
0 0 -5
0 0 -5
0 0 -5
0 0 -5
0 0 -5
0 0 -5
0 0 -5
0 0 -5
0 0 -5
0 0 -5
0 0 -5
0 0 -5
0 0 -5
0 0 -5
0 0 -5
0 0 -5
0 0 -5
0 0 -5
0 0 -5
0 0 -5
0 0 -5
0 0 -5
0 0 -5
0 0 -5
0 0 -5
0 0 -5
0 0 -5
0 0 -5
0 0 -5
0 0 -5
0 0 -5
0 0 -5
0 0 -5
19.9491 0 -0.129376
11.1669 -3.7208 -7.14285
7.36767 -2.40993 -8.20638
4.65213 -1.27623 -8.93347
2.88482 -0.54532 -8.95036
1.72778 -0.37838 -8.85294
1.00032 -0.619531 -8.74528
0.55766 -1.06499 -8.65113
0.298358 -1.52603 -8.5144
0.1523 -1.84959 -8.28071
0.0736359 -1.90309 -7.93673
0.0333925 -1.58327 -7.45608
0.0138546 -0.862256 -6.80847
0.00465336 -0.112533 -5.6786
0 0 0
0 0 0
0 0 0
0 0 0
0 0 0
0 0 0
0 0 0
0 0 0
0 0 0
0 0 0
0 0 0
0 0 0
0 0 0
0 0 0
0 0 0
0 0 0
0 0 0
0 0 0
0 0 0
0 0 0
0 0 0
0 0 0
0 0 0
0 0 0
0 0 0
0 0 0
0 0 0
0 0 0
-19.9491 0 -0.129376
-0.00465336 0.112533 -5.6786
-0.0138546 0.862255 -6.80847
-0.0333925 1.58327 -7.45608
-0.0736358 1.90309 -7.93673
-0.1523 1.84959 -8.28071
-0.298357 1.52603 -8.5144
-0.557659 1.06499 -8.65113
-1.00032 0.619531 -8.74528
-1.72778 0.37838 -8.85294
-2.88482 0.54532 -8.95036
-4.65213 1.27623 -8.93347
-7.36767 2.40993 -8.20638
-11.1669 3.7208 -7.14285
3.22153 -0.511596 -15.3347
6.31982 -1.5722 -20.0949
9.65892 -2.46728 -18.7001
13.5662 -2.7555 -12.6874
0.000951013 0.851964 -3.81562
0.00191394 1.08509 -5.29275
0.00287051 0.852058 -5.75819
0.00379623 0.394966 -5.80441
0.00288431 0.00611974 -3.25719
0.00575785 0.0349869 -5.43525
0.00856654 -0.108582 -6.55845
0.0112865 -0.432828 -6.92489
0.00687584 -0.168816 -3.46748
0.0137309 -0.454159 -5.81478
0.0204475 -0.801712 -7.15035
0.0270265 -1.18493 -7.63167
0.0148215 -0.236432 -4.02331
0.0296607 -0.62553 -6.59519
0.044385 -1.08203 -7.94983
0.0590828 -1.5193 -8.32249
0.0300956 -0.262137 -4.66435
0.0603066 -0.678493 -7.47627
0.0906367 -1.13816 -8.79849
0.1214 -1.54143 -8.9678
0.0585978 -0.264264 -5.31964
0.117386 -0.660617 -8.34083
0.176776 -1.0583 -9.58713
0.237403 -1.35653 -9.51689
0.110524 -0.257136 -5.95447
0.220912 -0.610548 -9.13597
0.332296 -0.9109 -10.2668
0.44549 -1.06656 -9.9455
0.203118 -0.256141 -6.57935
0.40415 -0.571632 -9.87731
0.605324 -0.776022 -10.8639
0.806363 -0.79025 -10.295
0.364343 -0.286185 -7.25102
0.72016 -0.609927 -10.6482
1.07049 -0.767882 -11.4689
1.41224 -0.685942 -10.6442
0.636444 -0.389485 -8.08659
1.24691 -0.827106 -11.6033
1.83754 -1.04768 -12.2179
2.39262 -0.951689 -11.0686
1.07361 -0.609834 -9.26241
2.08608 -1.32995 -12.9497
3.04526 -1.77233 -13.2416
3.93266 -1.75934 -11.5531
1.70893 -0.88626 -10.9345
3.32009 -2.01638 -14.8927
4.87134 -2.89983 -14.6727
6.22078 -3.09637 -11.9961
2.48136 -0.912089 -12.866
4.85278 -2.27282 -17.3459
7.29686 -3.58594 -16.608
9.81588 -4.21837 -12.2773
0 0 0
0 0 0
0 0 0
0 0 0
0 0 0
0 0 0
0 0 0
0 0 0
0 0 0
0 0 0
0 0 0
0 0 0
0 0 0
0 0 0
0 0 0
0 0 0
0 0 0
0 0 0
0 0 0
0 0 0
0 0 0
0 0 0
0 0 0
0 0 0
0 0 0
0 0 0
0 0 0
0 0 0
0 0 0
0 0 0
0 0 0
0 0 0
0 0 0
0 0 0
0 0 0
0 0 0
0 0 0
0 0 0
0 0 0
0 0 0
0 0 0
0 0 0
0 0 0
0 0 0
0 0 0
0 0 0
0 0 0
0 0 0
0 0 0
0 0 0
0 0 0
0 0 0
0 0 0
0 0 0
0 0 0
0 0 0
0 0 0
0 0 0
0 0 0
0 0 0
0 0 0
0 0 0
0 0 0
0 0 0
0 0 0
0 0 0
0 0 0
0 0 0
0 0 0
0 0 0
0 0 0
0 0 0
0 0 0
0 0 0
0 0 0
0 0 0
0 0 0
0 0 0
0 0 0
0 0 0
0 0 0
0 0 0
0 0 0
0 0 0
0 0 0
0 0 0
0 0 0
0 0 0
0 0 0
0 0 0
0 0 0
0 0 0
0 0 0
0 0 0
0 0 0
0 0 0
0 0 0
0 0 0
0 0 0
0 0 0
0 0 0
0 0 0
0 0 0
0 0 0
0 0 0
0 0 0
0 0 0
0 0 0
0 0 0
0 0 0
0 0 0
0 0 0
0 0 0
0 0 0
0 0 0
0 0 0
0 0 0
0 0 0
0 0 0
0 0 0
0 0 0
0 0 0
0 0 0
0 0 0
0 0 0
0 0 0
0 0 0
0 0 0
0 0 0
0 0 0
0 0 0
0 0 0
0 0 0
0 0 0
0 0 0
0 0 0
0 0 0
0 0 0
0 0 0
0 0 0
0 0 0
0 0 0
0 0 0
0 0 0
0 0 0
0 0 0
0 0 0
0 0 0
0 0 0
0 0 0
0 0 0
0 0 0
0 0 0
0 0 0
0 0 0
0 0 0
0 0 0
0 0 0
0 0 0
0 0 0
0 0 0
0 0 0
0 0 0
0 0 0
0 0 0
0 0 0
0 0 0
0 0 0
0 0 0
0 0 0
0 0 0
0 0 0
0 0 0
0 0 0
0 0 0
0 0 0
0 0 0
0 0 0
0 0 0
0 0 0
0 0 0
0 0 0
0 0 0
0 0 0
0 0 0
0 0 0
0 0 0
0 0 0
0 0 0
0 0 0
0 0 0
0 0 0
0 0 0
0 0 0
0 0 0
0 0 0
0 0 0
0 0 0
0 0 0
0 0 0
0 0 0
0 0 0
0 0 0
0 0 0
0 0 0
0 0 0
0 0 0
0 0 0
0 0 0
0 0 0
0 0 0
0 0 0
0 0 0
0 0 0
0 0 0
0 0 0
0 0 0
0 0 0
0 0 0
0 0 0
0 0 0
0 0 0
0 0 0
0 0 0
0 0 0
0 0 0
0 0 0
0 0 0
0 0 0
0 0 0
0 0 0
0 0 0
0 0 0
0 0 0
0 0 0
0 0 0
0 0 0
0 0 0
19.646 3.46413 -0.129375
18.746 6.823 -0.129378
17.2764 9.97456 -0.129387
15.2819 12.823 -0.129397
12.823 15.2819 -0.129409
9.97456 17.2764 -0.129408
6.823 18.746 -0.129396
3.46413 19.646 -0.129389
-8.85919e-15 19.9491 -0.129389
-3.46413 19.646 -0.129388
-6.823 18.746 -0.129396
-9.97456 17.2764 -0.129413
-12.823 15.2819 -0.129422
-15.2819 12.823 -0.129414
-17.2764 9.97456 -0.129402
-18.746 6.823 -0.129389
-19.646 3.46413 -0.129381
11.6395 -1.72614 -7.14271
7.66918 -1.09504 -8.20608
4.79834 -0.449956 -8.93331
2.93187 -0.036899 -8.95028
1.76456 -0.0732149 -8.85288
1.09123 -0.436766 -8.74525
0.733802 -0.952048 -8.65115
0.559457 -1.45088 -8.51448
0.472467 -1.79472 -8.28084
0.404631 -1.86101 -7.9369
0.309495 -1.55306 -7.45621
0.164968 -0.846401 -6.8085
0.0251389 -0.109832 -5.67853
11.7591 0.315653 -7.14224
7.73822 0.247724 -8.20549
4.79916 0.386002 -8.93356
2.89021 0.469708 -8.95097
1.74803 0.232068 -8.85355
1.14916 -0.241994 -8.74574
0.887612 -0.810576 -8.65142
0.803322 -1.33122 -8.51461
0.777903 -1.68432 -8.28088
0.722881 -1.76105 -7.93698
0.575719 -1.47439 -7.45621
0.310614 -0.803532 -6.80836
0.0446286 -0.102957 -5.67812
11.527 2.34301 -7.14147
7.57732 1.57803 -8.20462
4.65788 1.20639 -8.93469
2.76353 0.959122 -8.95311
1.68042 0.528159 -8.85571
1.17331 -0.0412488 -8.74752
1.01464 -0.645086 -8.65272
1.02208 -1.17099 -8.51548
1.05836 -1.52202 -8.28139
1.01749 -1.6065 -7.93735
0.822822 -1.34987 -7.4563
0.445172 -0.735108 -6.80818
0.061708 -0.0920468 -5.67717
10.9516 4.30054 -7.14081
7.19452 2.86126 -8.20438
4.38199 1.99039 -8.93682
2.55801 1.41962 -8.95652
1.56533 0.808408 -8.8593
1.16396 0.160785 -8.75071
1.11157 -0.460184 -8.65527
1.20917 -0.975548 -8.51732
1.305 -1.31392 -8.28254
1.27886 -1.40353 -7.93806
1.04262 -1.18465 -7.45651
0.563736 -0.644678 -6.80816
0.0750413 -0.0783655 -5.67581
10.049 6.13747 -7.14126
6.59818 4.06858 -8.20542
3.97644 2.72266 -8.93887
2.27705 1.8436 -8.95904
1.40405 1.0689 -8.86185
1.11983 0.360892 -8.75302
1.17463 -0.260278 -8.65715
1.35882 -0.75132 -8.51871
1.51087 -1.0682 -8.28341
1.50007 -1.16114 -7.9386
1.22958 -0.986566 -7.45677
0.664007 -0.53811 -6.80849
0.0851097 -0.0650823 -5.67547
8.82427 7.80281 -7.14269
5.78714 5.16552 -8.2073
3.44047 3.38106 -8.93929
1.91966 2.21769 -8.95951
1.19458 1.30107 -8.86326
1.03825 0.552325 -8.75536
1.20108 -0.0520605 -8.66015
1.4689 -0.505631 -8.52198
1.67469 -0.792717 -8.28664
1.68098 -0.886898 -7.9413
1.38445 -0.761735 -7.45889
0.749849 -0.418558 -6.80987
0.0974537 -0.0524327 -5.67727
7.3226 9.22184 -7.1437
4.79198 6.09811 -8.20737
2.79501 3.93201 -8.93718
1.50096 2.52072 -8.95736
0.947027 1.49081 -8.86241
0.924403 0.725216 -8.75605
1.19142 0.157443 -8.66215
1.53575 -0.243327 -8.52487
1.78971 -0.490628 -8.28996
1.81318 -0.582357 -7.94432
1.49933 -0.510462 -7.46143
0.815264 -0.282582 -6.81149
0.108273 -0.0347579 -5.67925
5.6055 10.3513 -7.14383
3.65641 6.83685 -8.20704
2.06764 4.35828 -8.93534
1.0392 2.74396 -8.95494
0.67296 1.63335 -8.86034
0.784038 0.875356 -8.75471
1.14606 0.362614 -8.66157
1.55518 0.0278489 -8.52486
1.84842 -0.171511 -8.2903
1.88745 -0.25775 -7.94473
1.5656 -0.241585 -7.46192
0.852407 -0.135679 -6.81196
0.112596 -0.0144758 -5.67978
3.72408 11.1665 -7.14397
2.41434 7.36692 -8.20713
1.27969 4.65086 -8.93482
0.547227 2.88326 -8.9538
0.379417 1.72635 -8.85891
0.620298 0.999276 -8.75328
1.06563 0.557078 -8.66026
1.52638 0.298147 -8.5237
1.84949 0.152319 -8.28929
1.90265 0.0737533 -7.94389
1.58276 0.0335124 -7.46135
0.861886 0.0139524 -6.81176
0.112362 0.00469979 -5.67968
1.7268 11.6418 -7.14401
1.09755 7.67223 -8.2071
0.452628 4.80123 -8.9349
0.0383213 2.93435 -8.9541
0.0738023 1.76662 -8.85941
0.437222 1.09276 -8.75393
0.952681 0.734629 -8.66101
1.45165 0.559427 -8.52451
1.79552 0.471564 -8.29011
1.86183 0.403055 -7.94464
1.55397 0.307615 -7.46188
0.84754 0.163157 -6.81194
0.11094 0.0237239 -5.67973
-0.315018 11.7611 -7.14419
-0.245609 7.74265 -8.20733
-0.384149 4.80475 -8.93622
-0.469375 2.89546 -8.95587
-0.2326 1.75237 -8.8609
0.241506 1.15233 -8.75484
0.8106 0.889416 -8.66133
1.33185 0.803681 -8.52439
1.68549 0.776941 -8.2897
1.76267 0.721005 -7.9442
1.47637 0.573459 -7.46137
0.805671 0.308768 -6.81145
0.105035 0.0435658 -5.67921
-2.33872 11.5315 -7.14327
-1.57422 7.58499 -8.20741
-1.20494 4.66647 -8.93855
-0.959655 2.77114 -8.95835
-0.529445 1.6864 -8.86213
0.0401191 1.17737 -8.75452
0.644486 1.0166 -8.65965
1.17094 1.02196 -8.52175
1.52244 1.05653 -8.28657
1.60723 1.01462 -7.9413
1.35096 0.81976 -7.4589
0.735902 0.442671 -6.80987
0.0927665 0.0605555 -5.67725
-4.3004 10.9628 -7.14171
-2.86353 7.20699 -8.20604
-1.99451 4.39331 -8.93931
-1.42419 2.56767 -8.95938
-0.81234 1.57283 -8.86222
-0.16342 1.16879 -8.75344
0.459081 1.11344 -8.6576
0.975864 1.20814 -8.51912
1.31528 1.30167 -8.28374
1.40542 1.27419 -7.93884
1.18663 1.03794 -7.4569
0.646155 0.559468 -6.80853
0.0791077 0.0722811 -5.67546
-6.14978 10.0495 -7.14114
-4.08241 6.60177 -8.2052
-2.73505 3.98196 -8.93817
-1.85403 2.28272 -8.95826
-1.07686 1.4088 -8.86118
-0.365871 1.12315 -8.75247
0.258528 1.17637 -8.65674
0.752624 1.35913 -8.51842
1.07182 1.51001 -8.28327
1.16605 1.49854 -7.93851
0.991442 1.22784 -7.45674
0.54249 0.662635 -6.80825
0.0679029 0.0844127 -5.67581
-7.80828 8.82183 -7.14166
-5.17488 5.78647 -8.20524
-3.39159 3.44242 -8.93613
-2.22703 1.92299 -8.95521
-1.30832 1.19792 -8.85804
-0.557151 1.0408 -8.74968
0.0497542 1.20263 -8.65448
0.505673 1.46958 -8.51675
0.794605 1.67463 -8.2822
0.889854 1.6804 -7.93781
0.764922 1.38346 -7.45652
0.421157 0.749077 -6.80826
0.0536522 0.0967554 -5.67716
-9.22413 7.32348 -7.14226
-6.10364 4.79233 -8.2059
-3.93965 2.7961 -8.93469
-2.52827 1.50334 -8.95261
-1.49708 0.949669 -8.85534
-0.729688 0.926338 -8.74736
-0.159934 1.19228 -8.65269
0.242743 1.53559 -8.51547
0.491639 1.78871 -8.28139
0.584393 1.81155 -7.93724
0.512899 1.49732 -7.45632
0.284556 0.813065 -6.8084
0.0358887 0.106178 -5.6781
-10.3539 5.60549 -7.1427
-6.84093 3.65496 -8.20627
-4.36336 2.0664 -8.93387
-2.74922 1.03925 -8.95109
-1.63794 0.673588 -8.85375
-0.8787 0.784431 -8.74601
-0.364451 1.14592 -8.6517
-0.0281775 1.55463 -8.5148
0.172457 1.84767 -8.28098
0.259546 1.88657 -7.93693
0.243695 1.56464 -7.4562
0.137667 0.851202 -6.80849
0.0159754 0.11146 -5.67851
-13.5662 2.7555 -12.6874
-9.65892 2.46728 -18.7001
-6.31982 1.5722 -20.0949
-3.22153 0.511596 -15.3347
-0.00379623 -0.394966 -5.80441
-0.0028705 -0.852058 -5.75819
-0.00191394 -1.08509 -5.29275
-0.000951013 -0.851964 -3.81562
-0.0112865 0.432827 -6.92489
-0.00856655 0.108582 -6.55845
-0.00575785 -0.0349869 -5.43525
-0.00288431 -0.00611974 -3.25719
-0.0270265 1.18493 -7.63167
-0.0204475 0.801712 -7.15035
-0.0137309 0.454158 -5.81478
-0.00687584 0.168816 -3.46748
-0.0590828 1.5193 -8.32249
-0.044385 1.08203 -7.94983
-0.0296607 0.62553 -6.59519
-0.0148215 0.236432 -4.02331
-0.1214 1.54143 -8.9678
-0.0906366 1.13816 -8.79849
-0.0603065 0.678493 -7.47627
-0.0300956 0.262137 -4.66435
-0.237403 1.35653 -9.51689
-0.176776 1.05831 -9.58713
-0.117386 0.660617 -8.34083
-0.0585977 0.264264 -5.31964
-0.44549 1.06656 -9.9455
-0.332296 0.9109 -10.2668
-0.220912 0.610548 -9.13597
-0.110524 0.257136 -5.95447
-0.806362 0.79025 -10.295
-0.605323 0.776023 -10.8639
-0.40415 0.571632 -9.87731
-0.203118 0.256141 -6.57935
-1.41224 0.685942 -10.6442
-1.07049 0.767882 -11.4689
-0.72016 0.609927 -10.6482
-0.364343 0.286185 -7.25102
-2.39262 0.951688 -11.0686
-1.83754 1.04768 -12.2179
-1.24691 0.827105 -11.6033
-0.636444 0.389485 -8.08659
-3.93266 1.75934 -11.5531
-3.04526 1.77233 -13.2416
-2.08607 1.32995 -12.9497
-1.07361 0.609834 -9.26241
-6.22078 3.09637 -11.9961
-4.87134 2.89982 -14.6727
-3.32009 2.01638 -14.8927
-1.70893 0.88626 -10.9345
-9.81588 4.21837 -12.2773
-7.29686 3.58594 -16.608
-4.85278 2.27282 -17.3459
-2.48136 0.912089 -12.866
-0.146575 0.839267 -3.81563
-0.289749 0.801221 -3.81566
-0.424383 0.738886 -3.81571
-0.546473 0.653921 -3.81576
-0.652097 0.548712 -3.8158
-0.737603 0.426681 -3.81579
-0.800391 0.292001 -3.81576
-0.838882 0.148737 -3.81574
-0.851984 0.000968254 -3.81573
-0.83922 -0.146828 -3.81574
-0.801057 -0.290177 -3.81576
-0.738575 -0.424997 -3.81579
-0.653345 -0.547221 -3.8158
-0.547956 -0.652672 -3.81577
-0.426051 -0.737917 -3.81572
-0.291549 -0.800562 -3.81567
-0.148452 -0.838934 -3.81564
-0.185837 1.06908 -5.29276
-0.189612 -1.06841 -5.29277
-0.144257 0.839799 -5.75819
-0.149917 -0.838792 -5.7582
-0.0638738 0.38984 -5.80439
-0.0713551 -0.388509 -5.8044
-0.129853 0.373472 -5.80431
-0.192742 0.346298 -5.80409
-0.251085 0.308307 -5.80383
-0.302189 0.259152 -5.80391
-0.341759 0.20084 -5.80441
-0.369792 0.138113 -5.80496
-0.387901 0.0723494 -5.80516
-0.394928 0.00384023 -5.80517
-0.389249 -0.0647876 -5.80514
-0.372434 -0.130902 -5.80494
-0.345598 -0.19419 -5.8044
-0.307106 -0.25326 -5.80392
-0.25693 -0.303359 -5.80385
-0.199335 -0.342447 -5.80411
-0.136998 -0.370841 -5.80432
-0.368121 1.02087 -5.29279
-0.539695 0.94179 -5.29284
-0.695502 0.833813 -5.29291
-0.830372 0.699781 -5.29299
-0.939333 0.544125 -5.29303
-1.0192 0.372512 -5.29304
-1.06828 0.190117 -5.29303
-1.08512 0.00194337 -5.29303
-1.06896 -0.186288 -5.29303
-1.02054 -0.368854 -5.29303
-0.941282 -0.54075 -5.29303
-0.832871 -0.696792 -5.29299
-0.698472 -0.831306 -5.29293
-0.54304 -0.939843 -5.29287
-0.371735 -1.01954 -5.29281
-0.287233 0.802453 -5.7582
-0.422149 0.741024 -5.75821
-0.545162 0.656754 -5.75823
-0.651858 0.551372 -5.75834
-0.737478 0.428541 -5.75849
-0.799874 0.293642 -5.75862
-0.838494 0.150635 -5.75867
-0.852048 0.00290864 -5.75868
-0.839512 -0.144905 -5.75867
-0.801874 -0.288173 -5.75861
-0.740391 -0.423496 -5.75849
-0.655591 -0.546903 -5.75835
-0.549598 -0.653002 -5.75825
-0.427149 -0.738107 -5.75824
-0.292645 -0.800462 -5.75823
0.00236993 0.00664854 -3.25719
0.00163119 0.00720128 -3.25721
0.000461178 0.00761459 -3.25725
-0.00120716 0.00753894 -3.25731
-0.00300749 0.00670421 -3.25741
-0.00428243 0.00544098 -3.25753
-0.00498952 0.00442627 -3.25761
-0.00556519 0.00369645 -3.25764
-0.006131 0.00291288 -3.25764
-0.00657978 0.00204505 -3.25763
-0.00699024 0.00106056 -3.2576
-0.00720787 -0.000376816 -3.25752
-0.00676583 -0.0022206 -3.25742
-0.00567844 -0.0037789 -3.25735
-0.00457818 -0.00469735 -3.25729
-0.0038159 -0.00521344 -3.25725
-0.00331944 -0.0056439 -3.25721
0.000608608 0.0356824 -5.43525
-0.0107453 -0.0336759 -5.43529
0.0285925 -0.105126 -6.55844
0.0117038 0.10811 -6.55848
0.0877624 -0.42391 -6.92488
0.0655153 0.427834 -6.92491
0.161106 -0.40114 -6.92481
0.228196 -0.365451 -6.9247
0.286507 -0.319216 -6.92467
0.335661 -0.26577 -6.92502
0.377745 -0.206069 -6.92598
0.410149 -0.138069 -6.92699
0.428564 -0.064117 -6.92738
0.432845 0.0113718 -6.92737
0.424597 0.0865178 -6.92735
0.402337 0.159439 -6.92696
0.366363 0.225763 -6.92598
0.321073 0.28321 -6.92506
0.269148 0.333866 -6.92475
0.20859 0.376842 -6.9248
0.139853 0.408912 -6.92488
-0.00485155 0.0357451 -5.43527
-0.0108905 0.034934 -5.43531
-0.0175 0.0326275 -5.4354
-0.0238123 0.0282764 -5.4356
-0.0284128 0.0225147 -5.4359
-0.0313218 0.0168328 -5.43616
-0.0334787 0.0114496 -5.43627
-0.0349869 0.00580919 -5.43628
-0.0355033 -1.71727e-06 -5.43625
-0.0353119 -0.00589808 -5.43613
-0.0342412 -0.0124262 -5.43589
-0.031295 -0.0193441 -5.43563
-0.0264023 -0.0251328 -5.43546
-0.0209302 -0.0291147 -5.43539
-0.0157137 -0.0317772 -5.43534
0.0473468 -0.0977779 -6.55843
0.0636128 -0.0870355 -6.55843
0.0766141 -0.0741928 -6.55849
0.0870026 -0.0607771 -6.55879
0.0965535 -0.0465564 -6.55935
0.104435 -0.0296909 -6.5599
0.108511 -0.0106831 -6.56013
0.108617 0.00863635 -6.56015
0.105499 0.0276989 -6.56011
0.0985029 0.0459348 -6.55987
0.0878986 0.0615358 -6.55935
0.0758994 0.0740406 -6.55883
0.0634033 0.0853276 -6.55857
0.0487041 0.0956882 -6.55853
0.0312012 0.10368 -6.55851
0.036728 -0.164928 -3.46746
0.0653018 -0.155786 -3.46745
0.091484 -0.14183 -3.46746
0.114373 -0.123837 -3.46751
0.133596 -0.102637 -3.46767
0.149197 -0.078564 -3.46793
0.160731 -0.0516825 -3.46817
0.167386 -0.0227769 -3.46827
0.168792 0.00691195 -3.46828
0.164982 0.0364019 -3.46824
0.155988 0.0647075 -3.46813
0.142254 0.0905907 -3.46791
0.124666 0.113287 -3.4677
0.103741 0.13277 -3.46759
0.0794925 0.148762 -3.46756
0.0523304 0.160512 -3.46754
0.0231702 0.167319 -3.46751
0.0934899 -0.444631 -5.81476
0.0664212 0.449406 -5.81484
0.160767 -0.785644 -7.15034
0.120464 0.792753 -7.15042
0.233976 -1.16184 -7.63169
0.180713 1.17123 -7.63175
0.433324 -1.10248 -7.63172
0.618136 -1.00894 -7.63181
0.782387 -0.88531 -7.63202
0.92236 -0.737104 -7.63261
1.03718 -0.568273 -7.63397
1.12219 -0.380347 -7.63541
1.17182 -0.179198 -7.63591
1.18484 0.0271331 -7.63583
1.16239 0.232661 -7.63585
1.1036 0.431384 -7.63534
1.01003 0.615325 -7.63396
0.8875 0.778763 -7.63272
0.74086 0.920296 -7.63223
0.571207 1.03614 -7.63204
0.382447 1.12104 -7.63188
0.170094 -0.421115 -5.81476
0.240761 -0.384594 -5.81479
0.30317 -0.336843 -5.81492
0.356094 -0.279936 -5.81525
0.399173 -0.215107 -5.8158
0.430992 -0.142987 -5.81632
0.449571 -0.0656691 -5.81655
0.454124 0.0137959 -5.81657
0.444774 0.0928591 -5.8165
0.42153 0.168968 -5.81626
0.385332 0.239085 -5.81578
0.338301 0.301168 -5.81531
0.281983 0.354657 -5.81505
0.216851 0.398426 -5.81496
0.144212 0.43055 -5.8149
0.295771 -0.744985 -7.15035
0.420699 -0.681285 -7.15042
0.531495 -0.597445 -7.15061
0.625803 -0.497105 -7.1511
0.702816 -0.38272 -7.15201
0.759751 -0.255546 -7.1529
0.793084 -0.119358 -7.15327
0.801681 0.0205357 -7.15329
0.785947 0.159825 -7.15321
0.745676 0.294196 -7.15282
0.682239 0.418374 -7.15199
0.599366 0.528674 -7.15119
0.500009 0.623942 -7.15079
0.385144 0.70187 -7.15063
0.257255 0.759031 -7.15052
0.056255 -0.230145 -4.02327
0.0958323 -0.216634 -4.02324
0.132117 -0.196462 -4.02323
0.163904 -0.170574 -4.0233
0.190517 -0.140027 -4.02352
0.211738 -0.105479 -4.0239
0.226977 -0.067343 -4.02424
0.235344 -0.026711 -4.02438
0.236405 0.0148563 -4.02438
0.23018 0.055995 -4.02432
0.216787 0.0953387 -4.02415
0.196815 0.131333 -4.02385
0.171313 0.162924 -4.02357
0.14103 0.189778 -4.02344
0.106307 0.211371 -4.02341
0.0678968 0.226805 -4.02339
0.0270383 0.235296 -4.02336
0.138875 -0.610646 -6.59514
0.0804164 0.620954 -6.59528
0.232947 -1.05757 -7.9498
0.145481 1.07299 -7.94996
0.323541 -1.48557 -8.32252
0.207122 1.5061 -8.32265
0.577704 -1.40574 -8.32264
0.812981 -1.28254 -8.32296
1.02183 -1.12091 -8.32349
1.19907 -0.927498 -8.32437
1.34264 -0.707729 -8.32613
1.44718 -0.464709 -8.32787
1.50661 -0.205833 -8.32837
1.51923 0.0591845 -8.3282
1.48605 0.322441 -8.32827
1.40666 0.576037 -8.32773
1.2834 0.81038 -8.3261
1.12295 1.01837 -8.32456
0.931119 1.1972 -8.32388
0.710456 1.34185 -8.3234
0.466534 1.44626 -8.32295
0.243582 -0.576752 -6.59514
0.340164 -0.525132 -6.59521
0.425519 -0.457981 -6.59542
0.497656 -0.377934 -6.5959
0.555569 -0.286994 -6.59666
0.597448 -0.186646 -6.59735
0.621082 -0.0797797 -6.59764
0.625492 0.0297228 -6.59764
0.610754 0.138358 -6.59754
0.577076 0.242622 -6.59722
0.52575 0.338663 -6.5966
0.459299 0.423685 -6.596
0.379823 0.496364 -6.59567
0.288577 0.554942 -6.59551
0.187712 0.597099 -6.59539
0.414032 -1.00027 -7.94987
0.581501 -0.912195 -7.95006
0.730018 -0.796931 -7.95044
0.855985 -0.659025 -7.95117
0.957549 -0.502163 -7.95237
1.03129 -0.328976 -7.95347
1.07327 -0.144537 -7.95389
1.08201 0.0444688 -7.95387
1.05782 0.232163 -7.95378
1.00083 0.412673 -7.95332
0.912991 0.579384 -7.95232
0.798691 0.72739 -7.95131
0.661753 0.854302 -7.95077
0.504393 0.956774 -7.95045
0.330474 1.03071 -7.95018
0.0756362 -0.252832 -4.66428
0.118771 -0.235659 -4.66422
0.157997 -0.211261 -4.6642
0.192032 -0.180644 -4.66429
0.220056 -0.144966 -4.66457
0.241699 -0.105116 -4.66504
0.256381 -0.061775 -4.66546
0.263321 -0.0161541 -4.66563
0.262129 0.0301097 -4.66561
0.252861 0.0754999 -4.66552
0.235742 0.118503 -4.6653
0.211466 0.157501 -4.66495
0.181143 0.191355 -4.66462
0.145669 0.219553 -4.66449
0.105663 0.241477 -4.66447
0.0620942 0.256288 -4.66446
0.016326 0.263289 -4.66441
0.178042 -0.65753 -7.47618
0.0592097 0.678484 -7.47641
0.287975 -1.10487 -8.79843
0.109398 1.13637 -8.79869
0.388446 -1.49662 -8.96779
0.149283 1.53882 -8.96804
0.643321 -1.40559 -8.96793
0.877592 -1.27139 -8.9684
1.08387 -1.09903 -8.9692
1.25669 -0.895019 -8.97039
1.39341 -0.665302 -8.97253
1.48935 -0.414019 -8.9745
1.53928 -0.148596 -8.97497
1.54154 0.121425 -8.97468
1.49712 0.387812 -8.97476
1.40627 0.642396 -8.97421
1.27192 0.875899 -8.97242
1.10047 1.08141 -8.97065
0.897663 1.25549 -8.96982
0.667112 1.39306 -8.96913
0.415024 1.48878 -8.96848
0.290152 -0.616224 -7.47617
0.392871 -0.556037 -7.47628
0.482934 -0.479298 -7.47658
0.558054 -0.388817 -7.4772
0.616911 -0.287042 -7.47814
0.657754 -0.176008 -7.47896
0.678593 -0.058866 -7.47927
0.678511 0.0603293 -7.47923
0.65764 0.177755 -7.47909
0.616431 0.289605 -7.47871
0.55641 0.391895 -7.47801
0.480202 0.481649 -7.47732
0.390164 0.557173 -7.47695
0.288106 0.61654 -7.47676
0.176636 0.657549 -7.47658
0.476255 -1.03747 -8.79851
0.649242 -0.938256 -8.7988
0.801482 -0.810966 -8.79936
0.929015 -0.660279 -8.80032
1.02956 -0.490437 -8.80179
1.09993 -0.304857 -8.80306
1.13662 -0.108888 -8.80348
1.13824 0.0906626 -8.80338
1.10514 0.287526 -8.80327
1.03787 0.475475 -8.80278
0.938746 0.647851 -8.80165
0.812191 0.799623 -8.80051
0.662251 0.927885 -8.79987
0.491939 1.02913 -8.79943
0.305729 1.09957 -8.79902
0.103863 -0.250023 -5.31954
0.145927 -0.228078 -5.31946
0.183395 -0.199163 -5.31945
0.215059 -0.16431 -5.31958
0.240052 -0.124726 -5.31993
0.257908 -0.0815311 -5.32047
0.268189 -0.0356956 -5.32092
0.270391 0.0115251 -5.32107
0.264291 0.0585614 -5.32101
0.250054 0.103885 -5.32089
0.228073 0.145987 -5.32065
0.19915 0.183353 -5.3203
0.164422 0.214875 -5.31998
0.124936 0.239925 -5.31986
0.0816246 0.257908 -5.31985
0.0356506 0.268207 -5.31981
-0.0115943 0.270377 -5.31974
0.230786 -0.630101 -8.3407
-0.000481052 0.670875 -8.34103
0.35846 -1.0114 -9.58703
0.0102213 1.07281 -9.58744
0.470005 -1.29454 -9.51683
0.0023794 1.37705 -9.51726
0.688128 -1.19289 -9.51705
0.884789 -1.05485 -9.51778
1.05393 -0.885055 -9.51901
1.19065 -0.689181 -9.52054
1.29219 -0.473217 -9.52281
1.35551 -0.242156 -9.52462
1.37741 -0.00262515 -9.52485
1.35687 0.237244 -9.52441
1.29506 0.469981 -9.52448
1.19327 0.688293 -9.5241
1.05488 0.884579 -9.52254
0.885428 1.05319 -9.52087
0.690088 1.19054 -9.51993
0.47347 1.29247 -9.5189
0.241872 1.35542 -9.51792
0.337073 -0.580241 -8.34069
0.432803 -0.512672 -8.34087
0.514965 -0.429723 -8.34131
0.581261 -0.334198 -8.34209
0.630257 -0.228879 -8.34313
0.66061 -0.116306 -8.34396
0.670958 0.000364625 -8.3442
0.660721 0.117314 -8.34408
0.630233 0.230799 -8.3439
0.580305 0.337136 -8.34354
0.512682 0.432667 -8.34288
0.429949 0.514585 -8.34222
0.33463 0.581045 -8.34184
0.229088 0.630273 -8.34157
0.116243 0.660608 -8.3413
0.529099 -0.933491 -9.58715
0.683218 -0.827104 -9.58761
0.816019 -0.695838 -9.58843
0.923738 -0.544096 -9.58963
1.00402 -0.376394 -9.59122
1.05455 -0.196795 -9.59245
1.07302 -0.0103919 -9.59273
1.05853 0.176662 -9.59251
1.0117 0.358453 -9.59237
0.93369 0.52918 -9.59196
0.827142 0.683009 -9.59095
0.696159 0.815454 -9.58986
0.544756 0.923507 -9.58916
0.376677 1.00411 -9.58854
0.196671 1.05451 -9.58793
0.153463 -0.234052 -5.95435
0.191782 -0.203857 -5.95426
0.224299 -0.16746 -5.95427
0.249988 -0.125965 -5.95446
0.268006 -0.0806782 -5.95486
0.277846 -0.033039 -5.95543
0.279336 0.0155944 -5.95585
0.272418 0.0638944 -5.95595
0.257202 0.110401 -5.95584
0.234094 0.153648 -5.95569
0.203758 0.19223 -5.95547
0.167176 0.224831 -5.95516
0.125574 0.250443 -5.95491
0.0802422 0.268367 -5.95481
0.0325445 0.278129 -5.95478
-0.0161016 0.279493 -5.95471
-0.0642712 0.272431 -5.9546
0.323529 -0.562943 -9.13581
-0.111641 0.639653 -9.13625
0.485341 -0.839414 -10.2667
-0.169193 0.954817 -10.2672
0.623758 -0.97307 -9.9454
-0.253666 1.12784 -9.94602
0.783106 -0.850237 -9.94573
0.918791 -0.70184 -9.94679
1.02682 -0.532129 -9.94848
1.10346 -0.345864 -9.95032
1.14622 -0.149076 -9.95246
1.15448 0.0521771 -9.95379
1.12797 0.252274 -9.9536
1.06704 0.445027 -9.95295
0.973557 0.624343 -9.95302
0.850284 0.784518 -9.95296
0.701256 0.920422 -9.95196
0.531088 1.02826 -9.95067
0.344489 1.10473 -9.94969
0.147328 1.1473 -9.94832
-0.0540572 1.15503 -9.94696
0.416374 -0.498258 -9.13582
0.496606 -0.418453 -9.13611
0.561738 -0.325925 -9.13672
0.609668 -0.223515 -9.13762
0.639017 -0.114453 -9.13867
0.64914 -0.00191638 -9.13938
0.639685 0.110939 -9.13947
0.610739 0.220677 -9.13925
0.563107 0.323852 -9.13904
0.49817 0.417159 -9.13876
0.418013 0.49753 -9.13827
0.325263 0.562527 -9.13774
0.222746 0.610312 -9.13738
0.113552 0.639527 -9.13702
0.000975568 0.649399 -9.13662
0.623695 -0.742516 -10.2669
0.743169 -0.623155 -10.2675
0.840118 -0.48485 -10.2687
0.911364 -0.331719 -10.2701
0.954786 -0.168625 -10.2716
0.969473 -0.000415635 -10.2726
0.954912 0.168165 -10.2726
0.911245 0.331948 -10.2722
0.839745 0.485785 -10.2721
0.742499 0.624784 -10.2718
0.622629 0.744442 -10.2711
0.483979 0.841213 -10.2703
0.330654 0.912289 -10.2696
0.167327 0.955541 -10.2688
-0.000962478 0.969838 -10.2679
0.2441 -0.217075 -6.57921
0.277812 -0.171549 -6.57911
0.303342 -0.120835 -6.57914
0.319913 -0.0662853 -6.57937
0.326769 -0.00947951 -6.57981
0.323451 0.0476187 -6.58036
0.310184 0.103058 -6.58073
0.28756 0.155288 -6.58078
0.256254 0.202877 -6.58063
0.217149 0.24442 -6.58046
0.171377 0.278651 -6.58026
0.120271 0.304501 -6.58001
0.0653311 0.321082 -6.57983
0.00831454 0.327679 -6.57976
-0.048771 0.324045 -6.57971
-0.104072 0.310486 -6.57962
-0.156001 0.287598 -6.5795
0.496578 -0.492956 -9.87712
-0.299476 0.633269 -9.87764
0.729957 -0.659399 -10.8637
-0.462284 0.869576 -10.8644
0.930168 -0.63857 -10.2949
-0.657932 0.918643 -10.2956
1.02599 -0.468315 -10.2953
1.09154 -0.284521 -10.2967
1.12517 -0.0917565 -10.2988
1.1247 0.10547 -10.3008
1.08838 0.300454 -10.3026
1.01854 0.485465 -10.3032
0.91849 0.655348 -10.3025
0.790824 0.805517 -10.3016
0.63905 0.931255 -10.3017
0.468112 1.02862 -10.302
0.283328 1.09509 -10.3018
0.0891779 1.12892 -10.3011
-0.109317 1.12749 -10.3002
-0.304379 1.09036 -10.2985
-0.489046 1.01976 -10.2968
0.574162 -0.399596 -9.87717
0.634766 -0.294215 -9.87755
0.676561 -0.179628 -9.87828
0.697788 -0.0590624 -9.87925
0.697309 0.0634242 -9.88023
0.675451 0.183639 -9.88075
0.633251 0.298136 -9.88067
0.57192 0.403699 -9.88035
0.493192 0.497163 -9.88013
0.399402 0.575678 -9.87996
0.293317 0.636839 -9.87968
0.177982 0.678644 -9.87934
0.0569503 0.699391 -9.87903
-0.0655608 0.698363 -9.8786
-0.185539 0.675983 -9.87809
0.832701 -0.523253 -10.864
0.910813 -0.371528 -10.8649
0.962019 -0.208183 -10.8662
0.983983 -0.0375614 -10.8677
0.975138 0.134604 -10.8691
0.936381 0.302173 -10.8697
0.869546 0.460339 -10.8693
0.776479 0.604673 -10.8688
0.659801 0.73078 -10.8687
0.523091 0.834799 -10.8687
0.370438 0.913671 -10.8684
0.206004 0.964919 -10.8679
0.0345937 0.986187 -10.8673
-0.137644 0.976623 -10.8663
-0.304909 0.937178 -10.8653
0.407656 -0.218764 -7.25087
0.438845 -0.144991 -7.25077
0.457235 -0.066879 -7.25079
0.462308 0.0136157 -7.25101
0.453448 0.094274 -7.25143
0.430327 0.172215 -7.25196
0.393744 0.244485 -7.25231
0.345223 0.308954 -7.25234
0.286363 0.363978 -7.25219
0.218904 0.40806 -7.25201
0.144807 0.440015 -7.25181
0.0660926 0.458985 -7.2516
-0.0151064 0.464184 -7.25144
-0.0961618 0.454893 -7.25139
-0.174006 0.4312 -7.25134
-0.245965 0.394155 -7.25126
-0.309973 0.345262 -7.25115
0.813701 -0.475976 -10.648
-0.604716 0.726 -10.6485
1.18569 -0.570855 -11.4688
-0.922639 0.94253 -11.4695
1.50763 -0.43092 -10.6441
-1.27364 0.921377 -10.6449
1.55773 -0.164264 -10.6446
1.56217 0.106256 -10.6461
1.52147 0.374214 -10.6484
1.43499 0.633811 -10.6504
1.30205 0.876117 -10.6517
1.12825 1.09028 -10.6515
0.92116 1.27003 -10.6504
0.686755 1.41104 -10.6494
0.431638 1.50909 -10.6495
0.164171 1.56141 -10.6502
-0.107746 1.56752 -10.6507
-0.378141 1.52737 -10.6507
-0.639986 1.43917 -10.6499
-0.882123 1.30473 -10.6481
-1.09541 1.12989 -10.6462
0.882962 -0.328169 -10.6481
0.926348 -0.170628 -10.6484
0.942636 -0.00733527 -10.6492
0.930437 0.157335 -10.6501
0.888986 0.317686 -10.651
0.819868 0.467676 -10.6514
0.725994 0.602803 -10.6512
0.61036 0.71949 -10.6508
0.476368 0.814464 -10.6506
0.32801 0.885102 -10.6505
0.169409 0.929503 -10.6504
0.00478108 0.945977 -10.6502
-0.160757 0.932955 -10.6499
-0.321015 0.890507 -10.6495
-0.47046 0.820585 -10.649
1.26541 -0.357462 -11.469
1.308 -0.133768 -11.4699
1.31242 0.0946803 -11.4713
1.27718 0.322155 -11.4728
1.20145 0.540844 -11.4739
1.08829 0.742099 -11.4742
0.942501 0.919884 -11.4736
0.768546 1.06954 -11.473
0.571484 1.18679 -11.4728
0.357394 1.26838 -11.473
0.132338 1.31234 -11.4732
-0.0980357 1.31704 -11.473
-0.326949 1.28057 -11.4725
-0.545554 1.20353 -11.4715
-0.746083 1.08936 -11.4703
0.693116 -0.27335 -8.08648
0.729113 -0.149397 -8.08639
0.743792 -0.0210285 -8.08641
0.736805 0.108533 -8.08661
0.707668 0.235777 -8.08698
0.656256 0.356213 -8.08747
0.584181 0.465139 -8.08779
0.494325 0.559185 -8.08784
0.389733 0.635981 -8.08772
0.273575 0.693542 -8.08758
0.149276 0.73048 -8.08741
0.02015 0.745995 -8.08719
-0.11043 0.739276 -8.08701
-0.238274 0.709537 -8.08693
-0.35851 0.657301 -8.08687
-0.466944 0.584633 -8.08678
-0.560406 0.494341 -8.0867
1.36943 -0.598579 -11.6031
-1.0864 1.03153 -11.6036
1.98875 -0.713461 -12.2178
-1.63024 1.35153 -12.2184
2.5182 -0.52266 -11.0685
-2.19383 1.35364 -11.0692
2.56799 -0.0799233 -11.0689
2.54225 0.363615 -11.0702
2.4428 0.797092 -11.0722
2.27004 1.21086 -11.074
2.0242 1.59103 -11.0749
1.71451 1.9207 -11.0743
1.35381 2.18963 -11.073
0.953084 2.39127 -11.0722
0.524002 2.51992 -11.0723
0.080514 2.57241 -11.073
-0.364708 2.54904 -11.0739
-0.80181 2.45047 -11.0742
-1.21895 2.27512 -11.0736
-1.59871 2.02698 -11.072
-1.92689 1.71596 -11.0704
1.45099 -0.352849 -11.6032
1.48996 -0.096792 -11.6035
1.48535 0.163102 -11.6042
1.43595 0.419961 -11.605
1.34135 0.664995 -11.6058
1.20473 0.888719 -11.6061
1.03162 1.08412 -11.6059
0.82772 1.24609 -11.6056
0.599188 1.37027 -11.6054
0.352897 1.45353 -11.6054
0.0955349 1.49395 -11.6053
-0.16629 1.48974 -11.6051
-0.424465 1.43915 -11.6048
-0.669259 1.3431 -11.6044
-0.892109 1.20547 -11.604
2.08032 -0.359102 -12.218
2.11072 0.00530582 -12.2187
2.07948 0.370626 -12.2199
1.98555 0.727722 -12.2212
1.82871 1.06451 -12.2221
1.61451 1.36744 -12.2222
1.3517 1.62699 -12.2216
1.04869 1.83642 -12.221
0.714485 1.99 -12.221
0.359455 2.08385 -12.2212
-0.00660617 2.11623 -12.2214
-0.374737 2.08553 -12.2214
-0.734011 1.98977 -12.221
-1.07053 1.83098 -12.2201
-1.37227 1.61553 -12.2191
1.16156 -0.414528 -9.26237
1.21471 -0.207307 -9.26241
1.23205 0.00601508 -9.26257
1.21322 0.219887 -9.26285
1.15787 0.428462 -9.26319
1.06625 0.624637 -9.26353
0.941134 0.800913 -9.2637
0.787358 0.951707 -9.26368
0.610111 1.07311 -9.26358
0.4148 1.16195 -9.26355
0.20728 1.21609 -9.26353
-0.00683318 1.23447 -9.26343
-0.221961 1.21605 -9.26327
-0.431328 1.15995 -9.26309
-0.627187 1.06731 -9.26288
-0.802808 0.941565 -9.26267
-0.952971 0.787361 -9.26251
2.28262 -0.948231 -12.9496
-1.82595 1.67267 -12.9499
3.30327 -1.21762 -13.2415
-2.69432 2.27522 -13.2419
4.17428 -1.05087 -11.5529
-3.57081 2.41688 -11.5534
4.29003 -0.313542 -11.5531
4.27886 0.431063 -11.5537
4.14253 1.16391 -11.5549
3.88181 1.86771 -11.5561
3.49717 2.51977 -11.5571
3.00227 3.09222 -11.5569
2.41759 3.56669 -11.556
1.76142 3.93145 -11.5554
1.0528 4.17613 -11.5555
0.31503 4.29453 -11.5561
-0.430963 4.28634 -11.5566
-1.16853 4.15141 -11.5565
-1.8771 3.8869 -11.556
-2.52819 3.49911 -11.5549
-3.09844 3.00308 -11.554
2.41065 -0.53909 -12.9498
2.46744 -0.114157 -12.9502
2.45155 0.315436 -12.9508
2.36169 0.738168 -12.9515
2.19778 1.14002 -12.9521
1.96509 1.50574 -12.9522
1.67282 1.82363 -12.952
1.33066 2.08522 -12.9517
0.948965 2.28342 -12.9517
0.53939 2.41322 -12.9518
0.113168 2.47181 -12.9518
-0.318805 2.45656 -12.9516
-0.743302 2.36514 -12.9513
-1.14472 2.19942 -12.9508
-1.50926 1.96572 -12.9503
3.46195 -0.628091 -13.2417
3.51823 -0.0207221 -13.2422
3.47102 0.58872 -13.2431
3.31912 1.18459 -13.2441
3.06253 1.7474 -13.2449
2.70993 2.255 -13.245
2.2756 2.69107 -13.2446
1.77361 3.04416 -13.2441
1.21891 3.30452 -13.2442
0.628945 3.46553 -13.2444
0.0200588 3.52426 -13.2445
-0.592911 3.47795 -13.2443
-1.19179 3.32351 -13.2439
-1.754 3.06441 -13.2432
-2.25992 2.71066 -13.2425
1.83512 -0.576464 -10.9345
1.90608 -0.249929 -10.9348
1.92035 0.0839602 -10.9353
1.87767 0.416099 -10.9359
1.77834 0.737176 -10.9362
1.6237 1.03666 -10.9363
1.41841 1.30362 -10.9361
1.16994 1.52957 -10.9358
0.886492 1.70846 -10.9357
0.576698 1.83542 -10.9358
0.249947 1.90729 -10.9361
-0.0846348 1.92265 -10.9364
-0.418079 1.8805 -10.9364
-0.740043 1.78037 -10.9361
-1.03913 1.62465 -10.9355
-1.30535 1.41879 -10.935
-1.53072 1.16997 -10.9346
3.61695 -1.41 -14.8928
-2.9221 2.5631 -14.893
5.29729 -2.01097 -14.6727
-4.29691 3.70293 -14.673
6.65967 -1.97041 -11.996
-5.59206 4.13132 -11.9963
6.89739 -0.788431 -11.9961
6.92977 0.414714 -11.9962
6.75727 1.60691 -11.9968
6.3814 2.75803 -11.9976
5.80333 3.83244 -11.9986
5.04303 4.7862 -11.9987
4.13194 5.58869 -11.9982
3.09856 6.21989 -11.9979
1.97206 6.66139 -11.9982
0.790079 6.901 -11.9986
-0.413241 6.93661 -11.9986
-1.61043 6.76641 -11.998
-2.76768 6.38539 -11.9975
-3.84007 5.80379 -11.9969
-4.7911 5.04346 -11.9965
3.80485 -0.762385 -14.8933
3.87939 -0.0923069 -14.894
3.83859 0.581881 -14.8949
3.68176 1.24151 -14.8956
3.4103 1.86542 -14.8957
3.03271 2.43096 -14.8954
2.56317 2.92006 -14.8949
2.017 3.31931 -14.8947
1.41063 3.61761 -14.8949
0.76277 3.80708 -14.8954
0.0916878 3.88351 -14.8958
-0.584939 3.84356 -14.8958
-1.24658 3.68498 -14.8953
-1.86989 3.4116 -14.8945
-2.43409 3.03323 -14.8936
5.56348 -1.06361 -14.6731
5.66382 -0.085411 -14.6738
5.59592 0.896995 -14.6748
5.35891 1.85721 -14.6755
4.95418 2.76486 -14.6759
4.39499 3.58596 -14.6757
3.7032 4.29416 -14.6752
2.90102 4.87042 -14.6749
2.01208 5.29836 -14.6751
1.06459 5.56648 -14.6756
0.0854941 5.66943 -14.676
-0.900539 5.6028 -14.6759
-1.86431 5.36273 -14.6753
-2.77098 4.95531 -14.6744
-3.59013 4.39549 -14.6736
2.60047 -0.46771 -12.8662
2.64104 -0.00979594 -12.8668
2.60246 0.448217 -12.8677
2.48603 0.893311 -12.8685
2.29446 1.31264 -12.8689
2.03207 1.69283 -12.8687
1.70672 2.02068 -12.868
1.32941 2.28583 -12.8675
0.912223 2.48096 -12.8673
0.46784 2.60069 -12.8676
0.00977155 2.64199 -12.8682
-0.448785 2.60437 -12.8689
-0.894998 2.48847 -12.8691
-1.31512 2.29622 -12.8687
-1.69492 2.03288 -12.8678
-2.0221 1.70707 -12.8669
-2.28676 1.32949 -12.8663
5.17128 -1.39626 -17.3461
-4.38664 3.08168 -17.3462
7.80578 -2.26526 -16.6082
-6.56588 4.79962 -16.6083
10.3961 -2.4508 -12.2774
-8.93684 5.86027 -12.2775
10.6614 -0.611949 -12.2779
10.6064 1.2432 -12.2788
10.2336 3.06197 -12.2799
9.55151 4.79394 -12.2808
8.57166 6.38666 -12.2806
7.32607 7.78152 -12.2797
5.86039 8.93467 -12.279
4.21982 9.81532 -12.2788
2.4516 10.3972 -12.2791
0.61297 10.6636 -12.28
-1.24154 10.6111 -12.281
-3.06396 10.2406 -12.2812
-4.80131 9.55385 -12.2803
-6.39183 8.57129 -12.2791
-7.78443 7.32643 -12.2781
5.33345 -0.478629 -17.3469
5.3355 0.452968 -17.3482
5.1776 1.3719 -17.3495
4.86297 2.25179 -17.3501
4.39819 3.06504 -17.3498
3.79753 3.78369 -17.3488
3.08163 4.38506 -17.348
2.2732 4.85217 -17.3478
1.39662 5.17173 -17.3481
0.478852 5.33513 -17.349
-0.453438 5.3388 -17.3501
-1.37437 5.18175 -17.3504
-2.256 4.86563 -17.3498
-3.06866 4.39923 -17.3485
-3.78614 3.798 -17.3471
8.07855 -0.877891 -16.609
8.10854 0.534938 -16.6103
7.8953 1.93284 -16.6117
7.44302 3.27614 -16.6125
6.76031 4.52335 -16.6121
5.8687 5.63092 -16.6111
4.79965 6.5639 -16.6102
3.58672 7.29619 -16.6099
2.26589 7.80652 -16.6103
0.878536 8.08064 -16.6113
-0.534671 8.11279 -16.6125
-1.93539 7.90083 -16.6129
-3.28179 7.44587 -16.612
-4.528 6.76097 -16.6106
-5.63389 5.86912 -16.6092
3.26021 0.0553446 -15.335
3.20018 0.620168 -15.3357
3.04367 1.16606 -15.3367
2.79554 1.677 -15.3377
2.46281 2.1379 -15.3382
2.05459 2.5343 -15.3378
1.5831 2.85305 -15.3369
1.06337 3.08421 -15.3362
0.511633 3.22123 -15.336
-0.0553222 3.26036 -15.3363
-0.620285 3.20086 -15.3371
-1.16659 3.04506 -15.338
-1.67833 2.79737 -15.3384
-2.13976 2.46422 -15.3379
-2.53587 2.0553 -15.3369
-2.85413 1.58343 -15.3358
-3.08491 1.06349 -15.335
6.49502 -0.451292 -20.0952
-5.95247 2.64617 -20.0953
9.93875 -0.753005 -18.7004
-9.08544 4.10757 -18.7004
13.8371 -0.358277 -12.6876
-12.8829 5.0699 -12.6877
13.6881 2.04872 -12.6883
13.1245 4.39276 -12.6895
12.1637 6.60386 -12.6906
10.8342 8.61634 -12.6914
9.1728 10.3694 -12.6907
7.23078 11.806 -12.6894
5.06987 12.8819 -12.6888
2.75602 13.5659 -12.6887
0.358519 13.8376 -12.6889
-2.04847 13.6891 -12.6898
-4.39238 13.1267 -12.6911
-6.60497 12.167 -12.6917
-8.61967 10.8355 -12.6907
-10.3718 9.17296 -12.6895
-11.8075 7.23109 -12.6884
6.47343 0.682546 -20.0962
6.25637 1.79538 -20.0976
5.8506 2.85437 -20.099
5.26754 3.82816 -20.0996
4.52313 4.68665 -20.0991
3.6399 5.4018 -20.0979
2.64602 5.95135 -20.0969
1.57234 6.31937 -20.0967
0.451396 6.49531 -20.0971
-0.682596 6.47457 -20.0982
-1.79596 6.25864 -20.0994
-2.85624 5.85351 -20.1
-3.83111 5.26958 -20.0992
-4.6892 4.52408 -20.0978
-5.40355 3.64037 -20.0963
9.91719 0.98313 -18.7013
9.59574 2.68892 -18.7027
8.98435 4.31372 -18.7042
8.10056 5.8094 -18.7049
6.96874 7.13016 -18.7043
5.62342 8.23317 -18.703
4.10746 9.0842 -18.702
2.46756 9.65848 -18.7018
0.753202 9.93916 -18.7022
-0.983015 9.91848 -18.7033
-2.68917 9.59832 -18.7047
-4.31554 8.98771 -18.7053
-5.81281 8.1026 -18.7044
-7.13303 6.96951 -18.7029
-8.23508 5.62386 -18.7014
0 0 -5
0 0 -5
0 0 -5
0 0 -5
0 0 -5
0 0 -5
0 0 -5
0 0 -5
0 0 -5
0 0 -5
0 0 -5
0 0 -5
0 0 -5
0 0 -5
0 0 -5
0 0 -5
0 0 -5
0 0 -5
0 0 -5
0 0 -5
0 0 -5
0 0 -5
0 0 -5
0 0 -5
0 0 -5
0 0 -5
0 0 -5
0 0 -5
0 0 -5
0 0 -5
0 0 -5
0 0 -5
0 0 -5
0 0 -5
0 0 -5
0 0 -5
0 0 -5
0 0 -5
0 0 -5
0 0 -5
0 0 -5
0 0 -5
0 0 -5
0 0 -5
0 0 -5
0 0 -5
0 0 -5
0 0 -5
0 0 -5
0 0 -5
0 0 -5
0 0 -5
0 0 -5
0 0 -5
0 0 -5
0 0 -5
0 0 -5
0 0 -5
0 0 -5
0 0 -5
0 0 -5
0 0 -5
0 0 -5
0 0 -5
0 0 -5
0 0 -5
0 0 -5
0 0 -5
0 0 -5
0 0 -5
0 0 -5
0 0 -5
0 0 -5
0 0 -5
0 0 -5
0 0 -5
0 0 -5
0 0 -5
0 0 -5
0 0 -5
0 0 -5
0 0 -5
0 0 -5
0 0 -5
0 0 -5
0 0 -5
0 0 -5
0 0 -5
0 0 -5
0 0 -5
0 0 -5
0 0 -5
0 0 -5
0 0 -5
0 0 -5
0 0 -5
0 0 -5
0 0 -5
0 0 -5
0 0 -5
0 0 -5
0 0 -5
0 0 0
0 0 0
0 0 0
0 0 0
0 0 0
0 0 0
0 0 0
0 0 0
0 0 0
0 0 0
0 0 0
0 0 0
0 0 0
0 0 0
0 0 0
0 0 0
0 0 0
0 0 0
0 0 0
0 0 0
0 0 0
0 0 0
0 0 0
0 0 0
0 0 0
0 0 0
0 0 0
0 0 0
0 0 0
0 0 0
0 0 0
0 0 0
0 0 0
0 0 0
0 0 0
0 0 0
0 0 0
0 0 0
0 0 0
0 0 0
0 0 0
0 0 0
0 0 0
0 0 0
0 0 0
0 0 0
0 0 0
0 0 0
0 0 0
0 0 0
0 0 0
0 0 0
0 0 0
0 0 0
0 0 0
0 0 0
0 0 0
0 0 0
0 0 0
0 0 0
0 0 0
0 0 0
0 0 0
0 0 0
0 0 0
0 0 0
0 0 0
0 0 0
0 0 0
0 0 0
0 0 0
0 0 0
0 0 0
0 0 0
0 0 0
0 0 0
0 0 0
0 0 0
0 0 0
0 0 0
0 0 0
0 0 0
0 0 0
0 0 0
0 0 0
0 0 0
0 0 0
0 0 0
0 0 0
0 0 0
0 0 0
0 0 0
0 0 0
0 0 0
0 0 0
0 0 0
0 0 0
0 0 0
0 0 0
0 0 0
0 0 0
0 0 0
0 0 0
0 0 0
0 0 0
0 0 0
0 0 0
0 0 0
0 0 0
0 0 0
0 0 0
0 0 0
0 0 0
0 0 0
0 0 0
0 0 0
0 0 0
0 0 0
0 0 0
0 0 0
0 0 0
0 0 0
0 0 0
0 0 0
0 0 0
0 0 0
0 0 0
0 0 0
0 0 0
0 0 0
0 0 0
0 0 0
0 0 0
0 0 0
0 0 0
0 0 0
0 0 0
0 0 0
0 0 0
0 0 0
0 0 0
0 0 0
0 0 0
0 0 0
0 0 0
0 0 0
0 0 0
0 0 0
0 0 0
0 0 0
0 0 0
0 0 0
0 0 0
0 0 0
0 0 0
0 0 0
0 0 0
0 0 0
0 0 0
0 0 0
0 0 0
0 0 0
0 0 0
0 0 0
0 0 0
0 0 0
0 0 0
0 0 0
0 0 0
0 0 0
0 0 0
0 0 0
0 0 0
0 0 0
0 0 0
0 0 0
0 0 0
0 0 0
0 0 0
0 0 0
0 0 0
0 0 0
0 0 0
0 0 0
0 0 0
0 0 0
0 0 0
0 0 0
0 0 0
0 0 0
0 0 0
0 0 0
0 0 0
0 0 0
0 0 0
0 0 0
0 0 0
0 0 0
0 0 0
0 0 0
0 0 0
0 0 0
0 0 0
0 0 0
0 0 0
0 0 0
0 0 0
0 0 0
0 0 0
0 0 0
0 0 0
0 0 0
0 0 0
0 0 0
0 0 0
0 0 0
0 0 0
0 0 0
0 0 0
0 0 0
0 0 0
0 0 0
0 0 0
0 0 0
0 0 0
0 0 0
0 0 0
0 0 0
0 0 0
0 0 0
0 0 0
0 0 0
0 0 0
0 0 0
0 0 0
0 0 0
0 0 0
0 0 0
-19.646 -3.46413 -0.129375
-18.746 -6.823 -0.129378
-17.2764 -9.97456 -0.129387
-15.2819 -12.823 -0.129397
-12.823 -15.2819 -0.129409
-9.97456 -17.2764 -0.129408
-6.823 -18.746 -0.129396
-3.46413 -19.646 -0.129389
1.50606e-13 -19.9491 -0.129389
3.46413 -19.646 -0.129388
6.823 -18.746 -0.129396
9.97456 -17.2764 -0.129413
12.823 -15.2819 -0.129422
15.2819 -12.823 -0.129414
17.2764 -9.97456 -0.129402
18.746 -6.823 -0.129389
19.646 -3.46413 -0.129381
-0.0159755 -0.11146 -5.67851
-0.137667 -0.851203 -6.80849
-0.243695 -1.56464 -7.4562
-0.259546 -1.88657 -7.93693
-0.172457 -1.84767 -8.28098
0.0281776 -1.55463 -8.5148
0.364452 -1.14592 -8.6517
0.8787 -0.784431 -8.74601
1.63794 -0.673588 -8.85375
2.74922 -1.03925 -8.95109
4.36337 -2.0664 -8.93387
6.84093 -3.65496 -8.20627
10.3539 -5.60549 -7.1427
-0.0358887 -0.106178 -5.6781
-0.284556 -0.813066 -6.8084
-0.512899 -1.49732 -7.45632
-0.584393 -1.81155 -7.93724
-0.491639 -1.78871 -8.28139
-0.242743 -1.53559 -8.51547
0.159934 -1.19228 -8.65269
0.729688 -0.926337 -8.74736
1.49708 -0.949669 -8.85534
2.52827 -1.50334 -8.95261
3.93965 -2.7961 -8.93469
6.10364 -4.79233 -8.2059
9.22413 -7.32348 -7.14226
-0.0536522 -0.0967554 -5.67716
-0.421158 -0.749078 -6.80826
-0.764922 -1.38346 -7.45652
-0.889854 -1.6804 -7.93781
-0.794605 -1.67463 -8.2822
-0.505673 -1.46958 -8.51675
-0.0497539 -1.20263 -8.65448
0.557152 -1.0408 -8.74968
1.30832 -1.19792 -8.85804
2.22703 -1.92299 -8.95521
3.39159 -3.44242 -8.93613
5.17488 -5.78647 -8.20524
7.80828 -8.82183 -7.14166
-0.0679029 -0.0844127 -5.67581
-0.54249 -0.662636 -6.80825
-0.991443 -1.22784 -7.45674
-1.16605 -1.49854 -7.93851
-1.07182 -1.51001 -8.28327
-0.752624 -1.35912 -8.51842
-0.258527 -1.17637 -8.65674
0.365871 -1.12315 -8.75247
1.07686 -1.4088 -8.86118
1.85403 -2.28272 -8.95826
2.73505 -3.98196 -8.93817
4.08241 -6.60177 -8.2052
6.14978 -10.0495 -7.14114
-0.0791077 -0.0722811 -5.67546
-0.646156 -0.559468 -6.80853
-1.18663 -1.03794 -7.4569
-1.40542 -1.27419 -7.93884
-1.31528 -1.30167 -8.28374
-0.975864 -1.20814 -8.51912
-0.45908 -1.11344 -8.6576
0.163421 -1.16879 -8.75344
0.81234 -1.57283 -8.86222
1.42419 -2.56767 -8.95938
1.99451 -4.39331 -8.93931
2.86353 -7.20699 -8.20604
4.3004 -10.9628 -7.14171
-0.0927665 -0.0605555 -5.67725
-0.735903 -0.442671 -6.80987
-1.35096 -0.81976 -7.4589
-1.60723 -1.01462 -7.9413
-1.52244 -1.05653 -8.28657
-1.17094 -1.02196 -8.52175
-0.644486 -1.0166 -8.65965
-0.040119 -1.17737 -8.75452
0.529445 -1.6864 -8.86213
0.959655 -2.77114 -8.95835
1.20494 -4.66647 -8.93855
1.57422 -7.58499 -8.20741
2.33872 -11.5316 -7.14327
-0.105035 -0.0435658 -5.67921
-0.805672 -0.308768 -6.81145
-1.47637 -0.573459 -7.46137
-1.76267 -0.721005 -7.9442
-1.68549 -0.776941 -8.2897
-1.33185 -0.803681 -8.52439
-0.8106 -0.889416 -8.66133
-0.241506 -1.15233 -8.75484
0.2326 -1.75237 -8.8609
0.469375 -2.89546 -8.95587
0.384149 -4.80475 -8.93622
0.245609 -7.74265 -8.20733
0.315018 -11.7611 -7.14419
-0.11094 -0.0237239 -5.67973
-0.84754 -0.163157 -6.81194
-1.55397 -0.307615 -7.46188
-1.86183 -0.403055 -7.94464
-1.79552 -0.471564 -8.29011
-1.45165 -0.559427 -8.52451
-0.952681 -0.734629 -8.66101
-0.437222 -1.09276 -8.75393
-0.0738023 -1.76662 -8.85941
-0.0383213 -2.93435 -8.9541
-0.452628 -4.80123 -8.9349
-1.09755 -7.67223 -8.2071
-1.7268 -11.6418 -7.14401
-0.112362 -0.00469978 -5.67968
-0.861886 -0.0139524 -6.81176
-1.58276 -0.0335124 -7.46135
-1.90265 -0.0737533 -7.94389
-1.84949 -0.152319 -8.28929
-1.52638 -0.298147 -8.5237
-1.06563 -0.557078 -8.66026
-0.620298 -0.999276 -8.75328
-0.379417 -1.72635 -8.85891
-0.547227 -2.88326 -8.9538
-1.27969 -4.65086 -8.93482
-2.41434 -7.36692 -8.20713
-3.72408 -11.1665 -7.14397
-0.112596 0.0144758 -5.67978
-0.852407 0.135679 -6.81196
-1.5656 0.241585 -7.46192
-1.88745 0.25775 -7.94473
-1.84842 0.171511 -8.2903
-1.55518 -0.0278487 -8.52486
-1.14606 -0.362614 -8.66157
-0.784038 -0.875356 -8.75471
-0.67296 -1.63335 -8.86034
-1.0392 -2.74396 -8.95494
-2.06764 -4.35828 -8.93534
-3.65641 -6.83685 -8.20704
-5.6055 -10.3513 -7.14383
-0.108273 0.0347579 -5.67925
-0.815263 0.282582 -6.81149
-1.49933 0.510462 -7.46143
-1.81318 0.582357 -7.94432
-1.78971 0.490628 -8.28996
-1.53575 0.243327 -8.52487
-1.19142 -0.157442 -8.66215
-0.924403 -0.725216 -8.75605
-0.947027 -1.49081 -8.86241
-1.50096 -2.52072 -8.95736
-2.79501 -3.93201 -8.93718
-4.79198 -6.09811 -8.20737
-7.3226 -9.22184 -7.1437
-0.0974537 0.0524327 -5.67727
-0.749849 0.418557 -6.80986
-1.38445 0.761735 -7.45889
-1.68098 0.886898 -7.9413
-1.67469 0.792717 -8.28664
-1.4689 0.505631 -8.52198
-1.20108 0.0520608 -8.66015
-1.03825 -0.552324 -8.75536
-1.19458 -1.30107 -8.86326
-1.91965 -2.21769 -8.95951
-3.44047 -3.38106 -8.93929
-5.78714 -5.16552 -8.2073
-8.82427 -7.80281 -7.14269
-0.0851097 0.0650823 -5.67547
-0.664006 0.538109 -6.80849
-1.22958 0.986566 -7.45677
-1.50007 1.16114 -7.9386
-1.51087 1.0682 -8.28341
-1.35882 0.75132 -8.51871
-1.17463 0.260279 -8.65715
-1.11983 -0.360892 -8.75302
-1.40405 -1.0689 -8.86185
-2.27705 -1.8436 -8.95904
-3.97644 -2.72266 -8.93887
-6.59818 -4.06858 -8.20542
-10.049 -6.13747 -7.14126
-0.0750413 0.0783655 -5.67581
-0.563736 0.644678 -6.80816
-1.04262 1.18465 -7.45651
-1.27886 1.40353 -7.93806
-1.305 1.31392 -8.28254
-1.20917 0.975549 -8.51732
-1.11157 0.460184 -8.65527
-1.16396 -0.160784 -8.75071
-1.56533 -0.808407 -8.8593
-2.55801 -1.41962 -8.95652
-4.38198 -1.99039 -8.93682
-7.19452 -2.86126 -8.20438
-10.9516 -4.30054 -7.14081
-0.061708 0.0920468 -5.67717
-0.445171 0.735107 -6.80818
-0.822822 1.34987 -7.4563
-1.01749 1.6065 -7.93735
-1.05836 1.52202 -8.28139
-1.02208 1.17099 -8.51548
-1.01464 0.645086 -8.65272
-1.1733 0.0412494 -8.74752
-1.68042 -0.528159 -8.85571
-2.76353 -0.959122 -8.95311
-4.65788 -1.20639 -8.93469
-7.57731 -1.57803 -8.20462
-11.527 -2.34301 -7.14147
-0.0446286 0.102957 -5.67812
-0.310614 0.803531 -6.80836
-0.575719 1.47439 -7.45621
-0.722881 1.76105 -7.93698
-0.777903 1.68432 -8.28088
-0.803322 1.33122 -8.51461
-0.887611 0.810576 -8.65142
-1.14916 0.241994 -8.74574
-1.74803 -0.232068 -8.85355
-2.89021 -0.469708 -8.95097
-4.79916 -0.386002 -8.93356
-7.73822 -0.247724 -8.20549
-11.7591 -0.315652 -7.14224
-0.0251389 0.109832 -5.67853
-0.164968 0.8464 -6.80849
-0.309495 1.55306 -7.45621
-0.404631 1.86101 -7.9369
-0.472467 1.79472 -8.28084
-0.559457 1.45088 -8.51448
-0.733802 0.952048 -8.65115
-1.09123 0.436766 -8.74525
-1.76456 0.0732151 -8.85288
-2.93187 0.0368989 -8.95028
-4.79833 0.449956 -8.93331
-7.66918 1.09504 -8.20608
-11.6395 1.72614 -7.14271
0.146575 -0.839267 -3.81563
0.289749 -0.801221 -3.81566
0.424383 -0.738886 -3.81571
0.546473 -0.653921 -3.81576
0.652097 -0.548712 -3.8158
0.737603 -0.426681 -3.81579
0.800391 -0.292001 -3.81576
0.838882 -0.148737 -3.81574
0.851984 -0.000968253 -3.81573
0.83922 0.146828 -3.81574
0.801057 0.290177 -3.81576
0.738575 0.424997 -3.81579
0.653345 0.547221 -3.8158
0.547956 0.652672 -3.81577
0.426051 0.737917 -3.81572
0.291549 0.800562 -3.81567
0.148452 0.838934 -3.81564
0.185837 -1.06908 -5.29276
0.189612 1.06841 -5.29277
0.144257 -0.839799 -5.75819
0.149917 0.838792 -5.7582
0.0638738 -0.38984 -5.80439
0.0713551 0.388509 -5.8044
0.129853 -0.373472 -5.80431
0.192742 -0.346298 -5.80409
0.251085 -0.308307 -5.80383
0.302189 -0.259152 -5.80391
0.341759 -0.20084 -5.80441
0.369792 -0.138113 -5.80496
0.387901 -0.0723494 -5.80516
0.394928 -0.00384022 -5.80517
0.389249 0.0647876 -5.80514
0.372434 0.130902 -5.80494
0.345598 0.19419 -5.8044
0.307106 0.25326 -5.80392
0.25693 0.303359 -5.80385
0.199335 0.342447 -5.80411
0.136998 0.370841 -5.80432
0.368121 -1.02087 -5.29279
0.539695 -0.94179 -5.29284
0.695502 -0.833813 -5.29291
0.830372 -0.699781 -5.29299
0.939333 -0.544125 -5.29303
1.0192 -0.372512 -5.29304
1.06828 -0.190117 -5.29303
1.08512 -0.00194336 -5.29303
1.06896 0.186288 -5.29303
1.02054 0.368854 -5.29303
0.941282 0.54075 -5.29303
0.832871 0.696792 -5.29299
0.698472 0.831306 -5.29293
0.54304 0.939843 -5.29287
0.371735 1.01954 -5.29281
0.287233 -0.802453 -5.7582
0.422149 -0.741024 -5.75821
0.545162 -0.656754 -5.75823
0.651858 -0.551372 -5.75834
0.737478 -0.428541 -5.75849
0.799874 -0.293642 -5.75862
0.838494 -0.150635 -5.75867
0.852048 -0.00290864 -5.75868
0.839512 0.144905 -5.75867
0.801874 0.288173 -5.75861
0.740391 0.423496 -5.75849
0.655591 0.546903 -5.75835
0.549598 0.653002 -5.75825
0.427149 0.738107 -5.75824
0.292645 0.800462 -5.75823
-0.00236992 -0.00664852 -3.25719
-0.0016312 -0.00720127 -3.25721
-0.000461181 -0.00761459 -3.25725
0.00120717 -0.00753895 -3.25731
0.00300748 -0.0067042 -3.25741
0.00428242 -0.00544098 -3.25753
0.00498951 -0.00442626 -3.25761
0.00556519 -0.00369645 -3.25764
0.006131 -0.00291289 -3.25764
0.00657978 -0.00204505 -3.25763
0.00699025 -0.00106055 -3.2576
0.00720788 0.000376818 -3.25752
0.00676584 0.0022206 -3.25742
0.00567843 0.00377889 -3.25735
0.0045782 0.00469735 -3.2573
0.00381607 0.00521388 -3.25725
0.00331942 0.00564391 -3.25721
-0.000608744 -0.0356816 -5.43525
0.0107455 0.0336767 -5.43529
-0.0285926 0.105127 -6.55844
-0.0117037 -0.108109 -6.55848
-0.0877624 0.42391 -6.92488
-0.0655153 -0.427834 -6.92491
-0.161106 0.40114 -6.92481
-0.228196 0.365451 -6.9247
-0.286507 0.319216 -6.92467
-0.335661 0.26577 -6.92502
-0.377745 0.206069 -6.92598
-0.410149 0.138069 -6.92699
-0.428564 0.064117 -6.92738
-0.432845 -0.0113718 -6.92737
-0.424597 -0.0865178 -6.92735
-0.402337 -0.159439 -6.92696
-0.366363 -0.225763 -6.92598
-0.321073 -0.28321 -6.92506
-0.269148 -0.333866 -6.92475
-0.20859 -0.376842 -6.9248
-0.139853 -0.408912 -6.92488
0.00485124 -0.0357443 -5.43527
0.0108904 -0.034934 -5.43531
0.0175 -0.0326275 -5.4354
0.0238123 -0.0282764 -5.4356
0.0284128 -0.0225147 -5.4359
0.0313218 -0.0168328 -5.43616
0.0334787 -0.0114496 -5.43627
0.0349869 -0.0058092 -5.43628
0.0355034 1.71857e-06 -5.43625
0.0353119 0.00589808 -5.43613
0.0342412 0.0124262 -5.43589
0.031295 0.0193441 -5.43563
0.0264023 0.0251328 -5.43546
0.0209302 0.0291147 -5.43539
0.015714 0.031778 -5.43534
-0.0473472 0.0977787 -6.55843
-0.0636128 0.0870356 -6.55843
-0.0766141 0.0741928 -6.55849
-0.0870026 0.0607771 -6.55879
-0.0965535 0.0465564 -6.55935
-0.104435 0.0296909 -6.5599
-0.108511 0.0106831 -6.56013
-0.108617 -0.00863635 -6.56015
-0.105499 -0.0276989 -6.56011
-0.0985029 -0.0459348 -6.55987
-0.0878986 -0.0615358 -6.55935
-0.0758994 -0.0740406 -6.55883
-0.0634033 -0.0853276 -6.55857
-0.0487036 -0.0956875 -6.55853
-0.0312009 -0.103679 -6.55851
-0.036728 0.164928 -3.46746
-0.0653018 0.155786 -3.46745
-0.091484 0.14183 -3.46746
-0.114373 0.123837 -3.46751
-0.133596 0.102637 -3.46767
-0.149197 0.0785641 -3.46793
-0.160731 0.0516825 -3.46817
-0.167386 0.0227769 -3.46827
-0.168792 -0.00691196 -3.46828
-0.164982 -0.0364019 -3.46824
-0.155988 -0.0647075 -3.46813
-0.142254 -0.0905906 -3.46791
-0.124666 -0.113287 -3.4677
-0.103741 -0.13277 -3.46759
-0.0794925 -0.148762 -3.46756
-0.0523304 -0.160512 -3.46754
-0.0231702 -0.167319 -3.46751
-0.0934899 0.444631 -5.81476
-0.0664211 -0.449406 -5.81483
-0.160767 0.785644 -7.15034
-0.120464 -0.792753 -7.15042
-0.233976 1.16184 -7.63169
-0.180713 -1.17123 -7.63175
-0.433324 1.10248 -7.63172
-0.618137 1.00894 -7.63181
-0.782387 0.88531 -7.63202
-0.92236 0.737104 -7.63261
-1.03718 0.568273 -7.63397
-1.12219 0.380347 -7.63541
-1.17182 0.179198 -7.63591
-1.18484 -0.0271331 -7.63583
-1.16239 -0.232661 -7.63585
-1.1036 -0.431384 -7.63534
-1.01003 -0.615325 -7.63396
-0.8875 -0.778763 -7.63272
-0.74086 -0.920296 -7.63223
-0.571207 -1.03614 -7.63204
-0.382447 -1.12104 -7.63188
-0.170094 0.421116 -5.81476
-0.240761 0.384594 -5.81479
-0.303171 0.336843 -5.81492
-0.356094 0.279936 -5.81525
-0.399173 0.215107 -5.8158
-0.430992 0.142987 -5.81632
-0.449571 0.0656691 -5.81655
-0.454124 -0.0137959 -5.81657
-0.444774 -0.0928591 -5.8165
-0.42153 -0.168968 -5.81626
-0.385331 -0.239085 -5.81578
-0.338301 -0.301168 -5.81531
-0.281983 -0.354657 -5.81505
-0.216851 -0.398426 -5.81496
-0.144212 -0.43055 -5.8149
-0.295771 0.744985 -7.15036
-0.420699 0.681285 -7.15042
-0.531495 0.597445 -7.15061
-0.625803 0.497105 -7.1511
-0.702816 0.38272 -7.15201
-0.759751 0.255546 -7.1529
-0.793084 0.119358 -7.15327
-0.801681 -0.0205357 -7.15329
-0.785947 -0.159825 -7.15321
-0.745676 -0.294196 -7.15282
-0.682239 -0.418374 -7.15199
-0.599366 -0.528674 -7.15119
-0.500009 -0.623941 -7.15079
-0.385143 -0.70187 -7.15063
-0.257255 -0.759031 -7.15052
-0.056255 0.230145 -4.02327
-0.0958323 0.216634 -4.02324
-0.132117 0.196462 -4.02323
-0.163904 0.170574 -4.0233
-0.190517 0.140027 -4.02352
-0.211738 0.105479 -4.0239
-0.226977 0.067343 -4.02424
-0.235344 0.026711 -4.02438
-0.236405 -0.0148563 -4.02438
-0.23018 -0.055995 -4.02432
-0.216787 -0.0953387 -4.02415
-0.196815 -0.131333 -4.02385
-0.171313 -0.162924 -4.02357
-0.14103 -0.189778 -4.02344
-0.106307 -0.211371 -4.02341
-0.0678968 -0.226805 -4.02339
-0.0270383 -0.235296 -4.02336
-0.138875 0.610646 -6.59514
-0.0804165 -0.620954 -6.59528
-0.232947 1.05757 -7.9498
-0.145481 -1.07299 -7.94996
-0.323541 1.48557 -8.32252
-0.207122 -1.5061 -8.32265
-0.577704 1.40574 -8.32264
-0.812981 1.28254 -8.32296
-1.02183 1.12091 -8.32349
-1.19907 0.927498 -8.32437
-1.34264 0.707729 -8.32613
-1.44718 0.464709 -8.32787
-1.50661 0.205833 -8.32837
-1.51923 -0.0591845 -8.3282
-1.48605 -0.322441 -8.32827
-1.40666 -0.576037 -8.32773
-1.2834 -0.81038 -8.3261
-1.12295 -1.01837 -8.32456
-0.931119 -1.1972 -8.32388
-0.710456 -1.34185 -8.3234
-0.466534 -1.44626 -8.32295
-0.243582 0.576752 -6.59514
-0.340164 0.525132 -6.59521
-0.425519 0.457981 -6.59543
-0.497657 0.377934 -6.5959
-0.555569 0.286994 -6.59666
-0.597448 0.186646 -6.59735
-0.621082 0.0797797 -6.59764
-0.625492 -0.0297228 -6.59764
-0.610754 -0.138358 -6.59754
-0.577076 -0.242622 -6.59722
-0.52575 -0.338663 -6.5966
-0.459299 -0.423685 -6.596
-0.379823 -0.496364 -6.59566
-0.288577 -0.554942 -6.59551
-0.187712 -0.597098 -6.59539
-0.414032 1.00027 -7.94987
-0.581501 0.912195 -7.95006
-0.730018 0.796931 -7.95044
-0.855985 0.659025 -7.95117
-0.957549 0.502163 -7.95237
-1.03129 0.328976 -7.95347
-1.07327 0.144537 -7.95389
-1.08201 -0.0444688 -7.95387
-1.05782 -0.232163 -7.95378
-1.00083 -0.412673 -7.95332
-0.912991 -0.579384 -7.95232
-0.798691 -0.72739 -7.95131
-0.661753 -0.854302 -7.95077
-0.504393 -0.956774 -7.95045
-0.330474 -1.03071 -7.95017
-0.0756362 0.252832 -4.66428
-0.118771 0.235659 -4.66422
-0.157997 0.211261 -4.6642
-0.192032 0.180644 -4.66429
-0.220056 0.144966 -4.66457
-0.241699 0.105116 -4.66504
-0.256381 0.061775 -4.66546
-0.263321 0.0161541 -4.66563
-0.262129 -0.0301097 -4.66561
-0.252861 -0.0754998 -4.66552
-0.235742 -0.118503 -4.6653
-0.211466 -0.157501 -4.66495
-0.181143 -0.191355 -4.66462
-0.145669 -0.219553 -4.66449
-0.105663 -0.241477 -4.66447
-0.0620942 -0.256288 -4.66446
-0.016326 -0.263289 -4.66441
-0.178042 0.65753 -7.47618
-0.0592097 -0.678484 -7.47641
-0.287975 1.10487 -8.79843
-0.109398 -1.13637 -8.79869
-0.388446 1.49662 -8.96779
-0.149283 -1.53882 -8.96804
-0.643321 1.40559 -8.96793
-0.877592 1.27139 -8.9684
-1.08387 1.09903 -8.9692
-1.25669 0.895019 -8.97039
-1.39341 0.665302 -8.97253
-1.48935 0.414019 -8.9745
-1.53928 0.148596 -8.97497
-1.54154 -0.121425 -8.97468
-1.49712 -0.387812 -8.97476
-1.40627 -0.642396 -8.97421
-1.27192 -0.875899 -8.97242
-1.10047 -1.08141 -8.97065
-0.897663 -1.25549 -8.96982
-0.667112 -1.39306 -8.96913
-0.415024 -1.48878 -8.96848
-0.290152 0.616224 -7.47617
-0.392871 0.556037 -7.47628
-0.482934 0.479298 -7.47658
-0.558054 0.388817 -7.4772
-0.616911 0.287042 -7.47815
-0.657754 0.176008 -7.47896
-0.678593 0.058866 -7.47927
-0.678511 -0.0603293 -7.47923
-0.65764 -0.177755 -7.47909
-0.616431 -0.289605 -7.47871
-0.55641 -0.391895 -7.47801
-0.480202 -0.481649 -7.47732
-0.390164 -0.557173 -7.47695
-0.288106 -0.61654 -7.47676
-0.176636 -0.657549 -7.47658
-0.476255 1.03747 -8.79851
-0.649242 0.938256 -8.7988
-0.801482 0.810966 -8.79936
-0.929015 0.660279 -8.80032
-1.02956 0.490437 -8.80179
-1.09993 0.304857 -8.80306
-1.13662 0.108888 -8.80348
-1.13824 -0.0906626 -8.80338
-1.10514 -0.287526 -8.80327
-1.03787 -0.475475 -8.80278
-0.938746 -0.647851 -8.80165
-0.812191 -0.799623 -8.80051
-0.662251 -0.927885 -8.79987
-0.491939 -1.02913 -8.79943
-0.305729 -1.09957 -8.79902
-0.103863 0.250023 -5.31954
-0.145928 0.228078 -5.31946
-0.183395 0.199163 -5.31945
-0.215059 0.16431 -5.31958
-0.240052 0.124726 -5.31993
-0.257908 0.0815311 -5.32047
-0.268189 0.0356956 -5.32092
-0.270391 -0.0115251 -5.32107
-0.264291 -0.0585614 -5.32101
-0.250054 -0.103885 -5.32089
-0.228073 -0.145987 -5.32065
-0.19915 -0.183353 -5.3203
-0.164422 -0.214875 -5.31998
-0.124936 -0.239925 -5.31986
-0.0816247 -0.257908 -5.31985
-0.0356506 -0.268207 -5.31981
0.0115942 -0.270377 -5.31974
-0.230786 0.630101 -8.3407
0.000481007 -0.670875 -8.34103
-0.35846 1.0114 -9.58703
-0.0102214 -1.07281 -9.58744
-0.470005 1.29454 -9.51683
-0.00237951 -1.37705 -9.51726
-0.688128 1.19289 -9.51705
-0.884789 1.05485 -9.51778
-1.05393 0.885055 -9.51901
-1.19065 0.689181 -9.52054
-1.29219 0.473216 -9.52281
-1.35551 0.242156 -9.52462
-1.37741 0.00262517 -9.52485
-1.35687 -0.237244 -9.52441
-1.29506 -0.469981 -9.52448
-1.19327 -0.688293 -9.5241
-1.05488 -0.884579 -9.52254
-0.885428 -1.05319 -9.52087
-0.690088 -1.19054 -9.51992
-0.47347 -1.29247 -9.5189
-0.241873 -1.35543 -9.51792
-0.337073 0.580241 -8.34069
-0.432803 0.512672 -8.34087
-0.514965 0.429723 -8.34131
-0.581261 0.334198 -8.34209
-0.630257 0.228879 -8.34313
-0.66061 0.116306 -8.34396
-0.670958 -0.000364624 -8.3442
-0.660721 -0.117314 -8.34408
-0.630233 -0.230799 -8.3439
-0.580305 -0.337136 -8.34354
-0.512682 -0.432667 -8.34288
-0.429949 -0.514585 -8.34222
-0.33463 -0.581045 -8.34184
-0.229088 -0.630273 -8.34157
-0.116243 -0.660608 -8.34129
-0.529099 0.933491 -9.58715
-0.683218 0.827104 -9.58761
-0.816019 0.695838 -9.58843
-0.923738 0.544096 -9.58963
-1.00402 0.376394 -9.59122
-1.05455 0.196795 -9.59245
-1.07302 0.0103919 -9.59273
-1.05853 -0.176662 -9.59251
-1.0117 -0.358453 -9.59237
-0.93369 -0.52918 -9.59196
-0.827142 -0.683009 -9.59095
-0.69616 -0.815454 -9.58986
-0.544756 -0.923507 -9.58916
-0.376677 -1.00411 -9.58854
-0.196671 -1.05451 -9.58793
-0.153463 0.234052 -5.95435
-0.191782 0.203857 -5.95426
-0.224299 0.16746 -5.95427
-0.249988 0.125965 -5.95446
-0.268006 0.0806781 -5.95486
-0.277846 0.033039 -5.95543
-0.279336 -0.0155944 -5.95585
-0.272418 -0.0638944 -5.95595
-0.257202 -0.110401 -5.95584
-0.234094 -0.153648 -5.95569
-0.203758 -0.192229 -5.95547
-0.167176 -0.224831 -5.95516
-0.125574 -0.250443 -5.9549
-0.0802423 -0.268366 -5.95481
-0.0325446 -0.278129 -5.95478
0.0161016 -0.279493 -5.95471
0.0642712 -0.272431 -5.9546
-0.323529 0.562943 -9.13581
0.111641 -0.639653 -9.13625
-0.485342 0.839414 -10.2667
0.169193 -0.954817 -10.2672
-0.623758 0.97307 -9.9454
0.253665 -1.12784 -9.94602
-0.783107 0.850237 -9.94573
-0.918791 0.70184 -9.94679
-1.02682 0.532129 -9.94848
-1.10346 0.345864 -9.95032
-1.14622 0.149076 -9.95246
-1.15448 -0.0521773 -9.95379
-1.12797 -0.252274 -9.9536
-1.06704 -0.445027 -9.95295
-0.973557 -0.624343 -9.95302
-0.850284 -0.784517 -9.95296
-0.701257 -0.920422 -9.95196
-0.531088 -1.02826 -9.95067
-0.34449 -1.10473 -9.94969
-0.147328 -1.1473 -9.94832
0.0540569 -1.15503 -9.94696
-0.416374 0.498258 -9.13582
-0.496606 0.418453 -9.13611
-0.561738 0.325925 -9.13672
-0.609668 0.223515 -9.13762
-0.639017 0.114452 -9.13867
-0.64914 0.00191629 -9.13938
-0.639685 -0.110939 -9.13947
-0.610739 -0.220677 -9.13925
-0.563107 -0.323852 -9.13904
-0.49817 -0.417159 -9.13876
-0.418013 -0.49753 -9.13827
-0.325263 -0.562527 -9.13774
-0.222746 -0.610311 -9.13738
-0.113552 -0.639527 -9.13702
-0.000975658 -0.649399 -9.13662
-0.623695 0.742516 -10.2669
-0.743169 0.623155 -10.2675
-0.840118 0.48485 -10.2687
-0.911364 0.331719 -10.2701
-0.954786 0.168624 -10.2716
-0.969473 0.000415482 -10.2726
-0.954912 -0.168166 -10.2726
-0.911245 -0.331948 -10.2722
-0.839745 -0.485785 -10.2721
-0.7425 -0.624784 -10.2718
-0.622629 -0.744442 -10.2711
-0.483979 -0.841213 -10.2703
-0.330654 -0.912289 -10.2696
-0.167327 -0.955541 -10.2688
0.00096233 -0.969839 -10.2679
-0.2441 0.217075 -6.57921
-0.277812 0.171549 -6.57911
-0.303343 0.120835 -6.57914
-0.319913 0.0662853 -6.57937
-0.326769 0.00947945 -6.57981
-0.323451 -0.0476187 -6.58036
-0.310184 -0.103059 -6.58073
-0.28756 -0.155288 -6.58078
-0.256254 -0.202877 -6.58063
-0.217149 -0.24442 -6.58046
-0.171377 -0.278651 -6.58025
-0.120271 -0.304501 -6.58001
-0.0653311 -0.321082 -6.57983
-0.0083146 -0.327679 -6.57976
0.0487709 -0.324045 -6.57971
0.104072 -0.310486 -6.57962
0.156001 -0.287598 -6.5795
-0.496579 0.492956 -9.87712
0.299475 -0.633269 -9.87764
-0.729957 0.659399 -10.8637
0.462284 -0.869576 -10.8644
-0.930168 0.63857 -10.2949
0.657932 -0.918643 -10.2956
-1.02599 0.468315 -10.2953
-1.09154 0.284521 -10.2967
-1.12517 0.0917564 -10.2988
-1.1247 -0.105471 -10.3008
-1.08838 -0.300454 -10.3026
-1.01854 -0.485466 -10.3032
-0.91849 -0.655348 -10.3025
-0.790824 -0.805517 -10.3016
-0.63905 -0.931255 -10.3017
-0.468112 -1.02862 -10.302
-0.283328 -1.09509 -10.3018
-0.0891782 -1.12892 -10.3011
0.109317 -1.12749 -10.3002
0.304379 -1.09036 -10.2985
0.489045 -1.01976 -10.2968
-0.574162 0.399596 -9.87717
-0.634766 0.294214 -9.87755
-0.676561 0.179628 -9.87828
-0.697788 0.0590622 -9.87925
-0.697309 -0.0634242 -9.88023
-0.675451 -0.183639 -9.88075
-0.633251 -0.298136 -9.88067
-0.57192 -0.403699 -9.88035
-0.493192 -0.497163 -9.88013
-0.399402 -0.575678 -9.87996
-0.293317 -0.636839 -9.87968
-0.177982 -0.678643 -9.87934
-0.0569505 -0.699391 -9.87903
0.0655606 -0.698363 -9.8786
0.185538 -0.675983 -9.87809
-0.832702 0.523253 -10.864
-0.910813 0.371527 -10.8649
-0.962019 0.208183 -10.8662
-0.983983 0.0375612 -10.8677
-0.975138 -0.134605 -10.8691
-0.936381 -0.302173 -10.8697
-0.869546 -0.460339 -10.8693
-0.776479 -0.604673 -10.8688
-0.659801 -0.730779 -10.8687
-0.523091 -0.834799 -10.8687
-0.370438 -0.913671 -10.8684
-0.206005 -0.964919 -10.8679
-0.0345939 -0.986186 -10.8673
0.137644 -0.976623 -10.8663
0.304909 -0.937178 -10.8653
-0.407656 0.218764 -7.25087
-0.438845 0.144991 -7.25077
-0.457235 0.066879 -7.25079
-0.462308 -0.0136158 -7.25101
-0.453449 -0.094274 -7.25143
-0.430327 -0.172215 -7.25196
-0.393744 -0.244485 -7.25231
-0.345223 -0.308954 -7.25234
-0.286363 -0.363978 -7.25219
-0.218904 -0.40806 -7.25201
-0.144807 -0.440014 -7.25181
-0.0660927 -0.458985 -7.2516
0.0151064 -0.464184 -7.25144
0.0961617 -0.454893 -7.25139
0.174006 -0.4312 -7.25134
0.245965 -0.394155 -7.25126
0.309973 -0.345262 -7.25115
-0.813702 0.475976 -10.648
0.604716 -0.726 -10.6485
-1.18569 0.570855 -11.4688
0.922638 -0.94253 -11.4695
-1.50763 0.43092 -10.6441
1.27364 -0.921377 -10.6449
-1.55773 0.164264 -10.6446
-1.56217 -0.106256 -10.6461
-1.52147 -0.374215 -10.6484
-1.435 -0.633811 -10.6504
-1.30205 -0.876117 -10.6517
-1.12825 -1.09028 -10.6515
-0.92116 -1.27003 -10.6504
-0.686755 -1.41104 -10.6494
-0.431638 -1.50909 -10.6495
-0.164171 -1.56141 -10.6502
0.107746 -1.56752 -10.6507
0.378141 -1.52737 -10.6507
0.639985 -1.43917 -10.6499
0.882122 -1.30473 -10.6481
1.09541 -1.12989 -10.6462
-0.882962 0.328169 -10.6481
-0.926349 0.170628 -10.6484
-0.942636 0.00733517 -10.6492
-0.930437 -0.157335 -10.6501
-0.888986 -0.317686 -10.651
-0.819868 -0.467676 -10.6514
-0.725994 -0.602803 -10.6512
-0.61036 -0.71949 -10.6508
-0.476368 -0.814464 -10.6506
-0.32801 -0.885102 -10.6505
-0.169409 -0.929503 -10.6504
-0.00478112 -0.945976 -10.6502
0.160757 -0.932954 -10.6499
0.321015 -0.890507 -10.6495
0.470459 -0.820584 -10.649
-1.26541 0.357462 -11.469
-1.308 0.133768 -11.4699
-1.31242 -0.0946805 -11.4713
-1.27718 -0.322155 -11.4728
-1.20145 -0.540844 -11.4739
-1.08829 -0.7421 -11.4742
-0.942501 -0.919884 -11.4736
-0.768546 -1.06954 -11.473
-0.571484 -1.18679 -11.4728
-0.357394 -1.26838 -11.473
-0.132338 -1.31234 -11.4732
0.0980355 -1.31704 -11.473
0.326948 -1.28057 -11.4725
0.545554 -1.20353 -11.4715
0.746083 -1.08936 -11.4703
-0.693116 0.27335 -8.08648
-0.729113 0.149397 -8.08639
-0.743792 0.0210285 -8.08641
-0.736805 -0.108533 -8.08661
-0.707668 -0.235777 -8.08698
-0.656257 -0.356213 -8.08747
-0.584181 -0.465139 -8.08779
-0.494325 -0.559185 -8.08784
-0.389733 -0.635981 -8.08772
-0.273575 -0.693542 -8.08758
-0.149276 -0.73048 -8.08741
-0.02015 -0.745995 -8.08719
0.11043 -0.739275 -8.08701
0.238274 -0.709537 -8.08693
0.35851 -0.657301 -8.08687
0.466943 -0.584632 -8.08678
0.560405 -0.49434 -8.0867
-1.36943 0.598579 -11.6031
1.0864 -1.03153 -11.6036
-1.98875 0.713461 -12.2178
1.63024 -1.35153 -12.2184
-2.5182 0.52266 -11.0685
2.19383 -1.35364 -11.0692
-2.56799 0.0799234 -11.0689
-2.54225 -0.363615 -11.0702
-2.4428 -0.797092 -11.0722
-2.27004 -1.21086 -11.074
-2.0242 -1.59103 -11.0749
-1.71451 -1.9207 -11.0743
-1.35381 -2.18963 -11.073
-0.953084 -2.39127 -11.0722
-0.524002 -2.51992 -11.0723
-0.080514 -2.57241 -11.073
0.364708 -2.54904 -11.0739
0.80181 -2.45047 -11.0742
1.21895 -2.27512 -11.0736
1.59871 -2.02697 -11.072
1.92689 -1.71596 -11.0704
-1.451 0.352849 -11.6032
-1.48996 0.0967921 -11.6035
-1.48535 -0.163102 -11.6042
-1.43595 -0.419961 -11.605
-1.34135 -0.664995 -11.6058
-1.20473 -0.888719 -11.6061
-1.03162 -1.08412 -11.6059
-0.82772 -1.24609 -11.6056
-0.599188 -1.37027 -11.6054
-0.352897 -1.45353 -11.6054
-0.0955349 -1.49395 -11.6053
0.16629 -1.48974 -11.6051
0.424464 -1.43915 -11.6048
0.669259 -1.3431 -11.6044
0.892109 -1.20547 -11.604
-2.08032 0.359102 -12.218
-2.11072 -0.0053058 -12.2187
-2.07948 -0.370626 -12.2199
-1.98555 -0.727722 -12.2212
-1.82871 -1.06451 -12.2221
-1.61451 -1.36745 -12.2222
-1.3517 -1.62699 -12.2216
-1.04869 -1.83642 -12.221
-0.714485 -1.99 -12.221
-0.359455 -2.08385 -12.2212
0.00660617 -2.11623 -12.2214
0.374737 -2.08553 -12.2214
0.734011 -1.98977 -12.221
1.07053 -1.83098 -12.2201
1.37227 -1.61552 -12.2191
-1.16156 0.414528 -9.26238
-1.21471 0.207307 -9.26241
-1.23205 -0.00601508 -9.26257
-1.21322 -0.219887 -9.26285
-1.15787 -0.428462 -9.26319
-1.06625 -0.624637 -9.26353
-0.941134 -0.800913 -9.2637
-0.787358 -0.951707 -9.26368
-0.610111 -1.07311 -9.26358
-0.4148 -1.16195 -9.26355
-0.20728 -1.21609 -9.26353
0.00683319 -1.23446 -9.26343
0.221961 -1.21605 -9.26327
0.431328 -1.15995 -9.26309
0.627187 -1.06731 -9.26288
0.802808 -0.941564 -9.26267
0.952971 -0.787361 -9.26251
-2.28262 0.948231 -12.9496
1.82595 -1.67267 -12.9499
-3.30327 1.21762 -13.2415
2.69432 -2.27522 -13.2419
-4.17428 1.05087 -11.5529
3.57081 -2.41688 -11.5534
-4.29003 0.313542 -11.5531
-4.27886 -0.431062 -11.5537
-4.14253 -1.16391 -11.5549
-3.88181 -1.86771 -11.5561
-3.49718 -2.51977 -11.5571
-3.00227 -3.09222 -11.5569
-2.41759 -3.56669 -11.556
-1.76142 -3.93145 -11.5554
-1.0528 -4.17613 -11.5555
-0.31503 -4.29453 -11.5561
0.430963 -4.28634 -11.5566
1.16853 -4.15141 -11.5565
1.8771 -3.8869 -11.556
2.52819 -3.49911 -11.5549
3.09844 -3.00308 -11.554
-2.41065 0.53909 -12.9498
-2.46744 0.114157 -12.9502
-2.45156 -0.315436 -12.9508
-2.36169 -0.738168 -12.9515
-2.19778 -1.14002 -12.9521
-1.96509 -1.50574 -12.9522
-1.67282 -1.82363 -12.952
-1.33066 -2.08522 -12.9517
-0.948965 -2.28342 -12.9517
-0.53939 -2.41322 -12.9518
-0.113168 -2.47181 -12.9518
0.318805 -2.45656 -12.9516
0.743301 -2.36514 -12.9513
1.14472 -2.19942 -12.9508
1.50926 -1.96572 -12.9503
-3.46195 0.628091 -13.2417
-3.51823 0.0207222 -13.2422
-3.47102 -0.58872 -13.2431
-3.31912 -1.18459 -13.2441
-3.06253 -1.7474 -13.2449
-2.70993 -2.255 -13.245
-2.2756 -2.69107 -13.2446
-1.77361 -3.04416 -13.2441
-1.21891 -3.30452 -13.2442
-0.628945 -3.46553 -13.2444
-0.0200588 -3.52426 -13.2445
0.592911 -3.47795 -13.2443
1.19179 -3.32351 -13.2439
1.754 -3.06441 -13.2432
2.25992 -2.71065 -13.2425
-1.83512 0.576464 -10.9345
-1.90608 0.249929 -10.9348
-1.92035 -0.0839602 -10.9353
-1.87767 -0.416099 -10.9359
-1.77834 -0.737176 -10.9362
-1.6237 -1.03666 -10.9363
-1.41841 -1.30362 -10.9361
-1.16994 -1.52957 -10.9358
-0.886492 -1.70846 -10.9357
-0.576698 -1.83542 -10.9358
-0.249947 -1.90729 -10.9361
0.0846348 -1.92265 -10.9364
0.418079 -1.8805 -10.9364
0.740043 -1.78037 -10.9361
1.03913 -1.62465 -10.9355
1.30535 -1.41879 -10.935
1.53072 -1.16997 -10.9346
-3.61696 1.41001 -14.8928
2.9221 -2.5631 -14.893
-5.2973 2.01097 -14.6727
4.29691 -3.70293 -14.673
-6.65967 1.97041 -11.996
5.59206 -4.13132 -11.9963
-6.89739 0.788431 -11.9961
-6.92978 -0.414714 -11.9962
-6.75727 -1.60691 -11.9968
-6.3814 -2.75803 -11.9976
-5.80333 -3.83244 -11.9986
-5.04303 -4.7862 -11.9987
-4.13194 -5.58869 -11.9982
-3.09856 -6.21989 -11.9979
-1.97206 -6.66139 -11.9982
-0.790079 -6.901 -11.9986
0.413241 -6.93661 -11.9986
1.61043 -6.76641 -11.998
2.76768 -6.38539 -11.9975
3.84007 -5.80379 -11.9969
4.7911 -5.04346 -11.9965
-3.80486 0.762386 -14.8933
-3.87939 0.0923068 -14.894
-3.83859 -0.581881 -14.8949
-3.68176 -1.24151 -14.8956
-3.4103 -1.86542 -14.8957
-3.03271 -2.43096 -14.8954
-2.56317 -2.92006 -14.8949
-2.017 -3.31931 -14.8947
-1.41063 -3.61761 -14.8949
-0.76277 -3.80708 -14.8954
-0.0916879 -3.88351 -14.8958
0.584939 -3.84356 -14.8958
1.24658 -3.68498 -14.8953
1.86989 -3.4116 -14.8945
2.43409 -3.03323 -14.8936
-5.56348 1.06361 -14.6731
-5.66382 0.085411 -14.6738
-5.59592 -0.896995 -14.6748
-5.35891 -1.85721 -14.6755
-4.95418 -2.76486 -14.6759
-4.39499 -3.58596 -14.6757
-3.7032 -4.29416 -14.6752
-2.90102 -4.87042 -14.6749
-2.01208 -5.29836 -14.6751
-1.06459 -5.56648 -14.6756
-0.0854941 -5.66943 -14.676
0.900539 -5.6028 -14.6759
1.86431 -5.36273 -14.6753
2.77098 -4.95531 -14.6744
3.59013 -4.39549 -14.6736
-2.60047 0.46771 -12.8662
-2.64104 0.00979573 -12.8668
-2.60246 -0.448217 -12.8677
-2.48603 -0.893312 -12.8685
-2.29446 -1.31265 -12.8689
-2.03207 -1.69283 -12.8687
-1.70672 -2.02068 -12.868
-1.32941 -2.28583 -12.8675
-0.912223 -2.48096 -12.8673
-0.467841 -2.60069 -12.8676
-0.00977163 -2.64199 -12.8682
0.448785 -2.60437 -12.8689
0.894998 -2.48847 -12.8691
1.31512 -2.29622 -12.8687
1.69492 -2.03288 -12.8678
2.0221 -1.70707 -12.8669
2.28676 -1.32949 -12.8663
-5.17128 1.39626 -17.3461
4.38664 -3.08168 -17.3462
-7.80578 2.26526 -16.6082
6.56587 -4.79962 -16.6083
-10.3961 2.4508 -12.2774
8.93684 -5.86027 -12.2775
-10.6614 0.611948 -12.2779
-10.6064 -1.2432 -12.2788
-10.2336 -3.06197 -12.2799
-9.55151 -4.79395 -12.2808
-8.57166 -6.38666 -12.2806
-7.32607 -7.78152 -12.2797
-5.86039 -8.93467 -12.279
-4.21982 -9.81532 -12.2788
-2.4516 -10.3972 -12.2791
-0.612971 -10.6636 -12.28
1.24154 -10.6111 -12.281
3.06396 -10.2406 -12.2812
4.80131 -9.55385 -12.2803
6.39183 -8.57129 -12.2791
7.78443 -7.32643 -12.2781
-5.33345 0.478629 -17.3469
-5.3355 -0.452968 -17.3482
-5.1776 -1.3719 -17.3495
-4.86297 -2.25179 -17.3501
-4.39819 -3.06504 -17.3498
-3.79753 -3.78369 -17.3488
-3.08163 -4.38506 -17.348
-2.2732 -4.85217 -17.3478
-1.39662 -5.17173 -17.3481
-0.478852 -5.33513 -17.349
0.453437 -5.3388 -17.3501
1.37437 -5.18175 -17.3504
2.256 -4.86563 -17.3498
3.06866 -4.39923 -17.3485
3.78614 -3.798 -17.3471
-8.07855 0.877891 -16.609
-8.10854 -0.534938 -16.6103
-7.8953 -1.93284 -16.6117
-7.44302 -3.27614 -16.6125
-6.76031 -4.52335 -16.6121
-5.8687 -5.63092 -16.6111
-4.79965 -6.5639 -16.6102
-3.58672 -7.29619 -16.6099
-2.26589 -7.80652 -16.6103
-0.878536 -8.08064 -16.6113
0.534671 -8.11279 -16.6125
1.93539 -7.90083 -16.6129
3.28179 -7.44587 -16.612
4.528 -6.76097 -16.6106
5.63389 -5.86912 -16.6092
-3.26021 -0.0553447 -15.335
-3.20018 -0.620168 -15.3357
-3.04367 -1.16606 -15.3367
-2.79554 -1.677 -15.3377
-2.46281 -2.1379 -15.3382
-2.05459 -2.5343 -15.3378
-1.5831 -2.85305 -15.3369
-1.06337 -3.08421 -15.3362
-0.511633 -3.22123 -15.336
0.0553222 -3.26036 -15.3363
0.620285 -3.20086 -15.3371
1.16659 -3.04506 -15.338
1.67833 -2.79737 -15.3384
2.13976 -2.46422 -15.3379
2.53587 -2.0553 -15.3369
2.85413 -1.58343 -15.3358
3.08491 -1.06349 -15.335
-6.49502 0.451292 -20.0952
5.95247 -2.64617 -20.0953
-9.93875 0.753005 -18.7004
9.08544 -4.10757 -18.7004
-13.8371 0.358277 -12.6876
12.8829 -5.0699 -12.6877
-13.6881 -2.04872 -12.6883
-13.1245 -4.39276 -12.6895
-12.1637 -6.60386 -12.6906
-10.8342 -8.61634 -12.6914
-9.1728 -10.3694 -12.6907
-7.23078 -11.806 -12.6894
-5.06987 -12.8819 -12.6888
-2.75602 -13.5659 -12.6887
-0.358519 -13.8376 -12.6889
2.04847 -13.6891 -12.6898
4.39238 -13.1267 -12.6911
6.60497 -12.167 -12.6917
8.61967 -10.8355 -12.6907
10.3718 -9.17296 -12.6895
11.8075 -7.23109 -12.6884
-6.47343 -0.682546 -20.0962
-6.25637 -1.79538 -20.0976
-5.8506 -2.85437 -20.099
-5.26754 -3.82816 -20.0996
-4.52313 -4.68665 -20.0991
-3.6399 -5.4018 -20.0979
-2.64602 -5.95135 -20.0969
-1.57234 -6.31937 -20.0967
-0.451396 -6.49531 -20.0971
0.682596 -6.47457 -20.0982
1.79596 -6.25864 -20.0994
2.85624 -5.85351 -20.1
3.83111 -5.26958 -20.0992
4.6892 -4.52408 -20.0978
5.40355 -3.64037 -20.0963
-9.91719 -0.98313 -18.7013
-9.59574 -2.68892 -18.7027
-8.98435 -4.31372 -18.7042
-8.10056 -5.8094 -18.7049
-6.96874 -7.13016 -18.7043
-5.62342 -8.23317 -18.703
-4.10746 -9.0842 -18.702
-2.46756 -9.65848 -18.7018
-0.753202 -9.93916 -18.7022
0.983015 -9.91848 -18.7033
2.68917 -9.59832 -18.7047
4.31554 -8.98771 -18.7053
5.81281 -8.1026 -18.7044
7.13303 -6.96951 -18.7029
8.23508 -5.62386 -18.7014
-16.7552 0 -0.0668728
0 0 -5
-12.0083 0.058559 -1.28393
-8.10242 0.344288 -3.27632
-5.33411 -0.0658998 -4.51709
-3.41436 -0.385599 -5.025
-2.11078 -0.310952 -5.2053
-1.25499 0.134272 -5.33374
-0.713953 0.799344 -5.53131
-0.386338 1.49395 -5.80107
-0.197494 2.03248 -6.08051
-0.0947188 2.25857 -6.29014
-0.0423591 2.0651 -6.31477
-0.0173508 1.51024 -6.05661
-0.00577211 0.800759 -5.40661
0 0 -5
16.7552 0 -0.0668728
0.00577211 -0.800759 -5.40661
0.0173508 -1.51024 -6.05661
0.0423591 -2.0651 -6.31477
0.0947187 -2.25857 -6.29014
0.197494 -2.03248 -6.08051
0.386338 -1.49395 -5.80107
0.713952 -0.799344 -5.53131
1.25499 -0.134273 -5.33374
2.11078 0.310952 -5.2053
3.41436 0.385599 -5.025
5.3341 0.0659004 -4.51709
8.10242 -0.344288 -3.27632
12.0083 -0.0585592 -1.28393
0 0 -5
0 0 -5
0 0 -5
0 0 -5
0 0 -5
0 0 -5
0 0 -5
0 0 -5
0 0 -5
0 0 -5
0 0 -5
0 0 -5
0 0 -5
0 0 -5
0 0 -5
0 0 -5
0 0 -5
0 0 -5
0 0 -5
0 0 -5
0 0 -5
0 0 -5
0 0 -5
0 0 -5
0 0 -5
0 0 -5
0 0 -5
0 0 -5
0 0 -5
0 0 -5
0 0 -5
0 0 -5
0 0 -5
0 0 -5
0 0 -5
0 0 -5
0 0 -5
0 0 -5
0 0 -5
0 0 -5
0 0 -5
0 0 -5
0 0 -5
0 0 -5
0 0 -5
0 0 -5
0 0 -5
0 0 -5
0 0 -5
0 0 -5
0 0 -5
0 0 -5
0 0 -5
0 0 -5
0 0 -5
-17.8198 0 -0.0764281
-18.8845 0 -0.0925163
-11.971 2.3419 -3.93948
-12.1601 0.985147 -2.16877
-7.70274 1.85424 -6.45879
-7.97425 1.12129 -4.74241
-4.96236 0.848707 -7.38681
-5.18512 0.39018 -5.90731
-3.09718 0.245821 -7.67248
-3.27717 -0.0782392 -6.34527
-1.87534 0.151549 -7.69682
-2.00396 -0.0870881 -6.4679
-1.09425 0.471822 -7.69436
-1.18018 0.302712 -6.54399
-0.613809 1.00501 -7.7155
-0.666434 0.911659 -6.66324
-0.329364 1.55665 -7.72691
-0.35899 1.54367 -6.81108
-0.16809 1.95829 -7.66739
-0.183288 2.01885 -6.92401
-0.0810062 2.06632 -7.50284
-0.0880864 2.18692 -6.94518
-0.0365575 1.77666 -7.16735
-0.0395622 1.93951 -6.77947
-0.0151015 1.09878 -6.61752
-0.0162676 1.32108 -6.36091
-0.00506057 0.36769 -5.58578
-0.00543405 0.601091 -5.49525
18.8845 0 -0.0925163
17.8198 0 -0.0764281
12.1601 -0.985147 -2.16878
11.971 -2.3419 -3.93948
7.97425 -1.12129 -4.74241
7.70274 -1.85424 -6.45878
5.18511 -0.39018 -5.90731
4.96236 -0.848707 -7.3868
3.27717 0.0782394 -6.34527
3.09718 -0.245821 -7.67248
2.00396 0.0870881 -6.4679
1.87535 -0.151549 -7.69682
1.18018 -0.302712 -6.54399
1.09426 -0.471822 -7.69436
0.666434 -0.911659 -6.66324
0.613809 -1.00501 -7.7155
0.358989 -1.54367 -6.81108
0.329364 -1.55665 -7.72691
0.183288 -2.01885 -6.92401
0.16809 -1.95829 -7.66739
0.0880864 -2.18692 -6.94518
0.0810062 -2.06632 -7.50284
0.0395622 -1.93951 -6.77947
0.0365576 -1.77666 -7.16735
0.0162676 -1.32108 -6.3609
0.0151015 -1.09878 -6.61752
0.00543406 -0.601091 -5.49525
0.00506057 -0.36769 -5.58578
-16.5006 2.9095 -0.0668748
-15.7447 5.7306 -0.0668949
-14.5104 8.37758 -0.0669592
-12.8352 10.77 -0.0669687
-10.77 12.8352 -0.0670874
-8.37758 14.5104 -0.0670033
-5.7306 15.7447 -0.0668702
-2.9095 16.5006 -0.0668267
7.44079e-15 16.7552 -0.0668965
2.9095 16.5006 -0.0668327
5.7306 15.7447 -0.0668595
8.37758 14.5104 -0.0669842
10.77 12.8352 -0.0670745
12.8352 10.77 -0.0669663
14.5104 8.37758 -0.0669588
15.7447 5.7306 -0.0668921
16.5006 2.9095 -0.0668711
0.145872 -0.788166 -5.4068
0.280946 -1.48464 -6.05761
0.401959 -2.02654 -6.31673
0.487218 -2.20784 -6.29241
0.548833 -1.96724 -6.08269
0.640533 -1.40407 -5.80296
0.841401 -0.663179 -5.53284
1.25741 0.085669 -5.33487
2.02156 0.67271 -5.20601
3.29133 0.972729 -5.02526
5.2368 0.991662 -4.51656
8.0339 1.06885 -3.27452
11.8312 2.02784 -1.282
0.280994 -0.749817 -5.40488
0.535607 -1.41188 -6.0575
0.749087 -1.9243 -6.31595
0.864845 -2.08793 -6.29146
0.88326 -1.84071 -6.08157
0.874854 -1.271 -5.8021
0.942641 -0.507578 -5.53227
1.22062 0.300988 -5.3347
1.86948 1.01081 -5.20644
3.06635 1.52616 -5.02647
4.9779 1.88244 -4.51819
7.7184 2.44325 -3.27469
11.2903 4.04479 -1.27519
0.406607 -0.687563 -5.4008
0.772432 -1.29477 -6.0578
1.07164 -1.76175 -6.31447
1.21413 -1.90262 -6.28962
1.18914 -1.65684 -6.07901
1.08164 -1.09906 -5.79957
1.01534 -0.33784 -5.53016
1.14802 0.504189 -5.3336
1.66282 1.31357 -5.20696
2.75073 2.02688 -5.02933
4.56969 2.70723 -4.52347
7.16991 3.72908 -3.28035
10.4128 5.92087 -1.2653
0.517472 -0.603774 -5.3955
0.982982 -1.13812 -6.06073
1.35862 -1.54563 -6.31732
1.52347 -1.65976 -6.2955
1.45681 -1.42343 -6.08705
1.25528 -0.895003 -5.80983
1.05924 -0.159695 -5.54178
1.04503 0.689549 -5.34602
1.41243 1.57316 -5.21966
2.3605 2.46222 -5.04127
4.03428 3.44692 -4.53098
6.4193 4.90619 -3.27439
9.23772 7.62207 -1.24886
0.60884 -0.506018 -5.39148
1.15952 -0.951356 -6.05889
1.59994 -1.28754 -6.31001
1.78172 -1.37198 -6.2871
1.6765 -1.15027 -6.07819
1.38897 -0.664236 -5.80218
1.07169 0.0267802 -5.53583
0.913618 0.861399 -5.34239
1.12476 1.79546 -5.21907
1.90619 2.83433 -5.04503
3.38631 4.09159 -4.5411
5.48961 5.93765 -3.29321
7.80101 9.10785 -1.25028
0.694634 -0.397352 -5.40023
1.31346 -0.740949 -6.06061
1.80596 -0.996135 -6.31772
1.99854 -1.04854 -6.29584
1.85458 -0.846912 -6.08822
1.48431 -0.415213 -5.81171
1.04906 0.214405 -5.54445
0.746108 1.01354 -5.34921
0.790451 1.97451 -5.22289
1.37928 3.1369 -5.04411
2.61852 4.63501 -4.53461
4.36573 6.82446 -3.28385
6.08454 10.3626 -1.2665
0.760344 -0.268085 -5.4088
1.42965 -0.499729 -6.06307
1.95867 -0.665549 -6.32625
2.15693 -0.683606 -6.30495
1.97845 -0.510783 -6.09711
1.53613 -0.150387 -5.81827
0.995002 0.394006 -5.54814
0.55495 1.12901 -5.34927
0.429537 2.08456 -5.21836
0.80631 3.33411 -5.03354
1.76572 5.02832 -4.51773
3.10156 7.49243 -3.26643
4.17178 11.2686 -1.27972
0.792478 -0.131285 -5.40984
1.49249 -0.243525 -6.06309
2.04263 -0.314928 -6.32621
2.24184 -0.297457 -6.305
2.03691 -0.158203 -6.09731
1.53933 0.119805 -5.81818
0.912071 0.561647 -5.54744
0.350842 1.20882 -5.3475
0.0610344 2.12814 -5.21521
0.214819 3.42498 -5.02898
0.865235 5.26193 -4.51267
1.75138 7.92149 -3.26366
2.1464 11.8193 -1.28294
0.798132 0.00578408 -5.40753
1.50693 0.017403 -6.05992
2.06167 0.0424401 -6.31846
2.25566 0.0947827 -6.29523
2.0308 0.197398 -6.08696
1.49399 0.385903 -5.8085
0.800914 0.712933 -5.53895
0.136836 1.25322 -5.3407
-0.307491 2.10817 -5.21054
-0.380506 3.4111 -5.02784
-0.0572223 5.33048 -4.51797
0.358918 8.09884 -3.27712
0.0698352 12.0056 -1.28754
0.790478 0.142648 -5.40973
1.48653 0.277754 -6.06317
2.02801 0.39856 -6.32635
2.20899 0.484309 -6.30507
1.96829 0.547309 -6.09724
1.40508 0.640815 -5.81802
0.663984 0.843571 -5.54717
-0.0852106 1.26126 -5.34712
-0.672335 2.02697 -5.21459
-0.971565 3.29815 -5.02817
-0.988491 5.2446 -4.51196
-1.06483 8.04245 -3.26342
-2.02732 11.8399 -1.28366
0.756378 0.278889 -5.40861
1.41771 0.532239 -6.06304
1.92961 0.745234 -6.32606
2.09193 0.861815 -6.30476
1.84317 0.881818 -6.09693
1.27171 0.875591 -5.81808
0.506543 0.945615 -5.54782
-0.303582 1.22559 -5.34866
-1.01449 1.87614 -5.21747
-1.52994 3.07456 -5.03264
-1.88509 4.98774 -4.51733
-2.44534 7.72911 -3.26693
-4.04856 11.2974 -1.28024
0.688905 0.407376 -5.40013
1.29618 0.770933 -6.06067
1.76369 1.0694 -6.31783
1.90396 1.21216 -6.29598
1.65773 1.18777 -6.08827
1.09932 1.08159 -5.81167
0.337657 1.01673 -5.54403
-0.504632 1.15057 -5.34836
-1.31381 1.66608 -5.22168
-2.02608 2.75468 -5.04285
-2.70469 4.57495 -4.53403
-3.72565 7.17632 -3.28467
-5.91822 10.4098 -1.26648
0.601509 0.51483 -5.39143
1.13739 0.977844 -6.0589
1.5459 1.35228 -6.31012
1.66066 1.51658 -6.28734
1.42409 1.45171 -6.07844
0.8952 1.25344 -5.80242
0.159008 1.06165 -5.53616
-0.691011 1.05159 -5.34276
-1.57484 1.42231 -5.21941
-2.46265 2.37267 -5.04524
-3.44334 4.04786 -4.54153
-4.89277 6.4354 -3.2946
-7.60905 9.25467 -1.25205
0.508701 0.611218 -5.39549
0.956559 1.16042 -6.06087
1.29398 1.60023 -6.31774
1.37893 1.78163 -6.29616
1.15557 1.67711 -6.08814
0.666138 1.3907 -5.81134
-0.0295164 1.07494 -5.54374
-0.869109 0.918818 -5.34835
-1.80793 1.13209 -5.22217
-2.85128 1.91512 -5.04348
-4.11343 3.39511 -4.53217
-5.96756 5.49318 -3.2742
-9.14019 7.80342 -1.25103
0.3967 0.693317 -5.40072
0.742634 1.31204 -6.05782
0.998435 1.80416 -6.31454
1.05024 1.9975 -6.28998
0.84774 1.85464 -6.07988
0.414093 1.48573 -5.8011
-0.217922 1.05186 -5.53224
-1.0197 0.750279 -5.33609
-1.9834 0.795705 -5.20967
-3.14882 1.38475 -5.03174
-4.65035 2.62286 -4.52477
-6.84099 4.36748 -3.27985
-10.3652 6.08195 -1.26637
0.270243 0.753761 -5.40474
0.503191 1.42373 -6.05755
0.669523 1.95328 -6.31601
0.686843 2.15279 -6.29165
0.512338 1.97605 -6.08191
0.149466 1.53573 -5.80268
-0.397686 0.996619 -5.53317
-1.13535 0.55838 -5.33596
-2.09318 0.434225 -5.20793
-3.34441 0.81103 -5.02798
-5.03926 1.76872 -4.51944
-7.50048 3.10247 -3.27557
-11.2701 4.17297 -1.27562
0.1346 0.790122 -5.40659
0.246997 1.49051 -6.05743
0.318718 2.04104 -6.31617
0.300781 2.24057 -6.29169
0.15992 2.03585 -6.08203
-0.120325 1.53851 -5.80252
-0.564635 0.911688 -5.53267
-1.21408 0.351098 -5.33502
-2.13518 0.0616748 -5.20649
-3.43264 0.214893 -5.02596
-5.26821 0.863314 -4.51738
-7.92375 1.74819 -3.27526
-11.8197 2.14546 -1.28197
0.0598929 0.36286 -5.58563
0.100089 0.592849 -5.49508
0.122806 0.346038 -5.58486
0.20226 0.565506 -5.49379
0.180842 0.317589 -5.58312
0.297164 0.519764 -5.49091
0.231184 0.279178 -5.5805
0.380596 0.457534 -5.48664
0.272808 0.235828 -5.57943
0.449844 0.385724 -5.48423
0.313229 0.188938 -5.58287
0.515328 0.30667 -5.49029
0.345587 0.131175 -5.58651
0.566183 0.211013 -5.49636
0.362547 0.0679524 -5.58728
0.592724 0.108227 -5.49736
0.3672 0.00510547 -5.587
0.600059 0.00547125 -5.4965
0.364351 -0.0579119 -5.58735
0.594654 -0.097477 -5.49746
0.349106 -0.12162 -5.58659
0.569946 -0.200787 -5.49649
0.318313 -0.180123 -5.58292
0.520768 -0.297227 -5.49037
0.279318 -0.228017 -5.57945
0.456805 -0.377368 -5.48427
0.23893 -0.272615 -5.58051
0.388888 -0.450507 -5.48667
0.189584 -0.312479 -5.58314
0.306524 -0.514295 -5.49096
0.132295 -0.342542 -5.58492
0.212421 -0.561764 -5.49389
0.069849 -0.361094 -5.58569
0.110755 -0.590956 -5.4952
0.177545 1.08442 -6.6176
0.215048 1.30368 -6.36118
0.364399 1.03574 -6.61753
0.439433 1.24516 -6.36119
0.538431 0.954231 -6.6175
0.648719 1.14731 -6.36141
0.693343 0.843723 -6.61783
0.835357 1.01423 -6.36262
0.825144 0.711534 -6.61804
0.993309 0.854646 -6.36251
0.939713 0.562279 -6.61941
1.13175 0.674927 -6.36371
1.02834 0.390779 -6.62125
1.23818 0.467555 -6.36571
1.08061 0.204998 -6.62167
1.29969 0.2442 -6.36594
1.09792 0.0152029 -6.62116
1.31945 0.0163632 -6.36468
1.08591 -0.175065 -6.62168
1.30538 -0.212001 -6.36592
1.03879 -0.362274 -6.62128
1.24943 -0.43692 -6.36572
0.954896 -0.53604 -6.6194
1.14807 -0.64673 -6.36368
0.844559 -0.68829 -6.618
1.01415 -0.829671 -6.36247
0.716456 -0.824169 -6.61774
0.860188 -0.993205 -6.36252
0.564564 -0.939018 -6.61742
0.676793 -1.13096 -6.36134
0.392774 -1.02535 -6.6175
0.469938 -1.23399 -6.36116
0.207289 -1.0792 -6.61764
0.247038 -1.29808 -6.36127
0.274168 1.75568 -7.16758
0.299514 1.91664 -6.78001
0.576139 1.68005 -7.16766
0.62907 1.83404 -6.77997
0.85888 1.55207 -7.16779
0.937715 1.6941 -6.77979
1.11297 1.37689 -7.16809
1.21496 1.50227 -6.78059
1.3312 1.16346 -7.1675
1.452 1.26907 -6.77805
1.51633 0.919225 -7.17029
1.65542 1.00346 -6.78237
1.65771 0.642406 -7.17389
1.81078 0.700546 -6.78785
1.74414 0.343847 -7.17427
1.90426 0.374506 -6.78802
1.77565 0.036681 -7.17294
1.93771 0.0396819 -6.78484
1.75687 -0.271573 -7.17429
1.91801 -0.29632 -6.78799
1.68286 -0.573476 -7.17396
1.83799 -0.62601 -6.78794
1.55298 -0.855784 -7.17026
1.69505 -0.934924 -6.78232
1.37813 -1.10728 -7.16735
1.50265 -1.20839 -6.7779
1.16891 -1.32961 -7.16784
1.27539 -1.45113 -6.7803
0.922216 -1.51531 -7.16758
1.00619 -1.65433 -6.77961
0.644891 -1.65496 -7.16759
0.703438 -1.80691 -6.77994
0.346194 -1.74303 -7.16768
0.377416 -1.90299 -6.78026
0.280673 2.04863 -7.50315
0.294706 2.16869 -6.94582
0.633466 1.96731 -7.50338
0.668271 2.08296 -6.94589
0.965191 1.82482 -7.50391
1.01957 1.93223 -6.94602
1.26505 1.62698 -7.50497
1.3371 1.72259 -6.94824
1.5241 1.38339 -7.50446
1.61011 1.46498 -6.94553
1.74409 1.10272 -7.50778
1.84434 1.16956 -6.95042
1.91398 0.783795 -7.51192
2.02566 0.831624 -6.9565
2.02154 0.438292 -7.51217
2.13929 0.465742 -6.9565
2.06543 0.0811293 -7.51041
2.18535 0.0882023 -6.95245
2.04972 -0.278445 -7.51224
2.16992 -0.291927 -6.95652
1.96959 -0.631317 -7.51203
2.08617 -0.665864 -6.95662
1.82519 -0.962379 -7.50775
1.93251 -1.01718 -6.95035
1.62806 -1.25917 -7.5042
1.72294 -1.33013 -6.94526
1.389 -1.5225 -7.50449
1.47165 -1.60901 -6.9477
1.10551 -1.74351 -7.50345
1.17206 -1.8438 -6.94558
0.785783 -1.91175 -7.50318
0.833859 -2.02254 -6.94574
0.440273 -2.02052 -7.50324
0.468222 -2.13815 -6.94612
0.175818 1.9575 -7.66775
0.17142 2.01984 -6.92468
0.514147 1.89619 -7.66803
0.520778 1.95825 -6.9247
0.835424 1.77626 -7.66876
0.852767 1.8359 -6.92491
1.12956 1.60254 -7.67038
1.15696 1.65775 -6.92809
1.38739 1.38262 -7.6699
1.42289 1.4321 -6.92516
1.60809 1.12457 -7.67374
1.65242 1.16814 -6.93081
1.78249 0.829042 -7.67816
1.83457 0.864052 -6.93714
1.90001 0.505788 -7.67834
1.95715 0.531041 -6.93705
1.95792 0.1681 -7.67644
2.01805 0.183269 -6.93276
1.95841 -0.174635 -7.67851
2.02083 -0.169939 -6.93719
1.89756 -0.513149 -7.67839
1.96014 -0.519694 -6.93734
1.77605 -0.833697 -7.67379
1.83548 -0.85139 -6.93082
1.60298 -1.12521 -7.66956
1.65758 -1.15181 -6.92482
1.38661 -1.3862 -7.66957
1.43684 -1.42196 -6.92719
1.12634 -1.6078 -7.66792
1.16976 -1.65218 -6.92405
0.830006 -1.78092 -7.66758
0.865094 -1.83251 -6.92433
0.50692 -1.89906 -7.66775
0.53243 -1.9561 -6.92491
-0.0533871 1.59023 -7.72739
-0.0848013 1.58267 -6.81182
0.2242 1.57502 -7.72792
0.192062 1.57304 -6.81208
0.494307 1.51156 -7.72919
0.462395 1.51514 -6.81287
0.74887 1.40228 -7.73166
0.718328 1.4112 -6.8173
0.979316 1.25105 -7.73152
0.950406 1.26483 -6.81489
1.18177 1.064 -7.73506
1.1556 1.08296 -6.8201
1.35008 0.843382 -7.7387
1.32775 0.866855 -6.82516
1.47655 0.595259 -7.73853
1.45871 0.622225 -6.82466
1.55694 0.329118 -7.7367
1.54389 0.358678 -6.82063
1.59088 0.0530369 -7.73885
1.58334 0.0844239 -6.82492
1.57526 -0.224982 -7.73913
1.57338 -0.192998 -6.82549
1.51058 -0.494525 -7.73526
1.51386 -0.463009 -6.82023
1.4016 -0.747255 -7.73109
1.41001 -0.716421 -6.81449
1.25233 -0.979026 -7.73045
1.26637 -0.950088 -6.81598
1.06403 -1.18191 -7.72784
1.08296 -1.15576 -6.81144
0.842875 -1.34932 -7.72711
0.866198 -1.32691 -6.81138
0.595288 -1.47564 -7.7272
0.622194 -1.4577 -6.81186
-0.430196 1.09672 -7.71613
-0.498274 1.01403 -6.66406
-0.233159 1.15538 -7.71699
-0.314503 1.08594 -6.66466
-0.0286129 1.17922 -7.71884
-0.120599 1.12522 -6.66608
0.177743 1.16711 -7.72207
0.0783807 1.13014 -6.67149
0.378182 1.118 -7.72226
0.274411 1.09832 -6.66972
0.564937 1.03488 -7.72507
0.458296 1.03304 -6.67398
0.734953 0.921652 -7.72742
0.628861 0.939157 -6.67725
0.883907 0.779644 -7.72675
0.78283 0.81557 -6.67621
1.0058 0.61315 -7.72511
0.91272 0.665648 -6.67269
1.09684 0.428072 -7.72726
1.0141 0.495794 -6.67663
1.15427 0.230305 -7.72817
1.0845 0.311286 -6.67785
1.17738 0.0259443 -7.72555
1.12307 0.117504 -6.67443
1.16505 -0.179761 -7.72178
1.12769 -0.0808142 -6.66927
1.11584 -0.379171 -7.72046
1.09577 -0.27506 -6.66974
1.03284 -0.565497 -7.71698
1.03115 -0.458757 -6.66411
0.919591 -0.73507 -7.71577
0.936765 -0.629348 -6.66356
0.778584 -0.883202 -7.7157
0.814106 -0.782058 -6.66386
-0.996924 0.655446 -7.69514
-1.111 0.503987 -6.5449
-0.868463 0.820137 -7.6964
-1.00708 0.691136 -6.54593
-0.711956 0.960798 -7.69891
-0.870511 0.858414 -6.54816
-0.531432 1.07174 -7.70283
-0.704369 0.999064 -6.55441
-0.334537 1.14642 -7.70339
-0.516076 1.10405 -6.55352
-0.133632 1.18419 -7.70495
-0.3218 1.17265 -6.55616
0.07034 1.1899 -7.70546
-0.118688 1.21261 -6.5569
0.275338 1.15987 -7.70411
0.0937204 1.21567 -6.55511
0.472833 1.09309 -7.70275
0.304226 1.1788 -6.55229
0.654872 0.993078 -7.70483
0.503232 1.10653 -6.55571
0.817639 0.863501 -7.70661
0.687938 1.00161 -6.55788
0.957962 0.70666 -7.70581
0.855273 0.864739 -6.557
1.06814 0.525613 -7.70293
0.995127 0.697394 -6.55306
1.1408 0.332187 -7.7009
1.09742 0.514451 -6.55231
1.18011 0.132677 -7.69662
1.169 0.321118 -6.54576
1.18641 -0.0712395 -7.69481
1.20866 0.116992 -6.54446
1.15792 -0.274925 -7.69447
1.213 -0.0933169 -6.54443
-1.82271 0.476048 -7.69769
-1.99091 0.263593 -6.46887
-1.71326 0.787618 -7.6993
-1.91575 0.608108 -6.47037
-1.54889 1.07654 -7.7024
-1.77888 0.935737 -6.47352
-1.33377 1.33174 -7.70685
-1.5834 1.2339 -6.48041
-1.07739 1.54091 -7.70778
-1.33804 1.48675 -6.4806
-0.797976 1.69969 -7.70776
-1.06708 1.68961 -6.48103
-0.496639 1.81311 -7.70605
-0.766022 1.85199 -6.4786
-0.175474 1.8729 -7.70396
-0.433178 1.95893 -6.47586
0.152883 1.87374 -7.70298
-0.0850972 2.00205 -6.47398
0.475094 1.81747 -7.70485
0.262299 1.98486 -6.47666
0.784158 1.7064 -7.70754
0.603626 1.9083 -6.47991
1.0729 1.54103 -7.70894
0.931788 1.77044 -6.48223
1.32672 1.32447 -7.70738
1.22852 1.57223 -6.4802
1.53227 1.07394 -7.70477
1.47666 1.33579 -6.47813
1.69381 0.797011 -7.69991
1.68454 1.06657 -6.47091
1.80841 0.495457 -7.69751
1.84674 0.763608 -6.46867
1.87026 0.175905 -7.69687
1.95526 0.433484 -6.46818
-3.01038 0.781418 -7.67329
-3.24395 0.493787 -6.34615
-2.83009 1.29516 -7.67502
-3.10992 1.053 -6.34802
-2.55982 1.77107 -7.6783
-2.87668 1.58198 -6.35193
-2.20688 2.19163 -7.68278
-2.55025 2.06138 -6.35886
-1.78579 2.53849 -7.6843
-2.14381 2.4684 -6.36082
-1.32326 2.80379 -7.68269
-1.69186 2.79476 -6.35859
-0.82405 2.99219 -7.6787
-1.19179 3.05015 -6.35226
-0.293809 3.09197 -7.67612
-0.644692 3.21404 -6.34869
0.248165 3.09544 -7.67573
-0.0750812 3.27499 -6.34831
0.781085 3.00444 -7.67695
0.493059 3.2372 -6.3495
1.29192 2.82183 -7.6802
1.04858 3.10096 -6.35361
1.76744 2.54961 -7.68394
1.578 2.86557 -6.35986
2.18568 2.19466 -7.68394
2.05495 2.53554 -6.36049
2.52745 1.78197 -7.68087
2.45573 2.14175 -6.35681
2.79634 1.32325 -7.67606
2.78841 1.69242 -6.34961
2.98647 0.823659 -7.67334
3.04371 1.18983 -6.34638
3.08875 0.295125 -7.67248
3.20953 0.645874 -6.34538
-4.74308 1.69943 -7.38724
-5.04206 1.28673 -5.90775
-4.37716 2.50084 -7.38836
-4.74301 2.1466 -5.90934
-3.87318 3.22811 -7.39052
-4.29427 2.94325 -5.91278
-3.24515 3.8551 -7.39374
-3.70782 3.64833 -5.91782
-2.51679 4.35606 -7.39587
-3.00492 4.23108 -5.92223
-1.72836 4.71939 -7.39393
-2.23534 4.67959 -5.91818
-0.892588 4.94979 -7.38914
-1.4018 5.00238 -5.90889
-0.0221916 5.03319 -7.38701
-0.512634 5.17427 -5.90547
0.853207 4.96094 -7.38735
0.396033 5.18316 -5.90731
1.70097 4.73743 -7.38743
1.28833 5.03594 -5.90594
2.49936 4.36866 -7.39013
2.1443 4.73356 -5.90976
3.22606 3.86127 -7.39476
2.94079 4.28062 -5.91898
3.84928 3.23053 -7.3954
3.64192 3.69005 -5.92175
4.34321 2.51377 -7.39233
4.21665 3.00455 -5.91645
4.71075 1.73068 -7.38907
4.67187 2.23828 -5.91138
4.9434 0.894075 -7.38717
4.99478 1.40179 -5.90811
5.02937 0.0252897 -7.38664
5.16901 0.516092 -5.90708
-7.26747 3.16608 -6.45847
-7.66221 2.49146 -4.74181
-6.60862 4.38529 -6.45787
-7.11438 3.78933 -4.74146
-5.74216 5.47419 -6.45672
-6.34335 4.97533 -4.74103
-4.69364 6.39354 -6.45627
-5.37069 6.00711 -4.73965
-3.49825 7.10675 -6.45841
-4.22773 6.84068 -4.74641
-2.21966 7.59464 -6.4597
-2.98901 7.45871 -4.74521
-0.882461 7.86687 -6.45808
-1.66577 7.87187 -4.73857
0.492649 7.90665 -6.45781
-0.2753 8.04844 -4.73769
1.86072 7.70196 -6.45872
1.13049 7.97294 -4.74168
3.1685 7.26299 -6.45764
2.49546 7.65781 -4.73751
4.38519 6.60253 -6.45801
3.7899 7.10727 -4.73837
5.47543 5.73146 -6.45948
4.97641 6.33019 -4.74483
6.38988 4.67655 -6.4576
6.00232 5.34988 -4.74534
7.09213 3.49755 -6.45544
6.82497 4.23023 -4.73904
7.58695 2.22499 -6.45624
7.45138 2.99504 -4.7409
7.86142 0.884602 -6.45745
7.86425 1.66746 -4.74092
7.90229 -0.489166 -6.45826
8.04224 0.280543 -4.74145
-11.3854 4.3875 -3.93891
-11.8075 3.08445 -2.16757
-10.4517 6.30435 -3.93712
-11.0942 5.09557 -2.1637
-9.19282 8.03379 -3.93439
-10.034 6.95747 -2.15754
-7.64825 9.51609 -3.93139
-8.66135 8.60526 -2.15032
-5.86337 10.6966 -3.93093
-7.01137 9.97181 -2.14839
-3.92871 11.5358 -3.93544
-5.1921 11.0155 -2.15821
-1.88573 12.0436 -3.93961
-3.2262 11.756 -2.1676
0.228846 12.1952 -3.94043
-1.13989 12.1474 -2.16982
2.34685 11.9707 -3.94056
0.992508 12.1594 -2.17047
4.38754 11.3825 -3.94018
3.08527 11.8046 -2.1694
6.30294 10.4501 -3.93905
5.09396 11.0931 -2.16698
8.03777 9.1879 -3.93485
6.96273 10.0296 -2.15774
9.51683 7.63136 -3.93036
8.60608 8.6381 -2.14748
10.6821 5.86561 -3.93081
9.95404 7.01687 -2.14904
11.5326 3.93477 -3.93405
11.0146 5.19933 -2.15679
12.0416 1.88541 -3.93718
11.7527 3.22439 -2.1637
12.1916 -0.228289 -3.939
12.1417 1.14112 -2.16771
-18.5976 3.27925 -0.0925204
-17.5491 3.09438 -0.0764316
-17.7456 6.45887 -0.0925322
-16.7451 6.09473 -0.0764479
-16.3544 9.44223 -0.0925508
-15.4324 8.90991 -0.0764788
-14.4663 12.1387 -0.0925697
-13.6508 11.4544 -0.0765028
-12.1387 14.4663 -0.0925886
-11.4544 13.6508 -0.076547
-9.44223 16.3544 -0.0925692
-8.90991 15.4324 -0.0765089
-6.45887 17.7456 -0.0925322
-6.09473 16.7451 -0.0764386
-3.27925 18.5976 -0.0925181
-3.09438 17.5491 -0.0764157
-5.2318e-15 18.8845 -0.0925237
9.22832e-15 17.8198 -0.0764361
3.27925 18.5976 -0.0925191
3.09438 17.5491 -0.0764174
6.45887 17.7456 -0.0925321
6.09473 16.7451 -0.0764359
9.44223 16.3544 -0.0925642
8.90991 15.4324 -0.0765006
12.1387 14.4663 -0.0925772
11.4544 13.6508 -0.0765351
14.4663 12.1387 -0.0925566
13.6508 11.4544 -0.0764929
16.3544 9.44223 -0.09254
15.4324 8.90991 -0.0764719
17.7456 6.45887 -0.0925241
16.7451 6.09473 -0.0764418
18.5976 3.27925 -0.0925161
17.5491 3.09438 -0.0764279
0 0 -5
0 0 -5
0 0 -5
0 0 -5
0 0 -5
0 0 -5
0 0 -5
0 0 -5
0 0 -5
0 0 -5
0 0 -5
0 0 -5
0 0 -5
0 0 -5
0 0 -5
0 0 -5
0 0 -5
0 0 -5
0 0 -5
0 0 -5
0 0 -5
0 0 -5
0 0 -5
0 0 -5
0 0 -5
0 0 -5
0 0 -5
0 0 -5
0 0 -5
0 0 -5
0 0 -5
0 0 -5
0 0 -5
0 0 -5
0 0 -5
0 0 -5
0 0 -5
0 0 -5
0 0 -5
0 0 -5
0 0 -5
0 0 -5
0 0 -5
0 0 -5
0 0 -5
0 0 -5
0 0 -5
0 0 -5
0 0 -5
0 0 -5
0 0 -5
16.5006 -2.9095 -0.0668748
15.7447 -5.7306 -0.0668949
14.5104 -8.37758 -0.0669592
12.8352 -10.77 -0.0669687
10.77 -12.8352 -0.0670874
8.37758 -14.5104 -0.0670033
5.7306 -15.7447 -0.0668702
2.9095 -16.5006 -0.0668267
-1.26493e-13 -16.7552 -0.0668965
-2.9095 -16.5006 -0.0668327
-5.7306 -15.7447 -0.0668595
-8.37758 -14.5104 -0.0669842
-10.77 -12.8352 -0.0670745
-12.8352 -10.77 -0.0669663
-14.5104 -8.37758 -0.0669588
-15.7447 -5.7306 -0.0668921
-16.5006 -2.9095 -0.0668711
-0.145872 0.788166 -5.4068
-0.280946 1.48464 -6.05761
-0.401959 2.02654 -6.31673
-0.487218 2.20784 -6.29241
-0.548833 1.96724 -6.08269
-0.640533 1.40407 -5.80296
-0.841401 0.663179 -5.53284
-1.25741 -0.0856696 -5.33487
-2.02156 -0.67271 -5.20601
-3.29133 -0.972729 -5.02526
-5.2368 -0.991661 -4.51656
-8.0339 -1.06885 -3.27452
-11.8312 -2.02784 -1.282
-0.280994 0.749817 -5.40488
-0.535608 1.41188 -6.0575
-0.749087 1.9243 -6.31595
-0.864846 2.08793 -6.29146
-0.88326 1.84071 -6.08157
-0.874854 1.271 -5.8021
-0.942642 0.507577 -5.53227
-1.22062 -0.300989 -5.3347
-1.86948 -1.01081 -5.20644
-3.06635 -1.52616 -5.02647
-4.9779 -1.88244 -4.51819
-7.7184 -2.44325 -3.27469
-11.2903 -4.04479 -1.27519
-0.406607 0.687563 -5.4008
-0.772432 1.29477 -6.0578
-1.07164 1.76175 -6.31447
-1.21413 1.90262 -6.28962
-1.18914 1.65684 -6.07901
-1.08164 1.09906 -5.79957
-1.01534 0.33784 -5.53016
-1.14802 -0.50419 -5.3336
-1.66282 -1.31357 -5.20696
-2.75073 -2.02688 -5.02933
-4.56969 -2.70723 -4.52347
-7.16991 -3.72908 -3.28034
-10.4128 -5.92087 -1.2653
-0.517472 0.603774 -5.3955
-0.982983 1.13812 -6.06073
-1.35862 1.54563 -6.31732
-1.52347 1.65976 -6.2955
-1.45681 1.42343 -6.08705
-1.25528 0.895003 -5.80983
-1.05924 0.159695 -5.54178
-1.04503 -0.689549 -5.34602
-1.41243 -1.57316 -5.21966
-2.3605 -2.46222 -5.04127
-4.03429 -3.44692 -4.53098
-6.4193 -4.90619 -3.27439
-9.23772 -7.62207 -1.24885
-0.60884 0.506018 -5.39148
-1.15952 0.951356 -6.05889
-1.59994 1.28754 -6.31001
-1.78172 1.37198 -6.2871
-1.6765 1.15027 -6.07819
-1.38897 0.664236 -5.80218
-1.07169 -0.0267806 -5.53583
-0.913618 -0.861399 -5.34239
-1.12476 -1.79546 -5.21907
-1.90619 -2.83433 -5.04503
-3.38631 -4.09159 -4.5411
-5.48962 -5.93765 -3.29321
-7.80101 -9.10785 -1.25028
-0.694634 0.397352 -5.40023
-1.31346 0.74095 -6.06061
-1.80596 0.996135 -6.31772
-1.99854 1.04854 -6.29584
-1.85458 0.846912 -6.08822
-1.48431 0.415212 -5.81171
-1.04906 -0.214405 -5.54445
-0.746108 -1.01354 -5.34921
-0.790451 -1.97451 -5.22289
-1.37928 -3.1369 -5.0441
-2.61852 -4.63501 -4.5346
-4.36573 -6.82446 -3.28385
-6.08454 -10.3626 -1.2665
-0.760344 0.268085 -5.4088
-1.42965 0.49973 -6.06307
-1.95868 0.665549 -6.32625
-2.15693 0.683606 -6.30495
-1.97845 0.510783 -6.09711
-1.53613 0.150387 -5.81827
-0.995002 -0.394006 -5.54814
-0.55495 -1.12901 -5.34927
-0.429537 -2.08456 -5.21836
-0.80631 -3.33411 -5.03354
-1.76572 -5.02832 -4.51773
-3.10156 -7.49243 -3.26643
-4.17178 -11.2686 -1.27972
-0.792478 0.131285 -5.40984
-1.49249 0.243525 -6.06309
-2.04263 0.314928 -6.32621
-2.24184 0.297457 -6.305
-2.03691 0.158203 -6.09731
-1.53933 -0.119805 -5.81818
-0.912071 -0.561647 -5.54744
-0.350842 -1.20882 -5.3475
-0.0610344 -2.12814 -5.21521
-0.214819 -3.42498 -5.02898
-0.865235 -5.26193 -4.51267
-1.75138 -7.92149 -3.26366
-2.1464 -11.8193 -1.28294
-0.798132 -0.00578406 -5.40753
-1.50693 -0.017403 -6.05992
-2.06167 -0.0424401 -6.31846
-2.25566 -0.0947827 -6.29523
-2.0308 -0.197398 -6.08696
-1.49399 -0.385903 -5.8085
-0.800914 -0.712933 -5.53895
-0.136836 -1.25322 -5.3407
0.307491 -2.10817 -5.21054
0.380507 -3.4111 -5.02784
0.0572223 -5.33048 -4.51797
-0.358918 -8.09884 -3.27712
-0.0698351 -12.0056 -1.28754
-0.790478 -0.142648 -5.40973
-1.48653 -0.277754 -6.06317
-2.02801 -0.39856 -6.32635
-2.20899 -0.484309 -6.30507
-1.96829 -0.547309 -6.09724
-1.40508 -0.640815 -5.81802
-0.663984 -0.843571 -5.54717
0.0852104 -1.26126 -5.34712
0.672335 -2.02697 -5.21459
0.971565 -3.29815 -5.02817
0.988491 -5.2446 -4.51196
1.06483 -8.04245 -3.26342
2.02732 -11.8399 -1.28366
-0.756378 -0.278889 -5.40861
-1.41771 -0.532239 -6.06304
-1.92961 -0.745234 -6.32606
-2.09193 -0.861815 -6.30476
-1.84317 -0.881818 -6.09693
-1.27171 -0.875591 -5.81808
-0.506544 -0.945615 -5.54782
0.303582 -1.22559 -5.34866
1.01449 -1.87614 -5.21747
1.52994 -3.07456 -5.03264
1.88509 -4.98774 -4.51733
2.44534 -7.72911 -3.26693
4.04856 -11.2974 -1.28024
-0.688905 -0.407376 -5.40013
-1.29618 -0.770932 -6.06067
-1.76369 -1.0694 -6.31783
-1.90396 -1.21216 -6.29598
-1.65773 -1.18777 -6.08827
-1.09932 -1.08159 -5.81167
-0.337658 -1.01673 -5.54403
0.504632 -1.15057 -5.34836
1.31381 -1.66608 -5.22168
2.02608 -2.75468 -5.04285
2.70469 -4.57495 -4.53403
3.72565 -7.17632 -3.28467
5.91822 -10.4098 -1.26648
-0.601509 -0.51483 -5.39143
-1.13739 -0.977844 -6.0589
-1.5459 -1.35228 -6.31012
-1.66066 -1.51658 -6.28734
-1.42409 -1.45171 -6.07844
-0.8952 -1.25345 -5.80242
-0.159008 -1.06165 -5.53616
0.69101 -1.05159 -5.34276
1.57484 -1.42231 -5.21941
2.46265 -2.37267 -5.04524
3.44333 -4.04786 -4.54153
4.89277 -6.4354 -3.2946
7.60905 -9.25467 -1.25205
-0.508701 -0.611218 -5.39549
-0.956558 -1.16042 -6.06087
-1.29398 -1.60023 -6.31774
-1.37893 -1.78163 -6.29616
-1.15557 -1.67711 -6.08814
-0.666138 -1.3907 -5.81134
0.0295159 -1.07494 -5.54374
0.869108 -0.918818 -5.34835
1.80793 -1.13209 -5.22217
2.85128 -1.91512 -5.04348
4.11343 -3.39511 -4.53217
5.96756 -5.49318 -3.2742
9.14019 -7.80342 -1.25103
-0.3967 -0.693317 -5.40072
-0.742633 -1.31204 -6.05782
-0.998435 -1.80416 -6.31454
-1.05024 -1.9975 -6.28998
-0.84774 -1.85464 -6.07988
-0.414094 -1.48573 -5.8011
0.217921 -1.05186 -5.53224
1.0197 -0.750279 -5.33609
1.9834 -0.795705 -5.20967
3.14882 -1.38475 -5.03174
4.65035 -2.62286 -4.52477
6.84099 -4.36748 -3.27985
10.3652 -6.08195 -1.26637
-0.270243 -0.753761 -5.40474
-0.503191 -1.42373 -6.05755
-0.669523 -1.95327 -6.31601
-0.686843 -2.15279 -6.29165
-0.512338 -1.97605 -6.08191
-0.149467 -1.53573 -5.80268
0.397686 -0.99662 -5.53317
1.13535 -0.55838 -5.33596
2.09318 -0.434224 -5.20793
3.34441 -0.811029 -5.02798
5.03926 -1.76872 -4.51945
7.50047 -3.10247 -3.27557
11.2701 -4.17297 -1.27562
-0.1346 -0.790122 -5.40659
-0.246997 -1.49051 -6.05743
-0.318718 -2.04104 -6.31617
-0.300781 -2.24057 -6.29169
-0.15992 -2.03585 -6.08203
0.120325 -1.53851 -5.80252
0.564635 -0.911689 -5.53267
1.21408 -0.351098 -5.33502
2.13518 -0.0616748 -5.20649
3.43264 -0.214892 -5.02596
5.26821 -0.863313 -4.51738
7.92375 -1.74819 -3.27526
11.8197 -2.14546 -1.28197
-0.059893 -0.362861 -5.58563
-0.100089 -0.592849 -5.49508
-0.122806 -0.346038 -5.58486
-0.202261 -0.565506 -5.49379
-0.180842 -0.317589 -5.58312
-0.297164 -0.519764 -5.49091
-0.231184 -0.279178 -5.5805
-0.380597 -0.457535 -5.48664
-0.272808 -0.235828 -5.57943
-0.449844 -0.385724 -5.48423
-0.313229 -0.188938 -5.58287
-0.515328 -0.30667 -5.49029
-0.345587 -0.131175 -5.58651
-0.566183 -0.211013 -5.49636
-0.362547 -0.0679524 -5.58728
-0.592724 -0.108227 -5.49736
-0.3672 -0.00510545 -5.587
-0.600059 -0.00547123 -5.4965
-0.364351 0.057912 -5.58735
-0.594655 0.097477 -5.49746
-0.349106 0.12162 -5.58659
-0.569947 0.200787 -5.49649
-0.318313 0.180123 -5.58292
-0.520767 0.297227 -5.49037
-0.279318 0.228017 -5.57945
-0.456805 0.377368 -5.48427
-0.238929 0.272615 -5.58051
-0.388887 0.450506 -5.48667
-0.189584 0.312478 -5.58314
-0.306524 0.514294 -5.49096
-0.132295 0.342541 -5.58491
-0.212421 0.561763 -5.49389
-0.0698489 0.361093 -5.58569
-0.110755 0.590956 -5.4952
-0.177545 -1.08442 -6.6176
-0.215048 -1.30368 -6.36118
-0.3644 -1.03574 -6.61753
-0.439434 -1.24516 -6.36119
-0.538432 -0.954233 -6.6175
-0.648719 -1.14731 -6.36141
-0.693344 -0.843724 -6.61783
-0.835357 -1.01423 -6.36262
-0.825145 -0.711534 -6.61805
-0.99331 -0.854647 -6.36251
-0.939713 -0.562279 -6.61941
-1.13175 -0.674927 -6.36371
-1.02834 -0.390779 -6.62125
-1.23818 -0.467556 -6.36571
-1.08061 -0.204999 -6.62167
-1.29969 -0.2442 -6.36594
-1.09792 -0.0152029 -6.62116
-1.31945 -0.0163632 -6.36468
-1.08591 0.175065 -6.62168
-1.30538 0.212001 -6.36592
-1.03879 0.362273 -6.62128
-1.24943 0.43692 -6.36572
-0.954895 0.53604 -6.6194
-1.14807 0.64673 -6.36368
-0.844558 0.688289 -6.618
-1.01415 0.82967 -6.36247
-0.716455 0.824167 -6.61774
-0.860187 0.993204 -6.36252
-0.564562 0.939016 -6.61742
-0.676792 1.13096 -6.36134
-0.392774 1.02535 -6.6175
-0.469938 1.23399 -6.36116
-0.207289 1.0792 -6.61764
-0.247038 1.29808 -6.36127
-0.274168 -1.75568 -7.16758
-0.299514 -1.91664 -6.78001
-0.576139 -1.68005 -7.16766
-0.629071 -1.83404 -6.77997
-0.858881 -1.55208 -7.1678
-0.937716 -1.6941 -6.77979
-1.11297 -1.37689 -7.1681
-1.21496 -1.50227 -6.78059
-1.3312 -1.16346 -7.1675
-1.452 -1.26907 -6.77805
-1.51633 -0.919225 -7.17029
-1.65542 -1.00346 -6.78237
-1.65771 -0.642406 -7.17389
-1.81078 -0.700546 -6.78785
-1.74414 -0.343847 -7.17427
-1.90426 -0.374506 -6.78802
-1.77565 -0.036681 -7.17294
-1.93771 -0.0396819 -6.78484
-1.75687 0.271573 -7.17429
-1.91801 0.29632 -6.78799
-1.68285 0.573476 -7.17396
-1.83799 0.62601 -6.78794
-1.55298 0.855783 -7.17026
-1.69505 0.934923 -6.78232
-1.37812 1.10728 -7.16735
-1.50265 1.20839 -6.7779
-1.16891 1.32961 -7.16784
-1.27539 1.45113 -6.7803
-0.922215 1.5153 -7.16758
-1.00619 1.65433 -6.77961
-0.64489 1.65496 -7.16758
-0.703438 1.80691 -6.77994
-0.346194 1.74303 -7.16768
-0.377416 1.90299 -6.78026
-0.280672 -2.04863 -7.50315
-0.294705 -2.16869 -6.94582
-0.633466 -1.96731 -7.50338
-0.668271 -2.08296 -6.94589
-0.965191 -1.82482 -7.50391
-1.01957 -1.93223 -6.94602
-1.26505 -1.62698 -7.50498
-1.3371 -1.72259 -6.94824
-1.5241 -1.38339 -7.50446
-1.61011 -1.46498 -6.94553
-1.74409 -1.10272 -7.50778
-1.84434 -1.16956 -6.95042
-1.91398 -0.783795 -7.51192
-2.02566 -0.831624 -6.9565
-2.02154 -0.438292 -7.51217
-2.13929 -0.465742 -6.9565
-2.06543 -0.0811293 -7.51041
-2.18535 -0.0882023 -6.95245
-2.04972 0.278445 -7.51224
-2.16992 0.291927 -6.95652
-1.96959 0.631317 -7.51203
-2.08617 0.665864 -6.95662
-1.82519 0.962379 -7.50775
-1.93251 1.01718 -6.95035
-1.62806 1.25917 -7.5042
-1.72294 1.33013 -6.94526
-1.389 1.5225 -7.50448
-1.47165 1.60901 -6.9477
-1.10551 1.74351 -7.50345
-1.17206 1.8438 -6.94558
-0.785782 1.91175 -7.50317
-0.833859 2.02254 -6.94574
-0.440273 2.02052 -7.50324
-0.468222 2.13815 -6.94612
-0.175818 -1.9575 -7.66775
-0.171419 -2.01984 -6.92468
-0.514146 -1.89619 -7.66803
-0.520777 -1.95824 -6.9247
-0.835423 -1.77625 -7.66876
-0.852766 -1.8359 -6.92491
-1.12956 -1.60254 -7.67038
-1.15695 -1.65775 -6.92809
-1.38739 -1.38262 -7.6699
-1.42289 -1.4321 -6.92516
-1.60809 -1.12457 -7.67374
-1.65242 -1.16814 -6.93081
-1.78249 -0.829042 -7.67816
-1.83457 -0.864052 -6.93714
-1.90001 -0.505788 -7.67834
-1.95715 -0.531042 -6.93705
-1.95792 -0.1681 -7.67644
-2.01805 -0.183269 -6.93276
-1.95841 0.174635 -7.67851
-2.02083 0.169939 -6.93719
-1.89756 0.51315 -7.67839
-1.96014 0.519694 -6.93734
-1.77605 0.833697 -7.67379
-1.83548 0.851391 -6.93082
-1.60298 1.12521 -7.66956
-1.65758 1.15181 -6.92482
-1.38661 1.3862 -7.66957
-1.43684 1.42196 -6.92719
-1.12634 1.6078 -7.66792
-1.16976 1.65218 -6.92405
-0.830006 1.78092 -7.66758
-0.865094 1.83251 -6.92434
-0.50692 1.89906 -7.66775
-0.53243 1.9561 -6.92491
0.0533886 -1.59023 -7.72739
0.0848023 -1.58267 -6.81182
-0.224198 -1.57502 -7.72792
-0.19206 -1.57304 -6.81208
-0.494305 -1.51156 -7.72919
-0.462393 -1.51513 -6.81287
-0.748868 -1.40228 -7.73166
-0.718326 -1.41119 -6.8173
-0.979313 -1.25105 -7.73152
-0.950404 -1.26483 -6.81489
-1.18177 -1.064 -7.73506
-1.1556 -1.08296 -6.8201
-1.35008 -0.843382 -7.7387
-1.32775 -0.866855 -6.82516
-1.47655 -0.595259 -7.73853
-1.45871 -0.622226 -6.82466
-1.55694 -0.329118 -7.7367
-1.54389 -0.358678 -6.82063
-1.59088 -0.0530367 -7.73885
-1.58334 -0.0844237 -6.82492
-1.57526 0.224983 -7.73913
-1.57338 0.192999 -6.82549
-1.51058 0.494526 -7.73526
-1.51386 0.463011 -6.82023
-1.4016 0.747257 -7.73109
-1.41001 0.716423 -6.81449
-1.25233 0.979028 -7.73045
-1.26637 0.95009 -6.81598
-1.06403 1.18191 -7.72784
-1.08296 1.15576 -6.81144
-0.842875 1.34932 -7.72711
-0.866198 1.32692 -6.81138
-0.595288 1.47564 -7.7272
-0.622193 1.4577 -6.81186
0.430198 -1.09672 -7.71613
0.498276 -1.01403 -6.66406
0.233162 -1.15538 -7.71699
0.314506 -1.08594 -6.66466
0.0286166 -1.17922 -7.71884
0.120603 -1.12522 -6.66608
-0.17774 -1.16711 -7.72207
-0.0783773 -1.13014 -6.67149
-0.378179 -1.118 -7.72226
-0.274408 -1.09832 -6.66972
-0.564935 -1.03488 -7.72507
-0.458293 -1.03304 -6.67398
-0.734951 -0.921652 -7.72742
-0.62886 -0.939157 -6.67725
-0.883907 -0.779644 -7.72675
-0.78283 -0.81557 -6.67621
-1.0058 -0.61315 -7.72511
-0.91272 -0.665648 -6.67269
-1.09684 -0.428072 -7.72726
-1.0141 -0.495794 -6.67663
-1.15427 -0.230304 -7.72817
-1.08451 -0.311285 -6.67785
-1.17738 -0.0259423 -7.72555
-1.12307 -0.117502 -6.67443
-1.16505 0.179764 -7.72178
-1.12769 0.0808166 -6.66927
-1.11584 0.379174 -7.72046
-1.09577 0.275063 -6.66974
-1.03284 0.565501 -7.71698
-1.03115 0.458761 -6.66411
-0.91959 0.735074 -7.71577
-0.936764 0.629352 -6.66357
-0.778583 0.883205 -7.7157
-0.814105 0.78206 -6.66386
0.996927 -0.655444 -7.69514
1.111 -0.503986 -6.5449
0.868468 -0.820135 -7.6964
1.00708 -0.691134 -6.54593
0.71196 -0.960797 -7.69891
0.870515 -0.858414 -6.54816
0.531435 -1.07174 -7.70283
0.704373 -0.999064 -6.55441
0.33454 -1.14642 -7.70339
0.516079 -1.10405 -6.55352
0.133634 -1.18419 -7.70495
0.321803 -1.17265 -6.55616
-0.0703385 -1.1899 -7.70546
0.11869 -1.21261 -6.5569
-0.275337 -1.15987 -7.70411
-0.0937198 -1.21567 -6.55511
-0.472833 -1.09309 -7.70275
-0.304226 -1.1788 -6.55229
-0.654872 -0.993077 -7.70483
-0.503233 -1.10653 -6.55571
-0.817639 -0.8635 -7.70661
-0.687939 -1.00161 -6.55788
-0.957962 -0.706658 -7.70581
-0.855273 -0.864736 -6.557
-1.06814 -0.52561 -7.70293
-0.995127 -0.697391 -6.55306
-1.1408 -0.332183 -7.7009
-1.09742 -0.514447 -6.55231
-1.18011 -0.132673 -7.69662
-1.169 -0.321114 -6.54576
-1.1864 0.0712432 -7.69481
-1.20866 -0.116988 -6.54446
-1.15792 0.274928 -7.69447
-1.213 0.0933193 -6.54443
1.82271 -0.476048 -7.69769
1.99091 -0.263593 -6.46887
1.71327 -0.787619 -7.6993
1.91575 -0.608109 -6.47037
1.54889 -1.07655 -7.7024
1.77889 -0.935739 -6.47352
1.33377 -1.33174 -7.70685
1.58341 -1.2339 -6.48041
1.07739 -1.54092 -7.70778
1.33804 -1.48675 -6.4806
0.797978 -1.69969 -7.70776
1.06708 -1.68962 -6.48103
0.49664 -1.81311 -7.70605
0.766023 -1.85199 -6.4786
0.175475 -1.8729 -7.70396
0.433178 -1.95893 -6.47586
-0.152883 -1.87374 -7.70298
0.0850972 -2.00205 -6.47398
-0.475094 -1.81747 -7.70485
-0.262299 -1.98486 -6.47666
-0.784157 -1.7064 -7.70754
-0.603625 -1.90829 -6.47991
-1.0729 -1.54103 -7.70894
-0.931787 -1.77044 -6.48223
-1.32672 -1.32446 -7.70738
-1.22852 -1.57223 -6.4802
-1.53227 -1.07394 -7.70477
-1.47666 -1.33579 -6.47813
-1.69381 -0.797008 -7.69991
-1.68453 -1.06656 -6.47091
-1.8084 -0.495454 -7.69751
-1.84673 -0.763605 -6.46867
-1.87026 -0.175904 -7.69687
-1.95526 -0.433483 -6.46818
3.01038 -0.78142 -7.67329
3.24396 -0.493788 -6.34615
2.83009 -1.29517 -7.67502
3.10992 -1.053 -6.34802
2.55983 -1.77108 -7.6783
2.87669 -1.58199 -6.35193
2.20688 -2.19163 -7.68278
2.55025 -2.06139 -6.35886
1.7858 -2.53849 -7.6843
2.14381 -2.46841 -6.36082
1.32327 -2.80379 -7.68269
1.69186 -2.79477 -6.35859
0.824051 -2.9922 -7.6787
1.19179 -3.05015 -6.35226
0.293809 -3.09198 -7.67612
0.644692 -3.21404 -6.34869
-0.248166 -3.09544 -7.67573
0.0750811 -3.27499 -6.34831
-0.781085 -3.00444 -7.67695
-0.493059 -3.2372 -6.3495
-1.29192 -2.82183 -7.6802
-1.04858 -3.10096 -6.35362
-1.76744 -2.54961 -7.68394
-1.578 -2.86556 -6.35986
-2.18568 -2.19466 -7.68394
-2.05494 -2.53554 -6.36049
-2.52745 -1.78197 -7.68087
-2.45573 -2.14174 -6.35681
-2.79633 -1.32324 -7.67606
-2.78841 -1.69242 -6.34961
-2.98646 -0.823658 -7.67334
-3.0437 -1.18983 -6.34638
-3.08874 -0.295126 -7.67248
-3.20952 -0.645874 -6.34538
4.74308 -1.69943 -7.38724
5.04207 -1.28673 -5.90775
4.37717 -2.50085 -7.38836
4.74302 -2.1466 -5.90934
3.87318 -3.22812 -7.39052
4.29428 -2.94325 -5.91277
3.24516 -3.85511 -7.39374
3.70782 -3.64834 -5.91782
2.51679 -4.35607 -7.39587
3.00492 -4.23109 -5.92222
1.72836 -4.7194 -7.39392
2.23534 -4.6796 -5.91818
0.892588 -4.94979 -7.38914
1.4018 -5.00238 -5.90889
0.0221912 -5.03319 -7.38701
0.512634 -5.17427 -5.90547
-0.853207 -4.96094 -7.38735
-0.396033 -5.18316 -5.90731
-1.70096 -4.73743 -7.38743
-1.28833 -5.03593 -5.90594
-2.49936 -4.36865 -7.39014
-2.1443 -4.73356 -5.90976
-3.22606 -3.86127 -7.39476
-2.94078 -4.28061 -5.91898
-3.84927 -3.23053 -7.3954
-3.64191 -3.69005 -5.92175
-4.3432 -2.51377 -7.39233
-4.21664 -3.00454 -5.91646
-4.71074 -1.73068 -7.38907
-4.67186 -2.23828 -5.91139
-4.94339 -0.894075 -7.38717
-4.99477 -1.40179 -5.90811
-5.02936 -0.0252915 -7.38664
-5.169 -0.516093 -5.90708
7.26748 -3.16608 -6.45847
7.66222 -2.49146 -4.74181
6.60863 -4.3853 -6.45787
7.11439 -3.78933 -4.74146
5.74217 -5.4742 -6.45671
6.34335 -4.97534 -4.74102
4.69365 -6.39354 -6.45627
5.37069 -6.00712 -4.73964
3.49825 -7.10675 -6.45841
4.22774 -6.84068 -4.74641
2.21966 -7.59464 -6.4597
2.98902 -7.45872 -4.74521
0.882461 -7.86687 -6.45808
1.66577 -7.87187 -4.73857
-0.49265 -7.90665 -6.45781
0.2753 -8.04844 -4.73768
-1.86072 -7.70196 -6.45872
-1.13049 -7.97294 -4.74168
-3.16849 -7.26298 -6.45764
-2.49546 -7.65781 -4.73751
-4.38519 -6.60253 -6.45801
-3.7899 -7.10727 -4.73838
-5.47543 -5.73145 -6.45948
-4.97641 -6.33019 -4.74483
-6.38988 -4.67654 -6.4576
-6.00232 -5.34988 -4.74534
-7.09212 -3.49755 -6.45545
-6.82497 -4.23023 -4.73905
-7.58694 -2.22499 -6.45624
-7.45137 -2.99504 -4.7409
-7.86141 -0.884601 -6.45746
-7.86423 -1.66746 -4.74093
-7.90227 0.489164 -6.45826
-8.04223 -0.280543 -4.74146
11.3854 -4.3875 -3.93891
11.8075 -3.08445 -2.16756
10.4517 -6.30435 -3.93711
11.0942 -5.09558 -2.16369
9.19283 -8.03379 -3.93438
10.034 -6.95747 -2.15754
7.64826 -9.51609 -3.93139
8.66136 -8.60526 -2.15031
5.86338 -10.6967 -3.93092
7.01138 -9.97182 -2.14839
3.92871 -11.5359 -3.93544
5.1921 -11.0155 -2.15821
1.88573 -12.0436 -3.93961
3.22621 -11.756 -2.1676
-0.228845 -12.1952 -3.94043
1.13989 -12.1474 -2.16982
-2.34685 -11.9707 -3.94056
-0.992508 -12.1594 -2.17047
-4.38754 -11.3825 -3.94018
-3.08527 -11.8046 -2.1694
-6.30294 -10.4501 -3.93905
-5.09395 -11.0931 -2.16698
-8.03776 -9.1879 -3.93485
-6.96272 -10.0296 -2.15774
-9.51682 -7.63135 -3.93037
-8.60607 -8.6381 -2.14748
-10.6821 -5.8656 -3.93081
-9.95404 -7.01687 -2.14905
-11.5326 -3.93476 -3.93406
-11.0145 -5.19933 -2.15679
-12.0416 -1.8854 -3.93719
-11.7527 -3.22439 -2.1637
-12.1916 0.228292 -3.93901
-12.1417 -1.14112 -2.16772
18.5976 -3.27925 -0.0925204
17.5491 -3.09438 -0.0764316
17.7456 -6.45887 -0.0925322
16.7451 -6.09473 -0.0764479
16.3544 -9.44223 -0.0925508
15.4324 -8.90991 -0.0764788
14.4663 -12.1387 -0.0925697
13.6508 -11.4544 -0.0765028
12.1387 -14.4663 -0.0925886
11.4544 -13.6508 -0.076547
9.44223 -16.3544 -0.0925692
8.90991 -15.4324 -0.0765089
6.45887 -17.7456 -0.0925322
6.09473 -16.7451 -0.0764386
3.27925 -18.5976 -0.0925181
3.09438 -17.5491 -0.0764157
1.03255e-13 -18.8845 -0.0925237
-1.43293e-13 -17.8198 -0.0764361
-3.27925 -18.5976 -0.0925191
-3.09438 -17.5491 -0.0764174
-6.45887 -17.7456 -0.0925321
-6.09473 -16.7451 -0.0764359
-9.44223 -16.3544 -0.0925642
-8.90991 -15.4324 -0.0765006
-12.1387 -14.4663 -0.0925772
-11.4544 -13.6508 -0.0765351
-14.4663 -12.1387 -0.0925566
-13.6508 -11.4544 -0.0764929
-16.3544 -9.44223 -0.09254
-15.4324 -8.90991 -0.0764719
-17.7456 -6.45887 -0.0925241
-16.7451 -6.09473 -0.0764418
-18.5976 -3.27925 -0.0925162
-17.5491 -3.09438 -0.0764279
0 0 -5
0 0 -5
0 0 -5
0 0 -5
0 0 -5
0 0 -5
0 0 -5
0 0 -5
0 0 -5
0 0 -5
0 0 -5
0 0 -5
0 0 -5
0 0 -5
0 0 -5
0 0 -5
0 0 -5
0 0 -5
0 0 -5
0 0 -5
0 0 -5
0 0 -5
0 0 -5
0 0 -5
0 0 -5
0 0 -5
0 0 -5
0 0 -5
0 0 -5
0 0 -5
0 0 -5
0 0 -5
0 0 -5
0 0 -5
0 0 -5
0 0 -5
0 0 -5
0 0 -5
0 0 -5
0 0 -5
0 0 -5
0 0 -5
0 0 -5
0 0 -5
0 0 -5
0 0 -5
0 0 -5
0 0 -5
0 0 -5
0 0 -5
0 0 -5
0 0 -5
0 0 -5
0 0 -5
0 0 -5
0 0 -5
0 0 -5
0 0 -5
0 0 -5
0 0 -5
0 0 -5
0 0 -5
13.9626 0 -0.0524449
11.1701 0 -0.0443765
8.37758 0 -0.0391096
5.58505 0 -0.0356814
2.79253 0 -0.0337338
2.32525e-15 0 -0.0330993
-2.79253 0 -0.0337338
-5.58505 0 -0.0356814
-8.37758 0 -0.0391096
-11.1701 0 -0.0443765
-13.9626 0 -0.0524449
0.00622034 -1.17026 -5.12371
0.00620682 -1.33203 -4.82078
0.00550466 -1.25564 -4.54902
0.00408836 -0.967987 -4.33373
0.00218242 -0.521314 -4.18822
1.17391e-09 -1.26849e-08 -4.13539
-0.00218242 0.521314 -4.18822
-0.00408836 0.967987 -4.33373
-0.00550465 1.25564 -4.54902
-0.00620681 1.33203 -4.82078
-0.00622033 1.17026 -5.12371
0.0191088 -1.8506 -5.15456
0.0192601 -1.95216 -4.20858
0.0173414 -1.77211 -3.33467
0.0131501 -1.34037 -2.63225
0.00708929 -0.716785 -2.18057
2.57402e-09 1.45885e-08 -2.025
-0.00708929 0.716785 -2.18057
-0.0131501 1.34037 -2.63225
-0.0173414 1.77211 -3.33467
-0.0192601 1.95216 -4.20858
-0.0191088 1.8506 -5.15456
0.0476762 -2.24948 -4.85581
0.0488507 -2.21673 -3.27721
0.0445879 -1.92684 -1.81184
0.034351 -1.41897 -0.63476
0.0186734 -0.748385 0.122742
3.97447e-09 7.82867e-09 0.383741
-0.0186734 0.748385 0.122742
-0.034351 1.41897 -0.634759
-0.0445879 1.92684 -1.81184
-0.0488507 2.21673 -3.27721
-0.0476762 2.24948 -4.85581
0.108149 -2.2854 -4.28059
0.112112 -2.12091 -2.14102
0.103024 -1.76098 -0.177925
0.079794 -1.25473 1.38453
0.0435417 -0.649249 2.38197
4.95089e-09 2.7367e-09 2.72436
-0.0435417 0.649249 2.38197
-0.0797939 1.25473 1.38453
-0.103024 1.76098 -0.177925
-0.112112 2.12091 -2.14102
-0.108149 2.2854 -4.28059
0.226419 -1.92202 -3.57869
0.234863 -1.6656 -0.996357
0.215452 -1.30107 1.32175
0.166529 -0.882827 3.13903
0.0907199 -0.443514 4.28709
3.79909e-09 1.48709e-08 4.6793
-0.0907199 0.443515 4.28709
-0.166529 0.882827 3.13904
-0.215453 1.30107 1.32175
-0.234863 1.6656 -0.996356
-0.22642 1.92202 -3.57869
0.440329 -1.25936 -2.91104
0.45287 -0.951876 -0.0345674
0.411714 -0.642881 2.48182
0.31567 -0.379016 4.4197
0.171086 -0.172514 5.62892
6.91642e-09 1.75982e-08 6.03968
-0.171086 0.172514 5.62892
-0.31567 0.379016 4.4197
-0.411714 0.642881 2.48182
-0.45287 0.951875 -0.0345669
-0.440329 1.25936 -2.91104
0.802077 -0.461934 -2.39478
0.812042 -0.135923 0.615951
0.727614 0.0819854 3.17979
0.551267 0.161866 5.11671
0.296571 0.114422 6.30933
9.95295e-09 3.48114e-08 6.7119
-0.296571 -0.114422 6.30933
-0.551268 -0.161866 5.11671
-0.727614 -0.0819858 3.17979
-0.812043 0.135922 0.615951
-0.802077 0.461934 -2.39478
1.38038 0.289381 -2.0837
1.36844 0.624645 0.918217
1.20377 0.75108 3.39782
0.898764 0.657335 5.22894
0.479239 0.376192 6.3384
8.34831e-09 5.27434e-08 6.7099
-0.479239 -0.376192 6.3384
-0.898764 -0.657335 5.22894
-1.20377 -0.751081 3.39782
-1.36844 -0.624646 0.918217
-1.38038 -0.289381 -2.0837
2.26203 0.837849 -1.93764
2.18709 1.21269 0.933303
1.88305 1.28401 3.20676
1.38245 1.05743 4.8322
0.729684 0.58872 5.795
1.42515e-08 6.05376e-08 6.11382
-0.729684 -0.58872 5.795
-1.38245 -1.05743 4.8322
-1.88305 -1.28401 3.20676
-2.18709 -1.21269 0.933303
-2.26203 -0.83785 -1.93764
3.55076 1.10119 -1.80686
3.3363 1.5878 0.797784
2.80285 1.65716 2.72314
2.01879 1.34497 4.03349
1.05349 0.742129 4.78561
5.96553e-09 6.10772e-08 5.03107
-1.05349 -0.742129 4.78561
-2.01879 -1.34497 4.03349
-2.80285 -1.65716 2.72314
-3.3363 -1.5878 0.797784
-3.55077 -1.10119 -1.80686
5.36162 1.14054 -1.46714
4.87076 1.79536 0.647539
3.97728 1.8742 2.04728
2.80455 1.50352 2.94057
1.44576 0.822434 3.43472
1.13304e-08 5.44749e-08 3.59353
-1.44576 -0.822434 3.43472
-2.80455 -1.50352 2.94057
-3.97728 -1.8742 2.04728
-4.87076 -1.79536 0.647539
-5.36162 -1.14054 -1.46714
7.79194 1.17537 -0.808281
6.78721 1.85125 0.486751
5.3702 1.8657 1.23997
3.70529 1.45699 1.69103
1.88724 0.784729 1.9337
3.28844e-09 4.43317e-08 2.01166
-1.88724 -0.784729 1.9337
-3.70529 -1.45699 1.69103
-5.37021 -1.8657 1.23997
-6.78721 -1.85125 0.486751
-7.79194 -1.17537 -0.80828
10.7831 1.12422 -0.208499
8.9637 1.47646 0.218868
6.88172 1.37537 0.439027
4.65635 1.03123 0.562629
2.34686 0.541223 0.634667
4.8675e-09 2.49006e-08 0.660508
-2.34686 -0.541223 0.634667
-4.65635 -1.03123 0.562629
-6.88172 -1.37537 0.439027
-8.9637 -1.47646 0.218868
-10.7831 -1.12422 -0.208499
0.220216 1.16156 -5.11117
0.297941 1.29992 -4.81101
0.361031 1.20269 -4.55216
0.389428 0.923018 -4.3543
0.461766 0.503615 -4.22789
0.505003 0.00374265 -4.18073
0.467751 -0.496556 -4.22769
0.399965 -0.917104 -4.35376
0.372733 -1.19746 -4.54994
0.311428 -1.29689 -4.80867
0.234092 -1.16046 -5.10926
0.448488 -1.08728 -5.11826
0.629719 -0.96929 -5.13937
0.766764 -0.830468 -5.16385
0.805603 -0.668103 -5.22684
0.962594 -0.595121 -5.16489
1.11635 -0.436337 -5.09937
1.18077 -0.20845 -5.09817
1.16004 0.00738989 -5.13527
1.17673 0.222888 -5.09992
1.10901 0.44986 -5.10155
0.955795 0.606198 -5.16479
0.797464 0.677946 -5.22681
0.756894 0.839407 -5.16428
0.617314 0.976682 -5.14014
0.435189 1.09203 -5.11922
0.596567 -1.18817 -4.83629
0.831113 -1.01851 -4.8978
0.99588 -0.81127 -4.9686
1.20202 -0.614469 -4.78356
1.31745 -0.263902 -4.77872
1.31227 0.00833821 -4.87764
1.3141 0.278387 -4.77779
1.1945 0.629302 -4.78447
0.986336 0.823781 -4.96804
0.81853 1.02844 -4.89999
0.582499 1.19498 -4.83949
0.700613 1.07872 -4.60643
0.740595 0.833902 -4.42742
0.871659 0.465287 -4.34396
0.947699 0.00425561 -4.318
0.877254 -0.457069 -4.34449
0.748104 -0.826326 -4.4269
0.712351 -1.06993 -4.60456
0.987494 -0.877087 -4.70117
1.27735 0.0043844 -4.54643
1.16701 0.445743 -4.53671
0.977913 0.888989 -4.70437
0.991014 0.724437 -4.53689
1.17172 -0.435884 -4.53764
0.998014 -0.714256 -4.53611
0.333827 1.82828 -5.12742
0.426963 1.90437 -4.18524
0.508235 1.69951 -3.34193
0.524545 1.28359 -2.68795
0.635668 0.707533 -2.30844
0.704058 0.00952133 -2.17538
0.653137 -0.690334 -2.308
0.552529 -1.26973 -2.68588
0.543597 -1.68493 -3.33296
0.467508 -1.89387 -4.17061
0.376225 -1.82225 -5.11836
0.710197 -1.71208 -5.15326
0.99881 -1.53915 -5.231
1.23582 -1.34016 -5.28076
1.35083 -1.10527 -5.48713
1.56235 -0.937058 -5.27898
1.75493 -0.666702 -5.06945
1.85132 -0.311678 -5.06227
1.83916 0.0216005 -5.19494
1.84323 0.355179 -5.06332
1.73718 0.70794 -5.07681
1.54196 0.970786 -5.27931
1.3282 1.13325 -5.48584
1.20758 1.36767 -5.27594
0.962162 1.56251 -5.23048
0.670867 1.72742 -5.15554
0.890095 -1.73999 -4.26683
1.24306 -1.50656 -4.48767
1.51396 -1.21828 -4.66322
1.74991 -0.895448 -4.09688
1.90892 -0.393265 -4.03328
1.94458 0.0207343 -4.33051
1.89903 0.43539 -4.03014
1.72784 0.937479 -4.09569
1.48572 1.25351 -4.65977
1.20608 1.53644 -4.49043
0.849344 1.76076 -4.27461
1.00014 1.53433 -3.51597
1.01569 1.17124 -2.91037
1.21304 0.667565 -2.68653
1.32628 0.0146858 -2.62048
1.23207 -0.640473 -2.69079
1.04159 -1.14777 -2.90952
1.03407 -1.50931 -3.50944
1.44169 -1.25537 -3.86203
1.81236 0.0174714 -3.36056
1.66416 0.619103 -3.33259
1.41027 1.29134 -3.86472
1.40403 1.01962 -3.28874
1.68059 -0.583633 -3.34013
1.42754 -0.987858 -3.28975
0.377227 2.2212 -4.82097
0.457906 2.16623 -3.24264
0.533084 1.85528 -1.82571
0.530943 1.36948 -0.724459
0.65824 0.756781 -0.0982256
0.735853 0.0221236 0.130789
0.700226 -0.71795 -0.0983441
0.598815 -1.33909 -0.721372
0.620172 -1.82349 -1.81172
0.558136 -2.13966 -3.21782
0.477673 -2.20274 -4.80627
0.87889 -2.07339 -4.86644
1.23323 -1.87594 -4.99675
1.52961 -1.63893 -5.03477
1.71592 -1.37367 -5.36299
1.93844 -1.12253 -5.04204
2.1248 -0.770253 -4.71109
2.23261 -0.346796 -4.69567
2.24303 0.0507765 -4.92334
2.21398 0.449076 -4.69982
2.08636 0.868408 -4.7257
1.88936 1.20414 -5.04098
1.65875 1.44311 -5.36002
1.45961 1.70264 -5.02472
1.14743 1.92986 -4.99131
0.786557 2.1101 -4.86381
1.03949 -1.97272 -3.39795
1.45788 -1.72631 -3.78848
1.78492 -1.40413 -4.02803
1.98575 -0.991747 -3.10956
2.14354 -0.432515 -2.95089
2.21883 0.0501022 -3.41064
2.12027 0.530995 -2.94698
1.93316 1.0882 -3.10258
1.71751 1.48579 -4.02181
1.37213 1.79549 -3.79151
0.944691 2.02054 -3.40509
1.0821 1.69667 -2.13595
1.06586 1.26737 -1.09725
1.2854 0.732964 -0.746395
1.4147 0.0365302 -0.632901
1.33169 -0.664789 -0.761956
1.13178 -1.21035 -1.09969
1.16343 -1.63839 -2.12381
1.63801 -1.38278 -2.76567
1.98482 0.0461179 -1.89595
1.82063 0.688114 -1.85978
1.56257 1.46478 -2.75704
1.52467 1.11986 -1.76028
1.8609 -0.597636 -1.88614
1.58548 -1.04151 -1.77501
0.320909 2.265 -4.24144
0.374507 2.08574 -2.09999
0.429427 1.71538 -0.199096
0.419853 1.23347 1.27025
0.549475 0.687667 2.08644
0.64032 0.0464517 2.38946
0.640423 -0.604198 2.08565
0.576941 -1.16733 1.27156
0.627216 -1.64722 -0.176047
0.598303 -2.0287 -2.06962
0.540733 -2.22246 -4.2237
0.94287 -2.08845 -4.30887
1.30359 -1.8921 -4.48848
1.60288 -1.64516 -4.49716
1.82014 -1.38651 -4.94338
2.01856 -1.0932 -4.51236
2.16632 -0.71712 -4.08501
2.26099 -0.287824 -4.06224
2.28425 0.112283 -4.36983
2.22129 0.512231 -4.06994
2.08611 0.928228 -4.10575
1.9079 1.27711 -4.51317
1.68919 1.54365 -4.93399
1.44323 1.78627 -4.4824
1.1159 2.0072 -4.46918
0.738763 2.16814 -4.29873
1.05829 -1.86823 -2.32067
1.47384 -1.64589 -2.8824
1.79412 -1.33271 -3.15261
1.91979 -0.89093 -1.93748
2.03576 -0.356181 -1.67786
2.12381 0.114016 -2.24725
1.98368 0.578738 -1.67465
1.80537 1.09911 -1.92148
1.64543 1.51036 -3.13535
1.28822 1.79348 -2.87233
0.849506 1.97305 -2.32944
0.949779 1.60405 -0.631044
0.912591 1.17141 0.775752
1.12413 0.6983 1.21487
1.25775 0.0823966 1.36916
1.21663 -0.545341 1.18898
1.05669 -1.04537 0.770455
1.13131 -1.47727 -0.615
1.59456 -1.25883 -1.51906
1.82884 0.107353 -0.343198
1.66438 0.682345 -0.307248
1.43414 1.4337 -1.49965
1.37144 1.06814 -0.143374
1.74242 -0.478793 -0.341652
1.50212 -0.893603 -0.178849
0.133716 1.92817 -3.53808
0.151015 1.66991 -0.953353
0.185268 1.31095 1.29213
0.192142 0.914887 3.00608
0.319455 0.529834 3.94598
0.438478 0.0921353 4.29341
0.503067 -0.361878 3.94292
0.511777 -0.780183 3.0117
0.597871 -1.17513 1.32137
0.612926 -1.55646 -0.919969
0.585157 -1.84123 -3.52071
0.915388 -1.71072 -3.6213
1.21142 -1.53633 -3.84833
1.45067 -1.3082 -3.82186
1.64472 -1.09272 -4.35708
1.77867 -0.806867 -3.83891
1.85911 -0.468937 -3.3443
1.91108 -0.105292 -3.31469
1.92545 0.23004 -3.67742
1.82999 0.563811 -3.32394
1.6956 0.901316 -3.36991
1.54912 1.19168 -3.84871
1.369 1.42316 -4.35153
1.11414 1.60233 -3.79365
0.824535 1.77065 -3.81423
0.491123 1.87509 -3.60818
0.967395 -1.41112 -1.21961
1.29898 -1.23536 -1.92285
1.54324 -0.971609 -2.20744
1.56609 -0.56885 -0.771966
1.60168 -0.139846 -0.427876
1.66463 0.235195 -1.06305
1.49316 0.595701 -0.417164
1.33468 0.990535 -0.74873
1.2387 1.33481 -2.18082
0.923788 1.53466 -1.9122
0.540231 1.62524 -1.23827
0.596389 1.28509 0.765159
0.564012 0.923111 2.4286
0.74788 0.59748 2.9216
0.888873 0.169614 3.11287
0.921084 -0.283605 2.89539
0.853953 -0.665031 2.42497
0.968122 -1.02851 0.791585
1.33193 -0.866324 -0.319459
1.36157 0.222798 1.08514
1.20239 0.636202 1.1032
1.01407 1.22009 -0.307637
0.948656 0.901045 1.31209
1.35036 -0.216673 1.05928
1.1993 -0.543186 1.27413
-0.201813 1.31501 -2.87148
-0.223949 1.02481 0.00682287
-0.198985 0.741871 2.44264
-0.147435 0.493345 4.2791
-0.00316835 0.335254 5.26772
0.171099 0.170602 5.63432
0.335945 -0.0222142 5.26451
0.454305 -0.241767 4.28801
0.587774 -0.488953 2.47607
0.659733 -0.812306 0.0413216
0.66853 -1.14944 -2.85624
0.86982 -1.01824 -2.96256
1.04516 -0.871938 -3.2264
1.17126 -0.679026 -3.16291
1.29386 -0.529961 -3.76797
1.32515 -0.28576 -3.18766
1.30868 -0.0282772 -2.65206
1.28753 0.221818 -2.61551
1.26659 0.442088 -3.00886
1.13144 0.65764 -2.62217
0.994255 0.860757 -2.68081
0.880369 1.03423 -3.19824
0.752804 1.179 -3.76376
0.516127 1.24988 -3.1322
0.296946 1.32359 -3.18713
0.047325 1.33609 -2.95182
0.844929 -0.67584 -0.290656
1.02402 -0.55002 -1.09335
1.1358 -0.355597 -1.37174
1.03209 -0.0401384 0.193066
0.950278 0.229537 0.600754
0.945144 0.449984 -0.046986
0.740126 0.642567 0.621222
0.592825 0.842703 0.219643
0.552264 1.05187 -1.33824
0.31015 1.11912 -1.07748
0.0291256 1.08276 -0.317909
0.0477765 0.836471 1.86519
0.0534789 0.604324 3.65993
0.212614 0.488791 4.17116
0.386314 0.319057 4.38464
0.52691 0.103392 4.14627
0.595941 -0.117119 3.65801
0.75675 -0.353378 1.89333
0.945901 -0.242999 0.650437
0.680385 0.425825 2.18473
0.510847 0.612236 2.18194
0.345632 0.914464 0.659987
0.309418 0.698777 2.41676
0.778969 0.188598 2.13522
0.77005 -0.0161801 2.38124
-0.705885 0.596281 -2.35884
-0.759146 0.312576 0.651863
-0.718728 0.143797 3.13318
-0.584124 0.069389 4.97707
-0.387608 0.164909 5.95128
-0.112471 0.293744 6.31423
0.196532 0.376865 5.94915
0.464045 0.366682 4.98839
0.670798 0.297687 3.16771
0.819681 0.0631113 0.685965
0.87351 -0.298598 -2.34504
0.914381 -0.146364 -2.45364
0.934624 -0.0125424 -2.73932
0.914763 0.152647 -2.64628
0.926858 0.235262 -3.29213
0.826397 0.430231 -2.6764
0.686427 0.594689 -2.1273
0.560432 0.716905 -2.08017
0.472621 0.801397 -2.48765
0.27785 0.874776 -2.08838
0.116278 0.913811 -2.15459
0.0174667 0.935117 -2.69417
-0.0669519 0.954974 -3.28098
-0.283583 0.888757 -2.61011
-0.426641 0.833587 -2.69858
-0.580661 0.722359 -2.44574
0.803075 0.217895 0.33973
0.7887 0.317363 -0.514433
0.729874 0.450412 -0.771642
0.477078 0.662217 0.832887
0.242094 0.759156 1.28024
0.12422 0.803792 0.669139
-0.136587 0.795692 1.30735
-0.306365 0.768699 0.863617
-0.319888 0.802671 -0.73379
-0.489644 0.702797 -0.497173
-0.656675 0.506964 0.307662
-0.648411 0.393982 2.53899
-0.567514 0.318877 4.35322
-0.405902 0.444038 4.85487
-0.155083 0.555883 5.07603
0.134234 0.591793 4.83245
0.377145 0.535049 4.35403
0.606813 0.456308 2.56839
0.577928 0.546862 1.27105
-0.0786223 0.755121 2.84065
-0.295544 0.689936 2.81918
-0.488118 0.648066 1.27948
-0.461353 0.56526 3.06127
0.166837 0.732064 2.77347
0.339587 0.647022 3.02983
-1.41299 -0.0382726 -2.05284
-1.47358 -0.301227 0.946879
-1.37595 -0.354019 3.34663
-1.1108 -0.26713 5.0974
-0.808788 0.0725705 6.0044
-0.371408 0.473592 6.34298
0.135482 0.805342 6.00364
0.597306 0.976749 5.11024
0.923239 1.08067 3.37993
1.18391 0.930333 0.979158
1.30125 0.546314 -2.04019
1.18006 0.760317 -2.148
1.03511 0.922211 -2.43902
0.85434 1.09417 -2.32487
0.730598 1.14074 -2.98134
0.475003 1.30852 -2.35714
0.183483 1.40056 -1.82038
-0.0816686 1.41579 -1.76731
-0.276441 1.37829 -2.16215
-0.566948 1.31247 -1.77377
-0.79366 1.18685 -1.84809
-0.91836 1.0463 -2.37999
-0.993715 0.923075 -2.96729
-1.21633 0.700684 -2.28531
-1.31097 0.491904 -2.40215
-1.39211 0.227047 -2.14268
0.965211 1.15209 0.635292
0.746343 1.27522 -0.217182
0.498809 1.38481 -0.453915
0.0664122 1.5128 1.1168
-0.362037 1.46364 1.57709
-0.6387 1.35274 1.02529
-1.00323 1.14141 1.60765
-1.25185 0.890859 1.15575
-1.28612 0.744323 -0.413736
-1.41935 0.45582 -0.198322
-1.49786 0.0673936 0.601177
-1.45656 0.093191 2.77019
-1.2567 0.162121 4.50657
-1.04197 0.528732 4.97521
-0.65272 0.906658 5.18631
-0.165585 1.16581 4.9526
0.287694 1.23865 4.51138
0.628787 1.31731 2.8014
0.375419 1.44466 1.52737
-0.784462 1.25518 3.0402
-1.10695 0.948956 3.0174
-1.41025 0.559253 1.53442
-1.28323 0.60048 3.25298
-0.348645 1.41687 2.97583
0.0329464 1.41645 3.21216
-2.38072 -0.418785 -1.90748
-2.40386 -0.688405 0.953637
-2.18836 -0.660959 3.1552
-1.73179 -0.457795 4.71601
-1.25485 0.0934054 5.50545
-0.581988 0.720787 5.79904
0.186634 1.24954 5.50524
0.897776 1.55064 4.72899
1.41096 1.79643 3.1856
1.8426 1.69096 0.983226
2.06575 1.24721 -1.90109
1.80532 1.58514 -2.006
1.50702 1.83893 -2.29158
1.161 2.08031 -2.17008
0.891152 2.1487 -2.80863
0.453728 2.34389 -2.19762
-0.0266653 2.41599 -1.68774
-0.47411 2.37648 -1.62965
-0.82368 2.25982 -1.99715
-1.26872 2.0814 -1.63094
-1.62273 1.81422 -1.71296
-1.83348 1.52572 -2.22237
-1.95742 1.25968 -2.79582
-2.24377 0.862945 -2.12381
-2.34938 0.481527 -2.2531
-2.41278 0.0279217 -2.00308
1.44563 2.04814 0.65897
1.04039 2.26466 -0.155587
0.597282 2.41754 -0.364693
-0.0661905 2.51242 1.10896
-0.740751 2.37221 1.55387
-1.22568 2.15969 1.06086
-1.77018 1.7639 1.58419
-2.17185 1.3202 1.15178
-2.29023 1.02211 -0.323309
-2.45278 0.529734 -0.138091
-2.50208 -0.0964962 0.6246
-2.3684 0.0360162 2.62749
-1.99579 0.20307 4.19088
-1.65883 0.793525 4.60311
-1.05669 1.39711 4.79032
-0.311206 1.82594 4.58224
0.392887 1.9713 4.19715
0.913995 2.18272 2.6581
0.461979 2.42343 1.47312
-1.34739 1.97334 2.86115
-1.8505 1.46145 2.83537
-2.37827 0.766458 1.48121
-2.10704 0.889214 3.04828
-0.66689 2.26437 2.79577
-0.0538839 2.28806 3.00547
-3.69591 -0.44669 -1.78087
-3.60758 -0.794225 0.810598
-3.18562 -0.742644 2.67646
-2.45686 -0.479138 3.94055
-1.72256 0.243064 4.56028
-0.734483 1.04089 4.7885
0.365939 1.70615 4.56026
1.38858 2.07994 3.95192
2.17831 2.43347 2.70167
2.8715 2.32151 0.836042
3.28371 1.74193 -1.77736
2.91782 2.28618 -1.8761
2.48905 2.71552 -2.1495
1.97238 3.11344 -2.02238
1.55614 3.2808 -2.63122
0.89176 3.58384 -2.04852
0.164636 3.7096 -1.57663
-0.524332 3.68497 -1.51213
-1.08612 3.55028 -1.84544
-1.77073 3.29424 -1.51192
-2.33408 2.91857 -1.59648
-2.70582 2.51019 -2.0724
-2.95428 2.1136 -2.61985
-3.39097 1.509 -1.97383
-3.588 0.933669 -2.11129
-3.71196 0.240091 -1.87494
2.32911 2.89853 0.550303
1.771 3.29497 -0.183247
1.12462 3.57645 -0.357136
0.146155 3.70112 0.945235
-0.844976 3.53234 1.34109
-1.60162 3.28799 0.932946
-2.42115 2.73027 1.36853
-3.06477 2.13368 0.987153
-3.34356 1.73734 -0.316892
-3.62043 1.01881 -0.167925
-3.71605 0.0870837 0.51786
-3.40708 0.270073 2.23393
-2.78929 0.473491 3.5175
-2.24851 1.26455 3.84682
-1.34934 2.04459 3.99657
-0.276704 2.58321 3.82948
0.724392 2.73741 3.52351
1.51575 3.05625 2.26065
0.906732 3.50659 1.24419
-1.73985 2.95412 2.42266
-2.51224 2.27718 2.39571
-3.40603 1.33998 1.25352
-2.93127 1.48033 2.56953
-0.748371 3.31175 2.35986
0.12503 3.28735 2.53071
-5.48323 -0.162315 -1.44668
-5.14819 -0.650359 0.653986
-4.38315 -0.598796 2.0113
-3.27731 -0.317233 2.87745
-2.19529 0.530482 3.28672
-0.814293 1.42904 3.43563
0.682304 2.15956 3.28666
2.0742 2.55023 2.88558
3.23977 2.99974 2.02894
4.3141 2.87745 0.673203
5.05639 2.11073 -1.44463
4.6044 2.95995 -1.53006
4.0566 3.66165 -1.77525
3.34009 4.31413 -1.64835
2.77331 4.66673 -2.20012
1.80037 5.16338 -1.67496
0.738014 5.40985 -1.26536
-0.275125 5.45992 -1.20113
-1.12512 5.36464 -1.48363
-2.15559 5.04739 -1.20036
-3.02552 4.5806 -1.27858
-3.64532 4.07274 -1.69478
-4.09985 3.558 -2.19702
-4.7896 2.67012 -1.60246
-5.16179 1.86184 -1.7408
-5.42205 0.84815 -1.53061
3.64987 3.77436 0.452872
2.96365 4.46157 -0.129827
2.08544 4.96374 -0.253933
0.688378 5.14304 0.763337
-0.699187 4.99246 1.0642
-1.81154 4.78625 0.771924
-3.00476 4.07312 1.08505
-3.995 3.35704 0.79456
-4.54749 2.91212 -0.219006
-5.02067 1.92553 -0.117664
-5.21716 0.60019 0.426264
-4.59898 0.797756 1.69429
-3.63027 0.983792 2.5889
-2.79523 1.94825 2.81059
-1.51263 2.8467 2.91122
-0.0452243 3.427 2.80108
1.29331 3.5332 2.59324
2.44829 3.96163 1.71349
1.71525 4.75212 0.965548
-1.97315 4.21591 1.83172
-3.10788 3.41396 1.80315
-4.54941 2.29105 0.974703
-3.76863 2.38747 1.92227
-0.596444 4.58801 1.77529
0.57867 4.43389 1.89868
-7.87834 0.236537 -0.794543
-7.02575 -0.272621 0.487696
-5.72587 -0.174673 1.21769
-4.13033 0.0866176 1.65793
-2.61222 0.982019 1.85875
-0.775346 1.86711 1.93165
1.15984 2.54807 1.85892
2.95321 2.8781 1.66224
4.58456 3.41893 1.22673
6.16501 3.37116 0.498573
7.43893 2.58431 -0.793696
6.87841 3.85123 -0.849356
6.17859 4.94327 -1.02063
5.18999 5.92928 -0.910482
4.42065 6.585 -1.31684
3.03167 7.30125 -0.9393
1.53441 7.67527 -0.658763
0.0958865 7.81883 -0.613759
-1.15701 7.79854 -0.808011
-2.63117 7.38866 -0.613083
-3.9189 6.80723 -0.665682
-4.90969 6.1839 -0.95167
-5.692 5.51766 -1.31794
-6.67488 4.2361 -0.877389
-7.29511 3.11699 -0.996809
-7.71988 1.67663 -0.851072
5.39982 4.7078 0.370221
4.58542 5.85423 0.0281
3.42516 6.66687 -0.0330171
1.54205 6.83217 0.559965
-0.291927 6.73129 0.729711
-1.86499 6.64505 0.577914
-3.50479 5.77839 0.741312
-4.9638 4.98465 0.5763
-5.99807 4.5113 -0.0102849
-6.73463 3.19928 0.0356543
-7.02537 1.41317 0.354363
-5.88621 1.64808 1.04537
-4.43413 1.7687 1.50813
-3.20869 2.84717 1.61731
-1.46537 3.76693 1.66764
0.441905 4.2931 1.61282
2.13304 4.27535 1.51036
3.72173 4.83667 1.05493
2.88288 6.14744 0.649718
-1.98973 5.72345 1.1245
-3.57288 4.85796 1.10277
-5.79548 3.61664 0.655559
-4.54724 3.62063 1.15937
-0.167125 6.04444 1.08789
1.34081 5.67434 1.14749
-10.8084 0.821844 -0.202654
-9.0618 0.583458 0.217562
-7.04521 0.747458 0.430082
-4.88663 0.874761 0.55168
-2.8644 1.65827 0.611459
-0.538598 2.32378 0.637004
1.8447 2.75423 0.611726
4.03255 2.87165 0.553414
6.1923 3.41525 0.432856
8.36892 3.50282 0.220969
10.3885 3.06806 -0.202656
9.71502 4.87698 -0.219094
8.82682 6.53513 -0.273585
7.51049 7.89164 -0.206748
6.4445 9.0928 -0.360521
4.59999 9.94826 -0.2341
2.64456 10.3945 -0.140287
0.713465 10.6628 -0.124893
-1.09333 10.795 -0.203717
-3.04554 10.2626 -0.124905
-4.87183 9.57464 -0.141888
-6.44648 8.81847 -0.236991
-7.78967 7.93862 -0.363407
-8.97856 6.21393 -0.195561
-9.95488 4.69666 -0.265236
-10.5336 2.76846 -0.220404
7.59952 5.40418 0.173371
6.69301 7.23654 0.0634426
5.23237 8.46595 0.0640005
2.90031 8.52234 0.239472
0.619696 8.55855 0.301095
-1.46993 8.73703 0.26724
-3.61603 7.80007 0.304536
-5.66818 7.05018 0.244316
-7.46334 6.5903 0.0715877
-8.53863 4.9452 0.0665644
-8.9109 2.71574 0.168389
-7.02348 2.99064 0.369148
-4.99859 2.93356 0.502777
-3.27977 3.99356 0.530527
-1.01823 4.73939 0.548853
1.32727 5.02982 0.529577
3.32907 4.75586 0.503587
5.4065 5.39467 0.37198
4.55027 7.41772 0.24058
-1.51962 7.37439 0.387199
-3.61064 6.58928 0.374576
-6.85336 5.42237 0.243054
-4.98108 5.23513 0.390464
0.775845 7.50672 0.369083
2.5923 6.78912 0.385596
-13.7283 2.49767 -0.0524045
-10.8893 2.5247 -0.0443981
-8.10056 2.51845 -0.0392786
-5.38624 2.2401 -0.035933
-2.82832 2.62386 -0.0343217
-0.00960591 2.7667 -0.0337252
2.79264 2.65219 -0.0343143
5.33215 2.28094 -0.0358973
8.04621 2.56004 -0.0392147
10.8509 2.56574 -0.0443325
13.7237 2.52448 -0.0524087
13.1356 4.96467 -0.0527638
12.2646 7.33866 -0.0538087
10.744 9.15908 -0.0531155
9.38406 11.1909 -0.0554381
7.17529 12.2075 -0.0532804
4.81939 12.8884 -0.0516561
2.40159 13.4815 -0.0513944
-0.0133406 13.9774 -0.0524895
-2.44949 13.4685 -0.0513798
-4.87915 12.8837 -0.0517328
-7.19726 12.2224 -0.053389
-9.3545 11.222 -0.0554685
-10.6892 9.14376 -0.0529196
-12.2385 7.30221 -0.053646
-13.1475 4.93219 -0.0527646
10.3139 5.10211 -0.0451961
9.63424 7.73972 -0.0474629
8.05155 9.55793 -0.0478299
5.3279 9.71942 -0.0440038
2.65876 10.1325 -0.0428283
0.0409506 10.8362 -0.0437445
-2.62142 10.0881 -0.0427342
-5.33648 9.66211 -0.0439144
-8.03577 9.51346 -0.0477107
-9.65165 7.68026 -0.047391
-10.3757 5.06351 -0.0452919
-7.66508 5.12292 -0.0405108
-5.06814 4.63424 -0.0370842
-2.79481 5.41639 -0.0362085
-0.00861859 5.69017 -0.0357873
2.74855 5.46163 -0.0362235
4.9956 4.6904 -0.0370608
7.59086 5.16769 -0.040444
7.06554 8.01423 -0.043344
0.00595075 9.02223 -0.0399899
-2.69415 8.61979 -0.04018
-7.10469 7.95099 -0.0432965
-4.65305 7.34447 -0.0397458
2.67146 8.67781 -0.0402583
4.60328 7.42484 -0.0398084
0 0 -5
0 0 -5
0 0 -5
0 0 -5
0 0 -5
0 0 -5
0 0 -5
0 0 -5
0 0 -5
0 0 -5
0 0 -5
0 0 -5
0 0 -5
0 0 -5
0 0 -5
0 0 -5
0 0 -5
0 0 -5
0 0 -5
0 0 -5
0 0 -5
0 0 -5
0 0 -5
0 0 -5
0 0 -5
0 0 -5
0 0 -5
0 0 -5
0 0 -5
0 0 -5
0 0 -5
0 0 -5
0 0 -5
0 0 -5
0 0 -5
0 0 -5
0 0 -5
0 0 -5
0 0 -5
0 0 -5
0 0 -5
0 0 -5
0 0 -5
0 0 -5
0 0 -5
0 0 -5
0 0 -5
0 0 -5
0 0 -5
0 0 -5
0 0 -5
-0.220216 -1.16156 -5.11117
-0.297941 -1.29992 -4.81101
-0.361031 -1.20269 -4.55216
-0.389428 -0.923018 -4.3543
-0.461766 -0.503615 -4.22789
-0.505003 -0.00374268 -4.18073
-0.467751 0.496556 -4.22769
-0.399965 0.917104 -4.35376
-0.372733 1.19746 -4.54994
-0.311428 1.29689 -4.80867
-0.234092 1.16046 -5.10926
-0.448488 1.08728 -5.11826
-0.629719 0.96929 -5.13937
-0.766764 0.830468 -5.16385
-0.805603 0.668103 -5.22684
-0.962594 0.595121 -5.16489
-1.11635 0.436337 -5.09937
-1.18077 0.20845 -5.09817
-1.16004 -0.00738989 -5.13527
-1.17673 -0.222888 -5.09992
-1.10901 -0.44986 -5.10155
-0.955795 -0.606198 -5.16479
-0.797464 -0.677946 -5.22681
-0.756894 -0.839407 -5.16428
-0.617314 -0.976682 -5.14014
-0.435189 -1.09203 -5.11922
-0.596567 1.18817 -4.83629
-0.831113 1.01851 -4.8978
-0.995881 0.81127 -4.9686
-1.20202 0.614469 -4.78356
-1.31745 0.263902 -4.77872
-1.31227 -0.00833822 -4.87764
-1.3141 -0.278387 -4.77779
-1.1945 -0.629302 -4.78447
-0.986336 -0.823781 -4.96804
-0.81853 -1.02844 -4.89999
-0.582499 -1.19498 -4.83949
-0.700613 -1.07872 -4.60643
-0.740595 -0.833902 -4.42742
-0.871659 -0.465287 -4.34396
-0.947699 -0.00425563 -4.318
-0.877254 0.457069 -4.34449
-0.748104 0.826326 -4.4269
-0.712351 1.06993 -4.60456
-0.987494 0.877087 -4.70117
-1.27735 -0.00438442 -4.54643
-1.16701 -0.445743 -4.53671
-0.977913 -0.888989 -4.70437
-0.991014 -0.724437 -4.53689
-1.17172 0.435884 -4.53764
-0.998014 0.714256 -4.53611
-0.333826 -1.82828 -5.12742
-0.426963 -1.90437 -4.18524
-0.508235 -1.69951 -3.34193
-0.524545 -1.28359 -2.68795
-0.635668 -0.707533 -2.30844
-0.704058 -0.0095213 -2.17538
-0.653137 0.690334 -2.308
-0.552529 1.26973 -2.68588
-0.543597 1.68493 -3.33296
-0.467508 1.89387 -4.17061
-0.376225 1.82225 -5.11836
-0.710197 1.71208 -5.15326
-0.99881 1.53915 -5.231
-1.23582 1.34017 -5.28076
-1.35083 1.10528 -5.48713
-1.56235 0.937059 -5.27898
-1.75493 0.666703 -5.06945
-1.85132 0.311678 -5.06227
-1.83916 -0.0216005 -5.19494
-1.84323 -0.355179 -5.06332
-1.73718 -0.70794 -5.07681
-1.54195 -0.970785 -5.27931
-1.3282 -1.13325 -5.48584
-1.20758 -1.36766 -5.27594
-0.962161 -1.56251 -5.23048
-0.670867 -1.72742 -5.15554
-0.890095 1.74 -4.26683
-1.24306 1.50656 -4.48766
-1.51396 1.21828 -4.66322
-1.74991 0.895448 -4.09688
-1.90892 0.393265 -4.03328
-1.94458 -0.0207343 -4.33051
-1.89903 -0.43539 -4.03014
-1.72784 -0.937478 -4.09569
-1.48572 -1.25351 -4.65977
-1.20608 -1.53644 -4.49043
-0.849344 -1.76076 -4.27462
-1.00014 -1.53433 -3.51597
-1.01569 -1.17124 -2.91037
-1.21304 -0.667565 -2.68653
-1.32628 -0.0146857 -2.62048
-1.23207 0.640473 -2.69079
-1.04159 1.14777 -2.90951
-1.03407 1.50931 -3.50944
-1.44169 1.25537 -3.86203
-1.81236 -0.0174713 -3.36056
-1.66416 -0.619103 -3.33259
-1.41027 -1.29134 -3.86472
-1.40403 -1.01962 -3.28874
-1.68059 0.583633 -3.34013
-1.42754 0.987858 -3.28974
-0.377227 -2.2212 -4.82097
-0.457906 -2.16623 -3.24264
-0.533084 -1.85528 -1.82571
-0.530943 -1.36948 -0.72446
-0.65824 -0.756781 -0.0982256
-0.735853 -0.0221236 0.130789
-0.700226 0.71795 -0.0983441
-0.598815 1.33909 -0.72137
-0.620172 1.82349 -1.81172
-0.558136 2.13966 -3.21782
-0.477673 2.20274 -4.80627
-0.87889 2.07339 -4.86644
-1.23323 1.87594 -4.99675
-1.52961 1.63893 -5.03477
-1.71592 1.37367 -5.36299
-1.93844 1.12253 -5.04204
-2.1248 0.770253 -4.71109
-2.23261 0.346796 -4.69567
-2.24303 -0.0507765 -4.92334
-2.21398 -0.449076 -4.69982
-2.08636 -0.868408 -4.7257
-1.88936 -1.20414 -5.04098
-1.65875 -1.44311 -5.36002
-1.45961 -1.70264 -5.02472
-1.14743 -1.92986 -4.99131
-0.786557 -2.1101 -4.86381
-1.03949 1.97272 -3.39795
-1.45788 1.72631 -3.78848
-1.78492 1.40413 -4.02803
-1.98575 0.991747 -3.10956
-2.14354 0.432515 -2.95089
-2.21883 -0.0501022 -3.41064
-2.12027 -0.530995 -2.94698
-1.93316 -1.0882 -3.10258
-1.71751 -1.48579 -4.02181
-1.37213 -1.79549 -3.79151
-0.944691 -2.02054 -3.40509
-1.0821 -1.69667 -2.13595
-1.06586 -1.26737 -1.09725
-1.2854 -0.732964 -0.746395
-1.4147 -0.0365302 -0.632901
-1.33169 0.664789 -0.761956
-1.13178 1.21035 -1.09969
-1.16343 1.63839 -2.12381
-1.63801 1.38278 -2.76567
-1.98482 -0.0461179 -1.89595
-1.82063 -0.688114 -1.85978
-1.56257 -1.46478 -2.75704
-1.52467 -1.11986 -1.76028
-1.8609 0.597636 -1.88614
-1.58548 1.04151 -1.77501
-0.320909 -2.265 -4.24144
-0.374507 -2.08574 -2.09999
-0.429427 -1.71538 -0.199096
-0.419853 -1.23347 1.27025
-0.549475 -0.687667 2.08644
-0.64032 -0.0464517 2.38946
-0.640423 0.604198 2.08565
-0.576941 1.16733 1.27156
-0.627216 1.64722 -0.176047
-0.598303 2.0287 -2.06962
-0.540733 2.22246 -4.2237
-0.94287 2.08845 -4.30887
-1.30359 1.8921 -4.48848
-1.60288 1.64516 -4.49716
-1.82014 1.38651 -4.94338
-2.01856 1.0932 -4.51236
-2.16632 0.71712 -4.08501
-2.26099 0.287824 -4.06224
-2.28425 -0.112284 -4.36983
-2.22129 -0.512231 -4.06994
-2.08611 -0.928228 -4.10575
-1.9079 -1.27711 -4.51317
-1.68919 -1.54365 -4.93399
-1.44323 -1.78627 -4.4824
-1.1159 -2.0072 -4.46918
-0.738763 -2.16814 -4.29873
-1.05829 1.86823 -2.32067
-1.47384 1.64589 -2.8824
-1.79412 1.33271 -3.15261
-1.91979 0.89093 -1.93748
-2.03576 0.356181 -1.67786
-2.12381 -0.114016 -2.24725
-1.98368 -0.578738 -1.67465
-1.80537 -1.09911 -1.92148
-1.64543 -1.51036 -3.13535
-1.28822 -1.79348 -2.87233
-0.849506 -1.97305 -2.32944
-0.949779 -1.60405 -0.631044
-0.912591 -1.17141 0.775752
-1.12413 -0.6983 1.21487
-1.25775 -0.0823965 1.36916
-1.21663 0.545341 1.18898
-1.05669 1.04537 0.770455
-1.13131 1.47727 -0.615
-1.59456 1.25883 -1.51906
-1.82884 -0.107353 -0.343197
-1.66438 -0.682345 -0.307248
-1.43414 -1.4337 -1.49965
-1.37144 -1.06814 -0.143374
-1.74242 0.478793 -0.341652
-1.50212 0.893603 -0.178849
-0.133716 -1.92818 -3.53808
-0.151015 -1.66991 -0.953354
-0.185268 -1.31095 1.29213
-0.192142 -0.914887 3.00608
-0.319455 -0.529834 3.94598
-0.438478 -0.0921353 4.29341
-0.503067 0.361878 3.94292
-0.511777 0.780183 3.0117
-0.597871 1.17513 1.32137
-0.612926 1.55646 -0.919969
-0.585157 1.84123 -3.52071
-0.915387 1.71072 -3.6213
-1.21142 1.53633 -3.84833
-1.45067 1.3082 -3.82186
-1.64472 1.09272 -4.35708
-1.77867 0.806867 -3.83891
-1.85911 0.468937 -3.3443
-1.91108 0.105292 -3.31469
-1.92545 -0.23004 -3.67742
-1.82999 -0.563811 -3.32394
-1.6956 -0.901316 -3.36991
-1.54912 -1.19168 -3.84871
-1.369 -1.42316 -4.35153
-1.11414 -1.60233 -3.79365
-0.824535 -1.77065 -3.81423
-0.491124 -1.87509 -3.60818
-0.967395 1.41112 -1.21961
-1.29898 1.23536 -1.92285
-1.54324 0.971609 -2.20744
-1.56609 0.56885 -0.771966
-1.60168 0.139846 -0.427876
-1.66463 -0.235195 -1.06305
-1.49316 -0.595701 -0.417164
-1.33468 -0.990535 -0.74873
-1.2387 -1.33481 -2.18082
-0.923789 -1.53466 -1.9122
-0.540231 -1.62524 -1.23827
-0.59639 -1.28509 0.765158
-0.564012 -0.923111 2.4286
-0.74788 -0.59748 2.9216
-0.888873 -0.169614 3.11287
-0.921084 0.283605 2.89539
-0.853953 0.665031 2.42497
-0.968122 1.02851 0.791585
-1.33193 0.866324 -0.319459
-1.36157 -0.222797 1.08514
-1.20239 -0.636202 1.1032
-1.01407 -1.22009 -0.307638
-0.948656 -0.901045 1.31209
-1.35036 0.216673 1.05928
-1.1993 0.543186 1.27413
0.201813 -1.31501 -2.87148
0.223948 -1.02481 0.00682236
0.198985 -0.741871 2.44264
0.147435 -0.493345 4.2791
0.00316814 -0.335254 5.26772
-0.171099 -0.170602 5.63432
-0.335944 0.022214 5.26452
-0.454305 0.241767 4.28801
-0.587774 0.488953 2.47607
-0.659733 0.812305 0.0413221
-0.66853 1.14944 -2.85624
-0.86982 1.01824 -2.96256
-1.04516 0.871937 -3.2264
-1.17126 0.679026 -3.16291
-1.29386 0.529961 -3.76797
-1.32514 0.28576 -3.18766
-1.30868 0.0282769 -2.65206
-1.28753 -0.221818 -2.61551
-1.26659 -0.442088 -3.00886
-1.13144 -0.65764 -2.62217
-0.994256 -0.860757 -2.68081
-0.880369 -1.03423 -3.19824
-0.752805 -1.179 -3.76376
-0.516128 -1.24988 -3.1322
-0.296946 -1.32359 -3.18713
-0.0473253 -1.33609 -2.95182
-0.844929 0.675839 -0.290655
-1.02402 0.550019 -1.09335
-1.1358 0.355597 -1.37174
-1.03209 0.040138 0.193066
-0.950277 -0.229538 0.600754
-0.945144 -0.449984 -0.046986
-0.740126 -0.642567 0.621221
-0.592825 -0.842703 0.219642
-0.552264 -1.05187 -1.33824
-0.31015 -1.11912 -1.07748
-0.029126 -1.08276 -0.317909
-0.0477769 -0.836471 1.86519
-0.0534792 -0.604324 3.65993
-0.212615 -0.488791 4.17116
-0.386314 -0.319057 4.38464
-0.526909 -0.103392 4.14627
-0.595941 0.117119 3.65801
-0.75675 0.353378 1.89333
-0.945901 0.242999 0.650438
-0.680385 -0.425825 2.18473
-0.510848 -0.612236 2.18194
-0.345633 -0.914464 0.659987
-0.309418 -0.698777 2.41676
-0.778968 -0.188598 2.13522
-0.77005 0.0161798 2.38124
0.705884 -0.596282 -2.35884
0.759146 -0.312577 0.651863
0.718727 -0.143797 3.13318
0.584123 -0.0693892 4.97707
0.387608 -0.164909 5.95128
0.112471 -0.293744 6.31423
-0.196532 -0.376865 5.94915
-0.464045 -0.366682 4.98839
-0.670798 -0.297688 3.16771
-0.819682 -0.0631118 0.685965
-0.87351 0.298597 -2.34504
-0.914381 0.146363 -2.45364
-0.934624 0.0125418 -2.73932
-0.914762 -0.152647 -2.64628
-0.926858 -0.235262 -3.29213
-0.826397 -0.430232 -2.6764
-0.686427 -0.59469 -2.1273
-0.560432 -0.716905 -2.08017
-0.472621 -0.801397 -2.48765
-0.27785 -0.874776 -2.08838
-0.116278 -0.913811 -2.15459
-0.0174673 -0.935117 -2.69417
0.0669513 -0.954974 -3.28098
0.283583 -0.888757 -2.61011
0.42664 -0.833587 -2.69858
0.580661 -0.722359 -2.44574
-0.803075 -0.217896 0.33973
-0.788699 -0.317363 -0.514432
-0.729874 -0.450412 -0.771641
-0.477077 -0.662217 0.832887
-0.242094 -0.759157 1.28024
-0.12422 -0.803792 0.669139
0.136587 -0.795691 1.30735
0.306365 -0.768699 0.863617
0.319888 -0.802671 -0.73379
0.489644 -0.702797 -0.497173
0.656674 -0.506964 0.307662
0.648411 -0.393982 2.53899
0.567514 -0.318877 4.35322
0.405902 -0.444038 4.85487
0.155083 -0.555882 5.07603
-0.134234 -0.591793 4.83245
-0.377145 -0.53505 4.35403
-0.606813 -0.456309 2.56839
-0.577927 -0.546863 1.27105
0.0786223 -0.755121 2.84065
0.295543 -0.689936 2.81918
0.488118 -0.648066 1.27948
0.461352 -0.56526 3.06127
-0.166836 -0.732065 2.77347
-0.339587 -0.647022 3.02983
1.41299 0.0382721 -2.05284
1.47358 0.301227 0.946879
1.37595 0.354019 3.34663
1.1108 0.26713 5.0974
0.808788 -0.0725704 6.0044
0.371408 -0.473592 6.34298
-0.135482 -0.805342 6.00364
-0.597306 -0.976749 5.11024
-0.923239 -1.08067 3.37993
-1.18391 -0.930333 0.979158
-1.30125 -0.546315 -2.04019
-1.18006 -0.760318 -2.148
-1.03511 -0.922212 -2.43902
-0.85434 -1.09417 -2.32487
-0.730598 -1.14074 -2.98134
-0.475003 -1.30852 -2.35714
-0.183483 -1.40056 -1.82038
0.0816688 -1.41579 -1.76731
0.276441 -1.37829 -2.16215
0.566948 -1.31247 -1.77377
0.793659 -1.18685 -1.84809
0.91836 -1.0463 -2.37999
0.993715 -0.923075 -2.96729
1.21633 -0.700684 -2.28531
1.31097 -0.491904 -2.40215
1.39211 -0.227047 -2.14268
-0.965211 -1.15209 0.635292
-0.746343 -1.27522 -0.217181
-0.498809 -1.38481 -0.453915
-0.0664121 -1.5128 1.1168
0.362038 -1.46364 1.57709
0.6387 -1.35274 1.02529
1.00323 -1.14141 1.60765
1.25185 -0.890859 1.15575
1.28612 -0.744323 -0.413736
1.41935 -0.45582 -0.198322
1.49786 -0.0673937 0.601177
1.45656 -0.0931909 2.77019
1.2567 -0.162121 4.50657
1.04197 -0.528732 4.97521
0.65272 -0.906657 5.18631
0.165585 -1.16581 4.9526
-0.287694 -1.23865 4.51138
-0.628787 -1.31731 2.8014
-0.375419 -1.44466 1.52737
0.784462 -1.25518 3.0402
1.10695 -0.948955 3.0174
1.41025 -0.559253 1.53442
1.28323 -0.600479 3.25298
0.348645 -1.41687 2.97583
-0.0329463 -1.41645 3.21216
2.38072 0.418785 -1.90748
2.40386 0.688405 0.953637
2.18836 0.660959 3.1552
1.73179 0.457795 4.71601
1.25485 -0.0934053 5.50545
0.581988 -0.720787 5.79904
-0.186634 -1.24954 5.50524
-0.897776 -1.55064 4.72899
-1.41096 -1.79643 3.1856
-1.8426 -1.69096 0.983226
-2.06575 -1.24721 -1.90109
-1.80532 -1.58514 -2.006
-1.50702 -1.83893 -2.29158
-1.161 -2.08031 -2.17008
-0.891153 -2.1487 -2.80863
-0.453728 -2.34389 -2.19762
0.0266653 -2.41599 -1.68774
0.47411 -2.37648 -1.62965
0.82368 -2.25982 -1.99715
1.26872 -2.0814 -1.63094
1.62273 -1.81422 -1.71296
1.83348 -1.52572 -2.22237
1.95742 -1.25968 -2.79582
2.24377 -0.862945 -2.12381
2.34938 -0.481527 -2.2531
2.41278 -0.0279216 -2.00308
-1.44563 -2.04814 0.65897
-1.04039 -2.26466 -0.155587
-0.597282 -2.41754 -0.364693
0.0661905 -2.51242 1.10896
0.740751 -2.37221 1.55387
1.22568 -2.15969 1.06086
1.77018 -1.7639 1.58419
2.17185 -1.3202 1.15178
2.29023 -1.02211 -0.323309
2.45278 -0.529734 -0.138091
2.50208 0.0964963 0.6246
2.3684 -0.0360161 2.62749
1.99579 -0.20307 4.19088
1.65883 -0.793525 4.60311
1.05669 -1.39711 4.79032
0.311206 -1.82594 4.58224
-0.392887 -1.9713 4.19715
-0.913995 -2.18272 2.6581
-0.461979 -2.42343 1.47312
1.34739 -1.97334 2.86115
1.8505 -1.46145 2.83537
2.37827 -0.766457 1.48121
2.10704 -0.889214 3.04828
0.66689 -2.26437 2.79577
0.0538839 -2.28806 3.00547
3.69591 0.44669 -1.78087
3.60758 0.794226 0.810598
3.18562 0.742644 2.67646
2.45686 0.479138 3.94055
1.72256 -0.243064 4.56028
0.734483 -1.04089 4.7885
-0.365939 -1.70615 4.56026
-1.38858 -2.07994 3.95192
-2.17831 -2.43347 2.70167
-2.87151 -2.32151 0.836042
-3.28371 -1.74193 -1.77736
-2.91782 -2.28618 -1.8761
-2.48905 -2.71552 -2.1495
-1.97238 -3.11344 -2.02238
-1.55614 -3.2808 -2.63122
-0.89176 -3.58385 -2.04852
-0.164636 -3.7096 -1.57663
0.524332 -3.68497 -1.51213
1.08612 -3.55028 -1.84544
1.77073 -3.29424 -1.51192
2.33408 -2.91857 -1.59648
2.70582 -2.51019 -2.0724
2.95428 -2.1136 -2.61985
3.39097 -1.509 -1.97383
3.588 -0.933668 -2.11129
3.71196 -0.24009 -1.87494
-2.32911 -2.89853 0.550303
-1.771 -3.29497 -0.183247
-1.12462 -3.57645 -0.357136
-0.146155 -3.70112 0.945235
0.844976 -3.53234 1.34109
1.60162 -3.28799 0.932946
2.42115 -2.73027 1.36853
3.06477 -2.13368 0.987153
3.34356 -1.73734 -0.316892
3.62043 -1.01881 -0.167925
3.71605 -0.0870834 0.51786
3.40708 -0.270073 2.23393
2.78929 -0.473491 3.5175
2.24851 -1.26455 3.84682
1.34934 -2.04459 3.99657
0.276704 -2.58321 3.82948
-0.724393 -2.73741 3.52351
-1.51575 -3.05625 2.26065
-0.906733 -3.50659 1.24419
1.73985 -2.95412 2.42266
2.51224 -2.27718 2.39571
3.40603 -1.33998 1.25352
2.93127 -1.48033 2.56953
0.748371 -3.31175 2.35986
-0.12503 -3.28735 2.53071
5.48323 0.162315 -1.44668
5.14819 0.65036 0.653986
4.38315 0.598797 2.0113
3.27731 0.317233 2.87745
2.19529 -0.530482 3.28672
0.814293 -1.42904 3.43563
-0.682304 -2.15956 3.28665
-2.0742 -2.55023 2.88558
-3.23977 -2.99974 2.02894
-4.3141 -2.87745 0.673203
-5.05639 -2.11073 -1.44463
-4.6044 -2.95995 -1.53006
-4.0566 -3.66165 -1.77525
-3.34009 -4.31413 -1.64835
-2.77331 -4.66673 -2.20012
-1.80037 -5.16338 -1.67496
-0.738014 -5.40985 -1.26536
0.275125 -5.45992 -1.20113
1.12512 -5.36464 -1.48363
2.15559 -5.04739 -1.20036
3.02552 -4.5806 -1.27858
3.64532 -4.07274 -1.69478
4.09985 -3.558 -2.19702
4.7896 -2.67012 -1.60246
5.16179 -1.86184 -1.74081
5.42205 -0.84815 -1.53061
-3.64987 -3.77436 0.452872
-2.96365 -4.46157 -0.129826
-2.08544 -4.96374 -0.253933
-0.688378 -5.14305 0.763337
0.699186 -4.99246 1.0642
1.81154 -4.78625 0.771924
3.00476 -4.07312 1.08505
3.995 -3.35704 0.79456
4.54749 -2.91212 -0.219006
5.02067 -1.92553 -0.117665
5.21716 -0.60019 0.426264
4.59898 -0.797756 1.69429
3.63027 -0.983792 2.5889
2.79523 -1.94825 2.81059
1.51263 -2.8467 2.91122
0.0452242 -3.427 2.80108
-1.29331 -3.5332 2.59324
-2.44829 -3.96163 1.71349
-1.71525 -4.75212 0.965548
1.97315 -4.21591 1.83172
3.10788 -3.41396 1.80315
4.54941 -2.29105 0.974703
3.76863 -2.38747 1.92227
0.596444 -4.58801 1.77529
-0.57867 -4.43389 1.89868
7.87834 -0.236537 -0.794544
7.02575 0.272621 0.487696
5.72587 0.174674 1.21769
4.13033 -0.0866174 1.65793
2.61222 -0.982018 1.85875
0.775346 -1.86711 1.93165
-1.15984 -2.54807 1.85892
-2.95321 -2.8781 1.66224
-4.58456 -3.41893 1.22673
-6.16501 -3.37116 0.498573
-7.43893 -2.58431 -0.793696
-6.87841 -3.85123 -0.849355
-6.17859 -4.94327 -1.02063
-5.18999 -5.92928 -0.910481
-4.42065 -6.585 -1.31684
-3.03167 -7.30125 -0.9393
-1.53441 -7.67527 -0.658763
-0.0958865 -7.81883 -0.613759
1.15701 -7.79854 -0.808011
2.63117 -7.38866 -0.613083
3.9189 -6.80723 -0.665683
4.90969 -6.1839 -0.95167
5.692 -5.51766 -1.31795
6.67488 -4.2361 -0.877389
7.2951 -3.11699 -0.99681
7.71988 -1.67663 -0.851072
-5.39983 -4.7078 0.370221
-4.58542 -5.85423 0.0281001
-3.42516 -6.66687 -0.033017
-1.54205 -6.83217 0.559965
0.291927 -6.73129 0.729711
1.86499 -6.64505 0.577914
3.50479 -5.77839 0.741312
4.9638 -4.98465 0.5763
5.99807 -4.5113 -0.010285
6.73463 -3.19928 0.0356543
7.02537 -1.41317 0.354363
5.88621 -1.64808 1.04537
4.43413 -1.7687 1.50813
3.20869 -2.84717 1.61731
1.46537 -3.76693 1.66764
-0.441905 -4.2931 1.61282
-2.13304 -4.27535 1.51036
-3.72173 -4.83667 1.05493
-2.88288 -6.14744 0.649718
1.98973 -5.72345 1.1245
3.57288 -4.85796 1.10277
5.79548 -3.61664 0.655559
4.54724 -3.62063 1.15937
0.167125 -6.04444 1.08789
-1.34081 -5.67434 1.14749
10.8084 -0.821844 -0.202655
9.0618 -0.583458 0.217562
7.04521 -0.747458 0.430083
4.88663 -0.874761 0.55168
2.8644 -1.65827 0.611459
0.538598 -2.32378 0.637004
-1.8447 -2.75423 0.611726
-4.03255 -2.87165 0.553414
-6.1923 -3.41525 0.432856
-8.36892 -3.50282 0.220969
-10.3885 -3.06806 -0.202656
-9.71502 -4.87698 -0.219094
-8.82682 -6.53513 -0.273585
-7.51049 -7.89164 -0.206748
-6.4445 -9.0928 -0.36052
-4.59999 -9.94826 -0.2341
-2.64457 -10.3945 -0.140286
-0.713465 -10.6628 -0.124893
1.09333 -10.795 -0.203717
3.04554 -10.2626 -0.124905
4.87183 -9.57464 -0.141888
6.44648 -8.81847 -0.236991
7.78967 -7.93862 -0.363407
8.97856 -6.21393 -0.195561
9.95488 -4.69666 -0.265237
10.5336 -2.76846 -0.220404
-7.59952 -5.40418 0.173371
-6.69301 -7.23654 0.0634426
-5.23237 -8.46595 0.0640005
-2.90031 -8.52234 0.239472
-0.619696 -8.55855 0.301095
1.46993 -8.73703 0.26724
3.61603 -7.80007 0.304536
5.66818 -7.05018 0.244316
7.46334 -6.5903 0.0715877
8.53863 -4.9452 0.0665645
8.9109 -2.71574 0.168389
7.02348 -2.99063 0.369148
4.99859 -2.93356 0.502777
3.27977 -3.99356 0.530527
1.01823 -4.73939 0.548853
-1.32727 -5.02982 0.529577
-3.32907 -4.75586 0.503587
-5.4065 -5.39467 0.37198
-4.55027 -7.41772 0.24058
1.51962 -7.37439 0.387199
3.61064 -6.58928 0.374576
6.85336 -5.42237 0.243054
4.98108 -5.23513 0.390464
-0.775845 -7.50672 0.369083
-2.5923 -6.78912 0.385596
13.7283 -2.49767 -0.0524045
10.8893 -2.5247 -0.0443981
8.10056 -2.51845 -0.0392786
5.38624 -2.2401 -0.035933
2.82832 -2.62386 -0.0343217
0.00960591 -2.7667 -0.0337252
-2.79264 -2.65219 -0.0343143
-5.33215 -2.28094 -0.0358973
-8.04621 -2.56004 -0.0392147
-10.8509 -2.56574 -0.0443325
-13.7237 -2.52448 -0.0524087
-13.1356 -4.96467 -0.0527638
-12.2646 -7.33866 -0.0538087
-10.744 -9.15908 -0.0531155
-9.38406 -11.1909 -0.0554381
-7.17529 -12.2075 -0.0532804
-4.81939 -12.8884 -0.0516561
-2.40159 -13.4815 -0.0513944
0.0133406 -13.9774 -0.0524895
2.44949 -13.4685 -0.0513798
4.87915 -12.8837 -0.0517328
7.19726 -12.2224 -0.053389
9.3545 -11.222 -0.0554685
10.6892 -9.14376 -0.0529196
12.2385 -7.30221 -0.053646
13.1475 -4.93219 -0.0527646
-10.3139 -5.10211 -0.0451961
-9.63424 -7.73972 -0.0474629
-8.05155 -9.55793 -0.0478299
-5.3279 -9.71942 -0.0440038
-2.65876 -10.1325 -0.0428283
-0.0409506 -10.8362 -0.0437445
2.62142 -10.0881 -0.0427342
5.33648 -9.66211 -0.0439144
8.03577 -9.51346 -0.0477107
9.65165 -7.68026 -0.047391
10.3757 -5.06351 -0.0452919
7.66508 -5.12292 -0.0405108
5.06814 -4.63424 -0.0370842
2.79481 -5.41639 -0.0362085
0.00861859 -5.69017 -0.0357873
-2.74855 -5.46163 -0.0362235
-4.9956 -4.6904 -0.0370608
-7.59086 -5.16769 -0.040444
-7.06554 -8.01423 -0.043344
-0.00595075 -9.02223 -0.0399899
2.69415 -8.61979 -0.04018
7.10469 -7.95099 -0.0432965
4.65305 -7.34447 -0.0397458
-2.67146 -8.67781 -0.0402583
-4.60328 -7.42484 -0.0398084
0 0 0
0 0 0
0 0 0
19.9491 0 6.09935e-24
19.9491 0 6.09935e-24
19.9491 0 6.09935e-24
-19.9491 0 6.09935e-24
-19.9491 0 6.09935e-24
-19.9491 0 6.09935e-24
0 0 0
0 0 0
0 0 0
4.0558 0.155895 -15.3565
7.87038 0.527253 -20.1041
11.7562 0.715288 -18.0034
15.8196 0.573154 -10.8205
15.5193 -0.0936492 -11.7599
11.3357 -0.280831 -19.084
7.49801 -0.268475 -21.1221
3.84701 -0.190644 -16.2964
14.9093 -1.09331 -12.3528
10.6019 -1.42939 -19.292
6.95709 -0.998768 -21.0613
3.55345 -0.389376 -16.3278
19.646 3.46413 6.09935e-24
18.746 6.823 6.09935e-24
17.2764 9.97456 6.09935e-24
15.2819 12.823 6.09935e-24
12.823 15.2819 6.09935e-24
9.97456 17.2764 6.09935e-24
6.823 18.746 6.09935e-24
3.46413 19.646 6.09935e-24
-8.85919e-15 19.9491 6.09935e-24
-3.46413 19.646 6.09935e-24
-6.823 18.746 6.09935e-24
-9.97456 17.2764 6.09935e-24
-12.823 15.2819 6.09935e-24
-15.2819 12.823 6.09935e-24
-17.2764 9.97456 6.09935e-24
-18.746 6.823 6.09935e-24
-19.646 3.46413 6.09935e-24
19.646 3.46413 6.09935e-24
19.646 3.46413 6.09935e-24
18.746 6.823 6.09935e-24
18.746 6.823 6.09935e-24
17.2764 9.97456 6.09935e-24
17.2764 9.97456 6.09935e-24
15.2819 12.823 6.09935e-24
15.2819 12.823 6.09935e-24
12.823 15.2819 6.09935e-24
12.823 15.2819 6.09935e-24
9.97456 17.2764 6.09935e-24
9.97456 17.2764 6.09935e-24
6.823 18.746 6.09935e-24
6.823 18.746 6.09935e-24
3.46413 19.646 6.09935e-24
3.46413 19.646 6.09935e-24
-9.30098e-15 19.9491 6.09935e-24
-9.30098e-15 19.9491 6.09935e-24
-3.46413 19.646 6.09935e-24
-3.46413 19.646 6.09935e-24
-6.823 18.746 6.09935e-24
-6.823 18.746 6.09935e-24
-9.97456 17.2764 6.09935e-24
-9.97456 17.2764 6.09935e-24
-12.823 15.2819 6.09935e-24
-12.823 15.2819 6.09935e-24
-15.2819 12.823 6.09935e-24
-15.2819 12.823 6.09935e-24
-17.2764 9.97456 6.09935e-24
-17.2764 9.97456 6.09935e-24
-18.746 6.823 6.09935e-24
-18.746 6.823 6.09935e-24
-19.646 3.46413 6.09935e-24
-19.646 3.46413 6.09935e-24
0 0 0
0 0 0
0 0 0
0 0 0
0 0 0
0 0 0
0 0 0
0 0 0
0 0 0
0 0 0
0 0 0
0 0 0
0 0 0
0 0 0
0 0 0
0 0 0
0 0 0
0 0 0
0 0 0
0 0 0
0 0 0
0 0 0
0 0 0
0 0 0
0 0 0
0 0 0
0 0 0
0 0 0
0 0 0
0 0 0
0 0 0
0 0 0
0 0 0
0 0 0
0 0 0
0 0 0
0 0 0
0 0 0
0 0 0
0 0 0
0 0 0
0 0 0
0 0 0
0 0 0
0 0 0
0 0 0
0 0 0
0 0 0
0 0 0
0 0 0
0 0 0
-15.8196 -0.573154 -10.8205
-11.7562 -0.715288 -18.0034
-7.87038 -0.527253 -20.1041
-4.0558 -0.155895 -15.3565
-3.84701 0.190644 -16.2964
-7.49801 0.268475 -21.1221
-11.3357 0.280831 -19.084
-15.5193 0.0936492 -11.7599
-3.55345 0.389376 -16.3278
-6.95709 0.998768 -21.0613
-10.6019 1.42939 -19.292
-14.9093 1.09331 -12.3528
3.56609 0.233403 -16.3281
3.47065 0.848781 -16.3288
3.27034 1.43833 -16.3298
2.97131 1.98454 -16.3307
2.58228 2.4711 -16.3311
2.11434 2.88289 -16.3307
1.58156 3.20661 -16.3299
1.00058 3.43221 -16.3292
0.389382 3.5532 -16.329
-0.233416 3.56621 -16.3294
-0.848929 3.47122 -16.3301
-1.43883 3.27147 -16.331
-1.98566 2.97279 -16.3314
-2.47261 2.58346 -16.3309
-2.88418 2.11499 -16.3299
-3.20751 1.58187 -16.3288
-3.43279 1.00069 -16.3281
7.0234 0.224209 -21.0616
-6.67931 2.19196 -21.0616
10.6877 0.433043 -19.2923
-10.1939 3.24897 -19.2923
14.8718 1.51209 -12.353
-14.4937 3.66586 -12.3529
14.3826 4.07118 -12.3534
13.4571 6.50645 -12.3541
12.1232 8.74425 -12.3547
10.4213 10.717 -12.3551
8.40213 12.3648 -12.3548
6.12701 13.6364 -12.3542
3.66577 14.4931 -12.3539
1.09341 14.9091 -12.3538
-1.51205 14.872 -12.354
-4.07124 14.3833 -12.3546
-6.50671 13.4583 -12.3552
-8.74521 12.1249 -12.3554
-10.7187 10.4224 -12.3548
-12.3662 8.40262 -12.354
-13.6374 6.1273 -12.3534
6.87672 1.43987 -21.0625
6.52198 2.61166 -21.0638
5.97004 3.7046 -21.0651
5.2371 4.68598 -21.0656
4.34427 5.52558 -21.0651
3.31851 6.19665 -21.064
2.1918 6.6784 -21.0632
0.998806 6.95672 -21.063
-0.224204 7.02363 -21.0634
-1.44004 6.87763 -21.0644
-2.61229 6.52373 -21.0655
-3.70618 5.97229 -21.066
-4.68828 5.2388 -21.0653
-5.5276 4.34517 -21.064
-6.19806 3.31897 -21.0626
10.4491 2.28176 -19.2931
9.89394 4.06096 -19.2943
9.03913 5.71723 -19.2954
7.91012 7.20084 -19.2961
6.53983 8.46647 -19.2956
4.96983 9.4742 -19.2945
3.24882 10.193 -19.2938
1.42949 10.6016 -19.2936
-0.433005 10.688 -19.294
-2.28187 10.4501 -19.2949
-4.06145 9.89579 -19.296
-5.71874 9.04152 -19.2964
-7.20327 7.91177 -19.2957
-8.46858 6.54064 -19.2944
-9.47568 4.97028 -19.2932
3.82092 0.480149 -16.2966
3.67894 1.13615 -16.2972
3.42559 1.75763 -16.298
3.06859 2.32597 -16.2988
2.61857 2.82404 -16.2992
2.08873 3.23648 -16.2989
1.49504 3.55026 -16.2982
0.855786 3.75572 -16.2976
0.190626 3.84681 -16.2975
-0.480188 3.82102 -16.2977
-1.13632 3.67939 -16.2984
-1.75809 3.42645 -16.2991
-2.32687 3.06971 -16.2994
-2.8252 2.6195 -16.299
-3.23749 2.08928 -16.2981
-3.55099 1.49531 -16.2972
-3.75618 0.855893 -16.2966
7.42966 1.03744 -21.1223
-7.3385 1.56658 -21.1224
11.2113 1.6917 -19.0842
-11.1157 2.24513 -19.0842
15.2992 2.60259 -11.7601
-15.2679 2.78721 -11.76
14.6145 5.21961 -11.7604
13.4859 7.67804 -11.7608
11.9479 9.90332 -11.7611
10.047 11.8279 -11.7613
7.8407 13.3933 -11.7612
5.39592 14.5516 -11.761
2.7871 15.2674 -11.7608
0.0936247 15.5192 -11.7608
-2.60264 15.2994 -11.761
-5.21978 14.6149 -11.7613
-7.67845 13.4867 -11.7616
-9.90408 11.9489 -11.7615
-11.8289 10.0478 -11.7612
-13.3942 7.84121 -11.7607
-14.5523 5.3962 -11.7603
7.13584 2.31155 -21.1231
6.62579 3.5154 -21.1242
5.91504 4.61279 -21.1252
5.02485 5.57057 -21.1257
3.98163 6.35939 -21.1253
2.81689 6.95457 -21.1244
1.5664 7.3378 -21.1237
0.268438 7.49773 -21.1236
-1.03751 7.42983 -21.1239
-2.3118 7.13654 -21.1247
-3.51605 6.62708 -21.1256
-4.61406 5.91668 -21.126
-5.57227 5.0262 -21.1254
-6.3609 3.98244 -21.1243
-6.95567 2.81732 -21.1232
10.7465 3.61257 -19.0848
9.95565 5.42367 -19.0857
8.86288 7.07024 -19.0865
7.50109 8.50247 -19.0869
5.91107 9.67664 -19.0866
4.14099 10.5565 -19.086
2.24495 11.115 -19.0855
0.280794 11.3354 -19.0854
-1.69177 11.2115 -19.0857
-3.61283 10.7472 -19.0863
-5.42428 9.95691 -19.087
-7.07145 8.86446 -19.0872
-8.5041 7.50237 -19.0867
-9.67811 5.91186 -19.0858
-10.5575 4.14142 -19.0848
3.9666 0.85773 -15.3567
3.75701 1.5334 -15.3571
3.43353 2.16249 -15.3577
3.00599 2.72603 -15.3583
2.48724 3.20697 -15.3586
1.89281 3.59054 -15.3584
1.24067 3.86482 -15.3579
0.550721 4.02141 -15.3575
-0.155937 4.05566 -15.3574
-0.857794 3.96669 -15.3576
-1.53357 3.75736 -15.3581
-2.16289 3.43415 -15.3586
-2.72671 3.00677 -15.3588
-3.2078 2.48794 -15.3584
-3.59128 1.89327 -15.3578
-3.86538 1.24091 -15.3572
-4.02177 0.550826 -15.3567
7.65852 1.88582 -20.1043
-7.8431 0.847522 -20.1043
11.4527 2.74577 -18.0035
-11.7024 1.33709 -18.0035
15.4793 3.31144 -10.8206
-15.6792 2.18265 -10.8206
14.6689 5.94904 -10.8208
13.4129 8.40591 -10.8211
11.7495 10.6075 -10.8214
9.7292 12.4868 -10.8216
7.41325 13.9868 -10.8215
4.87195 15.0618 -10.8214
2.18253 15.6789 -10.8212
-0.573218 15.8195 -10.8212
-3.31153 15.4794 -10.8213
-5.94924 14.6692 -10.8216
-8.40628 13.4134 -10.8217
-10.608 11.7501 -10.8217
-12.4875 9.72979 -10.8215
-13.9875 7.41367 -10.8212
-15.0623 4.87219 -10.8208
7.21414 3.18694 -20.1049
6.55093 4.39126 -20.1057
5.68903 5.46236 -20.1064
4.65446 6.36776 -20.1068
3.47835 7.07978 -20.1065
2.19628 7.57645 -20.106
0.84734 7.84257 -20.1055
-0.527342 7.87018 -20.1054
-1.88594 7.65866 -20.1057
-3.18723 7.21466 -20.1063
-4.39186 6.55184 -20.1069
-5.46334 5.69016 -20.1071
-6.36895 4.65547 -20.1066
-7.08087 3.47904 -20.1058
-7.57728 2.19667 -20.105
10.8014 4.6927 -18.004
9.82221 6.49708 -18.0046
8.5449 8.10422 -18.0052
7.00813 9.46534 -18.0055
5.25833 10.5389 -18.0054
3.34855 11.2921 -18.005
1.3369 11.7019 -18.0046
-0.715389 11.756 -18.0046
-2.7459 11.4528 -18.0048
-4.693 10.8019 -18.0052
-6.49767 9.82307 -18.0057
-8.10515 8.54596 -18.0058
-9.46646 7.00908 -18.0054
-10.54 5.259 -18.0047
-11.2929 3.34894 -18.004
-19.646 -3.46413 6.09935e-24
-18.746 -6.823 6.09935e-24
-17.2764 -9.97456 6.09935e-24
-15.2819 -12.823 6.09935e-24
-12.823 -15.2819 6.09935e-24
-9.97456 -17.2764 6.09935e-24
-6.823 -18.746 6.09935e-24
-3.46413 -19.646 6.09935e-24
1.50606e-13 -19.9491 6.09935e-24
3.46413 -19.646 6.09935e-24
6.823 -18.746 6.09935e-24
9.97456 -17.2764 6.09935e-24
12.823 -15.2819 6.09935e-24
15.2819 -12.823 6.09935e-24
17.2764 -9.97456 6.09935e-24
18.746 -6.823 6.09935e-24
19.646 -3.46413 6.09935e-24
-19.646 -3.46413 6.09935e-24
-19.646 -3.46413 6.09935e-24
-18.746 -6.823 6.09935e-24
-18.746 -6.823 6.09935e-24
-17.2764 -9.97456 6.09935e-24
-17.2764 -9.97456 6.09935e-24
-15.2819 -12.823 6.09935e-24
-15.2819 -12.823 6.09935e-24
-12.823 -15.2819 6.09935e-24
-12.823 -15.2819 6.09935e-24
-9.97456 -17.2764 6.09935e-24
-9.97456 -17.2764 6.09935e-24
-6.823 -18.746 6.09935e-24
-6.823 -18.746 6.09935e-24
-3.46413 -19.646 6.09935e-24
-3.46413 -19.646 6.09935e-24
1.51141e-13 -19.9491 6.09935e-24
1.51141e-13 -19.9491 6.09935e-24
3.46413 -19.646 6.09935e-24
3.46413 -19.646 6.09935e-24
6.823 -18.746 6.09935e-24
6.823 -18.746 6.09935e-24
9.97456 -17.2764 6.09935e-24
9.97456 -17.2764 6.09935e-24
12.823 -15.2819 6.09935e-24
12.823 -15.2819 6.09935e-24
15.2819 -12.823 6.09935e-24
15.2819 -12.823 6.09935e-24
17.2764 -9.97456 6.09935e-24
17.2764 -9.97456 6.09935e-24
18.746 -6.823 6.09935e-24
18.746 -6.823 6.09935e-24
19.646 -3.46413 6.09935e-24
19.646 -3.46413 6.09935e-24
0 0 0
0 0 0
0 0 0
0 0 0
0 0 0
0 0 0
0 0 0
0 0 0
0 0 0
0 0 0
0 0 0
0 0 0
0 0 0
0 0 0
0 0 0
0 0 0
0 0 0
0 0 0
0 0 0
0 0 0
0 0 0
0 0 0
0 0 0
0 0 0
0 0 0
0 0 0
0 0 0
0 0 0
0 0 0
0 0 0
0 0 0
0 0 0
0 0 0
0 0 0
0 0 0
0 0 0
0 0 0
0 0 0
0 0 0
0 0 0
0 0 0
0 0 0
0 0 0
0 0 0
0 0 0
0 0 0
0 0 0
0 0 0
0 0 0
0 0 0
0 0 0
-3.56609 -0.233403 -16.3281
-3.47065 -0.848781 -16.3288
-3.27034 -1.43833 -16.3298
-2.97131 -1.98454 -16.3307
-2.58228 -2.4711 -16.3311
-2.11434 -2.88289 -16.3307
-1.58156 -3.20661 -16.3299
-1.00058 -3.43221 -16.3292
-0.389382 -3.5532 -16.329
0.233416 -3.56621 -16.3294
0.848929 -3.47122 -16.3301
1.43883 -3.27147 -16.331
1.98566 -2.97279 -16.3314
2.47261 -2.58346 -16.3309
2.88418 -2.11499 -16.3299
3.20751 -1.58187 -16.3288
3.43279 -1.00069 -16.3281
-7.0234 -0.224209 -21.0616
6.67931 -2.19196 -21.0616
-10.6877 -0.433043 -19.2923
10.1939 -3.24897 -19.2923
-14.8718 -1.51209 -12.353
14.4937 -3.66586 -12.3529
-14.3826 -4.07118 -12.3534
-13.4571 -6.50645 -12.3541
-12.1232 -8.74425 -12.3547
-10.4213 -10.717 -12.3551
-8.40213 -12.3648 -12.3548
-6.12701 -13.6364 -12.3542
-3.66577 -14.4931 -12.3539
-1.09341 -14.9091 -12.3538
1.51205 -14.872 -12.354
4.07124 -14.3833 -12.3546
6.50671 -13.4583 -12.3552
8.74521 -12.1249 -12.3554
10.7187 -10.4224 -12.3548
12.3662 -8.40262 -12.354
13.6374 -6.1273 -12.3534
-6.87672 -1.43987 -21.0625
-6.52198 -2.61166 -21.0638
-5.97004 -3.7046 -21.0651
-5.2371 -4.68598 -21.0656
-4.34427 -5.52558 -21.0651
-3.31851 -6.19664 -21.064
-2.1918 -6.6784 -21.0632
-0.998806 -6.95672 -21.063
0.224204 -7.02363 -21.0634
1.44004 -6.87763 -21.0644
2.61229 -6.52373 -21.0655
3.70618 -5.97229 -21.066
4.68828 -5.2388 -21.0653
5.5276 -4.34517 -21.064
6.19806 -3.31897 -21.0626
-10.4491 -2.28176 -19.2931
-9.89394 -4.06096 -19.2943
-9.03913 -5.71723 -19.2954
-7.91012 -7.20084 -19.2961
-6.53983 -8.46647 -19.2956
-4.96983 -9.4742 -19.2945
-3.24882 -10.193 -19.2938
-1.42949 -10.6016 -19.2936
0.433005 -10.688 -19.294
2.28187 -10.4501 -19.2949
4.06145 -9.89579 -19.296
5.71874 -9.04152 -19.2964
7.20327 -7.91177 -19.2957
8.46858 -6.54064 -19.2944
9.47568 -4.97028 -19.2932
-3.82092 -0.480149 -16.2966
-3.67894 -1.13615 -16.2972
-3.42559 -1.75763 -16.298
-3.06859 -2.32597 -16.2988
-2.61857 -2.82404 -16.2992
-2.08873 -3.23648 -16.2989
-1.49504 -3.55026 -16.2982
-0.855786 -3.75572 -16.2976
-0.190626 -3.84681 -16.2975
0.480188 -3.82102 -16.2977
1.13632 -3.67939 -16.2984
1.75809 -3.42645 -16.2991
2.32687 -3.06971 -16.2994
2.8252 -2.6195 -16.299
3.23749 -2.08928 -16.2981
3.55099 -1.49531 -16.2972
3.75618 -0.855893 -16.2966
-7.42966 -1.03744 -21.1223
7.3385 -1.56658 -21.1224
-11.2113 -1.6917 -19.0842
11.1157 -2.24513 -19.0842
-15.2992 -2.60259 -11.7601
15.2679 -2.78721 -11.76
-14.6145 -5.21961 -11.7604
-13.4859 -7.67804 -11.7608
-11.9479 -9.90332 -11.7611
-10.047 -11.8279 -11.7613
-7.8407 -13.3933 -11.7612
-5.39592 -14.5516 -11.761
-2.7871 -15.2674 -11.7608
-0.0936247 -15.5192 -11.7608
2.60264 -15.2994 -11.761
5.21978 -14.6149 -11.7613
7.67845 -13.4867 -11.7616
9.90408 -11.9489 -11.7615
11.8289 -10.0478 -11.7612
13.3942 -7.84121 -11.7607
14.5523 -5.3962 -11.7603
-7.13584 -2.31155 -21.1231
-6.62579 -3.5154 -21.1242
-5.91504 -4.61279 -21.1252
-5.02485 -5.57057 -21.1257
-3.98163 -6.35939 -21.1253
-2.81689 -6.95457 -21.1244
-1.5664 -7.3378 -21.1237
-0.268438 -7.49773 -21.1236
1.03751 -7.42983 -21.1239
2.3118 -7.13654 -21.1247
3.51605 -6.62708 -21.1256
4.61406 -5.91668 -21.126
5.57227 -5.0262 -21.1254
6.3609 -3.98244 -21.1243
6.95567 -2.81732 -21.1232
-10.7465 -3.61257 -19.0848
-9.95565 -5.42367 -19.0857
-8.86288 -7.07024 -19.0865
-7.50109 -8.50247 -19.0869
-5.91107 -9.67664 -19.0866
-4.14099 -10.5565 -19.086
-2.24495 -11.115 -19.0855
-0.280794 -11.3354 -19.0854
1.69177 -11.2115 -19.0857
3.61283 -10.7472 -19.0863
5.42428 -9.95691 -19.087
7.07145 -8.86446 -19.0872
8.5041 -7.50237 -19.0867
9.67811 -5.91186 -19.0858
10.5575 -4.14142 -19.0848
-3.9666 -0.85773 -15.3567
-3.75701 -1.5334 -15.3571
-3.43353 -2.16249 -15.3577
-3.00599 -2.72603 -15.3583
-2.48724 -3.20697 -15.3586
-1.89281 -3.59054 -15.3584
-1.24067 -3.86482 -15.3579
-0.550721 -4.02141 -15.3575
0.155937 -4.05566 -15.3574
0.857794 -3.96669 -15.3576
1.53357 -3.75736 -15.3581
2.16289 -3.43415 -15.3586
2.72671 -3.00677 -15.3588
3.2078 -2.48794 -15.3584
3.59128 -1.89327 -15.3578
3.86538 -1.24091 -15.3572
4.02177 -0.550826 -15.3567
-7.65852 -1.88582 -20.1043
7.8431 -0.847522 -20.1043
-11.4527 -2.74577 -18.0035
11.7024 -1.33709 -18.0035
-15.4793 -3.31144 -10.8206
15.6792 -2.18265 -10.8206
-14.6689 -5.94904 -10.8208
-13.4129 -8.40591 -10.8211
-11.7495 -10.6075 -10.8214
-9.7292 -12.4868 -10.8216
-7.41325 -13.9868 -10.8215
-4.87195 -15.0618 -10.8214
-2.18253 -15.6789 -10.8212
0.573218 -15.8195 -10.8212
3.31153 -15.4794 -10.8213
5.94924 -14.6692 -10.8216
8.40628 -13.4134 -10.8217
10.608 -11.7501 -10.8217
12.4875 -9.72979 -10.8215
13.9875 -7.41367 -10.8212
15.0623 -4.87219 -10.8208
-7.21414 -3.18694 -20.1049
-6.55093 -4.39126 -20.1057
-5.68903 -5.46236 -20.1064
-4.65446 -6.36776 -20.1068
-3.47835 -7.07978 -20.1065
-2.19628 -7.57645 -20.106
-0.84734 -7.84257 -20.1055
0.527342 -7.87018 -20.1054
1.88594 -7.65866 -20.1057
3.18723 -7.21466 -20.1063
4.39186 -6.55184 -20.1069
5.46334 -5.69016 -20.1071
6.36895 -4.65547 -20.1066
7.08087 -3.47904 -20.1058
7.57728 -2.19667 -20.105
-10.8014 -4.6927 -18.004
-9.82221 -6.49708 -18.0046
-8.5449 -8.10422 -18.0052
-7.00813 -9.46534 -18.0055
-5.25833 -10.5389 -18.0054
-3.34855 -11.2921 -18.005
-1.3369 -11.7019 -18.0046
0.715389 -11.756 -18.0046
2.7459 -11.4528 -18.0048
4.693 -10.8019 -18.0052
6.49767 -9.82307 -18.0057
8.10515 -8.54596 -18.0058
9.46646 -7.00908 -18.0054
10.54 -5.259 -18.0047
11.2929 -3.34894 -18.004
0 0 0
0 0 0
0 0 0
0 0 0
0 0 0
0 0 0
19.9491 0 0
19.9491 0 0
19.9491 0 0
19.9491 0 0
19.9491 0 0
19.9491 0 0
-19.9491 0 0
-19.9491 0 0
-19.9491 0 0
-19.9491 0 0
-19.9491 0 0
-19.9491 0 0
0 0 0
0 0 0
0 0 0
0 0 0
0 0 0
0 0 0
3.34972 -0.894439 -8.24071
6.89226 -0.347423 -12.989
10.7241 0.319817 -13.3403
15.0114 0.929766 -8.93577
15.098 -0.273192 -7.40968
10.7733 -0.0427414 -10.9441
6.86034 0.21567 -10.6735
3.28915 0.356239 -6.86812
15.1096 0.17869 -8.23213
10.8183 0.157779 -12.0463
6.93274 0.0639032 -11.9277
3.34931 -0.0504071 -7.97321
15.1944 0.14164 -7.95755
10.9534 0.269053 -11.9959
7.06746 0.294587 -12.1309
3.43724 0.181992 -8.20064
15.349 0.29973 -8.57667
11.2093 0.521464 -13.1946
7.35863 0.549711 -13.8096
3.65034 0.29196 -9.80436
15.5707 0.746974 -9.4223
11.6257 1.16814 -15.0171
7.81172 1.1438 -16.4112
3.98626 0.622743 -12.2197
19.646 3.46413 0
18.746 6.823 0
17.2764 9.97456 0
15.2819 12.823 0
12.823 15.2819 0
9.97456 17.2764 0
6.823 18.746 0
3.46413 19.646 0
-8.85919e-15 19.9491 0
-3.46413 19.646 0
-6.823 18.746 0
-9.97456 17.2764 0
-12.823 15.2819 0
-15.2819 12.823 0
-17.2764 9.97456 0
-18.746 6.823 0
-19.646 3.46413 0
19.646 3.46413 0
19.646 3.46413 0
19.646 3.46413 0
19.646 3.46413 0
19.646 3.46413 0
18.746 6.823 0
18.746 6.823 0
18.746 6.823 0
18.746 6.823 0
18.746 6.823 0
17.2764 9.97456 0
17.2764 9.97456 0
17.2764 9.97456 0
17.2764 9.97456 0
17.2764 9.97456 0
15.2819 12.823 0
15.2819 12.823 0
15.2819 12.823 0
15.2819 12.823 0
15.2819 12.823 0
12.823 15.2819 0
12.823 15.2819 0
12.823 15.2819 0
12.823 15.2819 0
12.823 15.2819 0
9.97456 17.2764 0
9.97456 17.2764 0
9.97456 17.2764 0
9.97456 17.2764 0
9.97456 17.2764 0
6.823 18.746 0
6.823 18.746 0
6.823 18.746 0
6.823 18.746 0
6.823 18.746 0
3.46413 19.646 0
3.46413 19.646 0
3.46413 19.646 0
3.46413 19.646 0
3.46413 19.646 0
-9.30098e-15 19.9491 0
-9.30098e-15 19.9491 0
-8.71967e-15 19.9491 0
-9.30098e-15 19.9491 0
-9.30098e-15 19.9491 0
-3.46413 19.646 0
-3.46413 19.646 0
-3.46413 19.646 0
-3.46413 19.646 0
-3.46413 19.646 0
-6.823 18.746 0
-6.823 18.746 0
-6.823 18.746 0
-6.823 18.746 0
-6.823 18.746 0
-9.97456 17.2764 0
-9.97456 17.2764 0
-9.97456 17.2764 0
-9.97456 17.2764 0
-9.97456 17.2764 0
-12.823 15.2819 0
-12.823 15.2819 0
-12.823 15.2819 0
-12.823 15.2819 0
-12.823 15.2819 0
-15.2819 12.823 0
-15.2819 12.823 0
-15.2819 12.823 0
-15.2819 12.823 0
-15.2819 12.823 0
-17.2764 9.97456 0
-17.2764 9.97456 0
-17.2764 9.97456 0
-17.2764 9.97456 0
-17.2764 9.97456 0
-18.746 6.823 0
-18.746 6.823 0
-18.746 6.823 0
-18.746 6.823 0
-18.746 6.823 0
-19.646 3.46413 0
-19.646 3.46413 0
-19.646 3.46413 0
-19.646 3.46413 0
-19.646 3.46413 0
0 0 0
0 0 0
0 0 0
0 0 0
0 0 0
0 0 0
0 0 0
0 0 0
0 0 0
0 0 0
0 0 0
0 0 0
0 0 0
0 0 0
0 0 0
0 0 0
0 0 0
0 0 0
0 0 0
0 0 0
0 0 0
0 0 0
0 0 0
0 0 0
0 0 0
0 0 0
0 0 0
0 0 0
0 0 0
0 0 0
0 0 0
0 0 0
0 0 0
0 0 0
0 0 0
0 0 0
0 0 0
0 0 0
0 0 0
0 0 0
0 0 0
0 0 0
0 0 0
0 0 0
0 0 0
0 0 0
0 0 0
0 0 0
0 0 0
0 0 0
0 0 0
0 0 0
0 0 0
0 0 0
0 0 0
0 0 0
0 0 0
0 0 0
0 0 0
0 0 0
0 0 0
0 0 0
0 0 0
0 0 0
0 0 0
0 0 0
0 0 0
0 0 0
0 0 0
0 0 0
0 0 0
0 0 0
0 0 0
0 0 0
0 0 0
0 0 0
0 0 0
0 0 0
0 0 0
0 0 0
0 0 0
0 0 0
0 0 0
0 0 0
0 0 0
0 0 0
0 0 0
0 0 0
0 0 0
0 0 0
0 0 0
0 0 0
0 0 0
0 0 0
0 0 0
0 0 0
0 0 0
0 0 0
0 0 0
0 0 0
0 0 0
0 0 0
-15.0114 -0.929766 -8.93577
-10.7241 -0.319817 -13.3403
-6.89226 0.347423 -12.989
-3.34972 0.894439 -8.24071
-3.28915 -0.356239 -6.86812
-6.86034 -0.21567 -10.6735
-10.7733 0.0427414 -10.9441
-15.098 0.273192 -7.40968
-3.34931 0.0504071 -7.97321
-6.93274 -0.0639032 -11.9277
-10.8183 -0.157779 -12.0463
-15.1096 -0.17869 -8.23213
-3.43724 -0.181992 -8.20064
-7.06746 -0.294587 -12.1309
-10.9534 -0.269053 -11.9959
-15.1944 -0.14164 -7.95755
-3.65034 -0.29196 -9.80436
-7.35863 -0.54971 -13.8096
-11.2093 -0.521464 -13.1946
-15.349 -0.29973 -8.57667
-3.98626 -0.622743 -12.2197
-7.81172 -1.1438 -16.4112
-11.6257 -1.16814 -15.0171
-15.5707 -0.746974 -9.4223
3.81738 1.30546 -12.2197
3.53256 1.94848 -12.2199
3.1405 2.53231 -12.2201
2.65309 3.03924 -12.2203
2.08509 3.45387 -12.2204
1.45373 3.76358 -12.2204
0.778147 3.95889 -12.2203
0.0788866 4.03385 -12.2202
-0.622778 3.98621 -12.2202
-1.30551 3.81745 -12.2203
-1.9486 3.53276 -12.2204
-2.53252 3.14079 -12.2205
-3.03955 2.65343 -12.2205
-3.45424 2.0854 -12.2204
-3.76393 1.45396 -12.2202
-3.95918 0.77828 -12.2199
-4.03403 0.0789502 -12.2197
7.49414 2.48288 -16.4113
-7.89196 0.230098 -16.4113
11.2459 3.16913 -15.0172
-11.6522 0.868416 -15.0172
15.2042 3.43942 -9.42235
-15.464 1.96822 -9.42237
14.3758 6.02733 -9.42248
13.1108 8.43211 -9.42266
11.4474 10.5807 -9.42282
9.43622 12.4079 -9.4229
7.13832 13.8581 -9.4229
4.62349 14.8872 -9.42283
1.96814 15.4638 -9.42278
-0.747026 15.5706 -9.42276
-3.43949 15.2043 -9.42282
-6.02746 14.376 -9.42292
-8.43233 13.111 -9.423
-10.581 11.4477 -9.42301
-12.4083 9.43653 -9.4229
-13.8584 7.13856 -9.42272
-14.8874 4.62364 -9.42252
6.94893 3.74647 -16.4115
6.19272 4.89624 -16.4118
5.24845 5.89731 -16.4121
4.14476 6.71926 -16.4122
2.91512 7.33707 -16.4122
1.59684 7.73189 -16.4121
0.229983 7.89169 -16.412
-1.14388 7.81163 -16.412
-2.48298 7.49424 -16.4121
-3.74666 6.94922 -16.4123
-4.89657 6.19315 -16.4124
-5.89779 5.24895 -16.4124
-6.71981 4.14523 -16.4122
-7.3376 2.91547 -16.4119
-7.73231 1.59705 -16.4116
10.5245 5.07378 -15.0174
9.48351 6.82429 -15.0177
8.15444 8.36751 -15.0179
6.57766 9.65655 -15.0181
4.801 10.6522 -15.0181
2.8784 11.3241 -15.018
0.868295 11.6519 -15.0179
-1.16821 11.6256 -15.0178
-3.16923 11.246 -15.0179
-5.07398 10.5248 -15.0181
-6.82462 9.48393 -15.0182
-8.36798 8.15493 -15.0182
-9.65709 6.57812 -15.0181
-10.6527 4.80135 -15.0178
-11.3246 2.87863 -15.0175
3.54411 0.921387 -9.80438
3.33022 1.5228 -9.80443
3.01518 2.07794 -9.8045
2.60855 2.56997 -9.80457
2.12267 2.98392 -9.80461
1.57229 3.30722 -9.80463
0.974117 3.53003 -9.80462
0.346337 3.64556 -9.80462
-0.291971 3.65032 -9.80463
-0.921407 3.54417 -9.80466
-1.52285 3.33034 -9.80468
-2.07805 3.01535 -9.8047
-2.57012 2.60873 -9.80468
-2.98411 2.12283 -9.80463
-3.30741 1.5724 -9.80454
-3.53019 0.974183 -9.80445
-3.64566 0.346364 -9.80439
7.15127 1.81915 -13.8096
-7.34242 0.736474 -13.8096
10.9483 2.45999 -13.1946
-11.1296 1.43295 -13.1946
15.0637 2.96048 -8.57669
-15.1679 2.37016 -8.57671
14.3207 5.53126 -8.57674
13.1426 7.93398 -8.57682
11.5652 10.0956 -8.57689
9.63644 11.9506 -8.57694
7.41487 13.4424 -8.57695
4.96798 14.5258 -8.57694
2.37013 15.1678 -8.57693
-0.299745 15.3489 -8.57693
-2.96051 15.0637 -8.57696
-5.53132 14.3208 -8.57699
-7.93409 13.1428 -8.57702
-10.0958 11.5654 -8.57701
-11.9508 9.63662 -8.57696
-13.4426 7.415 -8.57687
-14.526 4.96805 -8.57678
6.72664 3.03329 -13.8097
6.09769 4.15526 -13.8098
5.28352 5.15101 -13.8099
4.30882 5.99027 -13.81
3.20319 6.64754 -13.81
2.0002 7.10282 -13.81
0.736426 7.34226 -13.81
-0.549733 7.35859 -13.81
-1.81919 7.15134 -13.81
-3.03338 6.72682 -13.8101
-4.15543 6.09795 -13.8101
-5.15125 5.28379 -13.8101
-5.99057 4.30907 -13.81
-6.64784 3.20337 -13.8099
-7.10307 2.00031 -13.8097
10.3547 4.32374 -13.1947
9.44655 6.05611 -13.1948
8.25142 7.6045 -13.1949
6.80559 8.92186 -13.195
5.15296 9.96816 -13.195
3.34374 10.7116 -13.195
1.4329 11.1295 -13.195
-0.521488 11.2092 -13.195
-2.46003 10.9484 -13.195
-4.32383 10.3549 -13.1951
-6.05628 9.44681 -13.1951
-7.60475 8.2517 -13.1951
-8.92217 6.80584 -13.195
-9.96847 5.15315 -13.1949
-10.7118 3.34385 -13.1947
3.35339 0.776093 -8.20064
3.16765 1.3466 -8.20066
2.88568 1.8762 -8.20068
2.51604 2.34879 -8.20071
2.06996 2.75002 -8.20073
1.56098 3.06769 -8.20074
1.00457 3.29216 -8.20075
0.417635 3.4166 -8.20076
-0.181997 3.43723 -8.20077
-0.776102 3.35342 -8.20078
-1.34663 3.16772 -8.20078
-1.87625 2.88577 -8.20079
-2.34887 2.51614 -8.20077
-2.75012 2.07005 -8.20075
-3.0678 1.56105 -8.20071
-3.29225 1.00461 -8.20068
-3.41666 0.417649 -8.20065
6.90889 1.51735 -12.1309
-7.0113 0.937148 -12.1309
10.7402 2.16699 -11.9959
-10.8338 1.63708 -11.9959
14.9389 2.77796 -7.95755
-14.9882 2.499 -7.95756
14.2296 5.32987 -7.95756
13.0879 7.71983 -7.95759
11.5485 9.87523 -7.95761
9.65822 11.7306 -7.95763
7.47451 13.2295 -7.95764
5.06368 14.3265 -7.95765
2.49898 14.9881 -7.95767
-0.141648 15.1944 -7.95767
-2.77798 14.939 -7.95768
-5.3299 14.2296 -7.95769
-7.71989 13.088 -7.95769
-9.87532 11.5486 -7.95768
-11.7307 9.65832 -7.95765
-13.2296 7.47458 -7.95762
-14.3266 5.06372 -7.95758
6.5404 2.694 -12.1309
5.97321 3.78879 -12.1309
5.22454 4.76847 -12.131
4.31714 5.60327 -12.131
3.27856 6.26782 -12.131
2.14036 6.74194 -12.131
0.937123 7.0112 -12.131
-0.294597 7.06743 -12.1311
-1.51737 6.90892 -12.1311
-2.69405 6.54049 -12.1311
-3.78888 5.97334 -12.1311
-4.7686 5.22469 -12.1311
-5.60343 4.31727 -12.131
-6.26799 3.27866 -12.131
-6.74208 2.14042 -12.1309
10.2007 3.99907 -11.9959
9.35128 5.70964 -11.9959
8.21774 7.24673 -11.996
6.83452 8.56364 -11.996
5.24364 9.62036 -11.996
3.49342 10.3848 -11.996
1.63705 10.8337 -11.996
-0.269065 10.9534 -11.9961
-2.16701 10.7402 -11.9961
-3.99912 10.2008 -11.9961
-5.70973 9.35142 -11.9961
-7.24687 8.21789 -11.9961
-8.56381 6.83466 -11.996
-9.62054 5.24374 -11.996
-10.3849 3.49348 -11.9959
3.30717 0.531958 -7.97321
3.16454 1.09816 -7.97321
2.92577 1.63099 -7.97322
2.5981 2.11426 -7.97323
2.19149 2.53329 -7.97324
1.71829 2.87536 -7.97324
1.19289 3.13006 -7.97325
0.631237 3.28965 -7.97326
0.0504047 3.3493 -7.97326
-0.531963 3.30718 -7.97327
-1.09817 3.16457 -7.97327
-1.63101 2.92581 -7.97327
-2.1143 2.59814 -7.97327
-2.53335 2.19153 -7.97325
-2.87541 1.71832 -7.97324
-3.13011 1.19291 -7.97322
-3.28969 0.631245 -7.97321
6.8163 1.26679 -11.9277
-6.83854 1.14093 -11.9277
10.6265 2.03395 -12.0463
-10.6813 1.72319 -12.0463
14.849 2.79972 -8.23213
-14.9111 2.44778 -8.23214
14.1372 5.33568 -8.23213
12.9959 7.70952 -8.23214
11.4597 9.8491 -8.23215
9.57533 11.6894 -8.23216
7.40001 13.1746 -8.23216
4.99985 14.2594 -8.23217
2.44777 14.911 -8.23218
-0.178694 15.1096 -8.23218
-2.79973 14.849 -8.23219
-5.3357 14.1372 -8.23219
-7.70955 12.9959 -8.23219
-9.84915 11.4598 -8.23219
-11.6895 9.57538 -8.23218
-13.1746 7.40005 -8.23216
-14.2595 4.99987 -8.23215
6.49275 2.43117 -11.9277
5.97193 3.52169 -11.9277
5.26967 4.5052 -11.9277
4.40729 5.35182 -11.9277
3.411 6.03583 -11.9278
2.31107 6.53646 -11.9278
1.14091 6.83848 -11.9278
-0.0639084 6.93272 -11.9278
-1.26679 6.81631 -11.9278
-2.43119 6.49279 -11.9278
-3.52173 5.97199 -11.9278
-4.50526 5.26974 -11.9278
-5.3519 4.40735 -11.9278
-6.03592 3.41105 -11.9278
-6.53654 2.3111 -11.9277
10.1118 3.84832 -12.0463
9.28996 5.54575 -12.0463
8.18581 7.07467 -12.0463
6.83294 8.38864 -12.0463
5.27246 9.44773 -12.0463
3.55178 10.2198 -12.0463
1.72318 10.6813 -12.0463
-0.157785 10.8182 -12.0463
-2.03396 10.6265 -12.0463
-3.84834 10.1119 -12.0463
-5.54579 9.29002 -12.0463
-7.07474 8.18588 -12.0463
-8.38873 6.83301 -12.0463
-9.44783 5.27251 -12.0463
-10.2198 3.55181 -12.0463
3.17732 0.921981 -6.86812
2.96894 1.45971 -6.86812
2.67036 1.95308 -6.86812
2.29064 2.38711 -6.86812
1.84132 2.74861 -6.86813
1.33606 3.0266 -6.86813
0.790195 3.21262 -6.86813
0.220325 3.30103 -6.86813
-0.35624 3.28914 -6.86814
-0.921983 3.17732 -6.86814
-1.45971 2.96895 -6.86814
-1.95309 2.67037 -6.86814
-2.38713 2.29066 -6.86814
-2.74863 1.84134 -6.86814
-3.02662 1.33607 -6.86813
-3.21264 0.790202 -6.86813
-3.30105 0.220329 -6.86812
6.71866 1.40368 -10.6735
-6.79358 0.978893 -10.6735
10.617 1.82867 -10.9441
-10.6022 1.91285 -10.9441
14.9161 2.3527 -7.40968
-14.8212 2.89078 -7.40968
14.2809 4.9071 -7.40967
13.2118 7.31241 -7.40968
11.7413 9.49552 -7.40968
9.91408 11.3901 -7.40968
7.78559 12.9386 -7.40969
5.42053 14.094 -7.40969
2.89078 14.8212 -7.40969
0.273191 15.098 -7.4097
-2.3527 14.9161 -7.4097
-4.90711 14.2809 -7.4097
-7.31242 13.2119 -7.4097
-9.49554 11.7414 -7.4097
-11.3901 9.91409 -7.4097
-12.9387 7.7856 -7.40969
-14.0941 5.42054 -7.40968
6.37284 2.54903 -10.6735
5.83338 3.61694 -10.6735
5.11668 4.57494 -10.6735
4.24451 5.39394 -10.6736
3.24338 6.04904 -10.6736
2.1437 6.52035 -10.6736
0.978888 6.79355 -10.6736
-0.215672 6.86033 -10.6736
-1.40368 6.71866 -10.6736
-2.54904 6.37285 -10.6736
-3.61695 5.8334 -10.6736
-4.57496 5.1167 -10.6736
-5.39397 4.24454 -10.6736
-6.04908 3.2434 -10.6736
-6.52039 2.14371 -10.6736
10.1382 3.64451 -10.9441
9.35129 5.34962 -10.9441
8.28027 6.89217 -10.9441
6.95766 8.22532 -10.9441
5.42364 9.30854 -10.9441
3.72484 10.1089 -10.9441
1.91285 10.6022 -10.9441
0.0427398 10.7733 -10.9441
-1.82867 10.617 -10.9441
-3.64452 10.1382 -10.9441
-5.34963 9.35131 -10.9441
-6.8922 8.28029 -10.9441
-8.22535 6.95768 -10.9441
-9.30858 5.42366 -10.9441
-10.109 3.72485 -10.9441
3.45415 -0.299177 -8.24071
3.45362 0.305174 -8.24071
3.34816 0.900254 -8.24071
3.14097 1.46798 -8.24071
2.83834 1.9911 -8.24071
2.44947 2.45372 -8.24072
1.98617 2.84179 -8.24071
1.46252 3.14351 -8.24072
0.89444 3.34972 -8.24072
0.299178 3.45415 -8.24072
-0.305173 3.45362 -8.24072
-0.900255 3.34817 -8.24073
-1.46798 3.14097 -8.24073
-1.9911 2.83834 -8.24072
-2.45373 2.44947 -8.24072
-2.8418 1.98617 -8.24071
-3.14352 1.46252 -8.24071
6.84788 0.854684 -12.989
-6.72723 1.53897 -12.989
10.5057 2.17718 -13.3403
-10.6167 1.54727 -13.3403
14.6219 3.52234 -8.93577
-14.9448 1.69106 -8.93577
13.7881 6.00788 -8.93577
12.5353 8.31088 -8.93577
10.9017 10.3614 -8.93577
8.93687 12.097 -8.93578
6.70048 13.4651 -8.93577
4.26049 14.4241 -8.93577
1.69105 14.9448 -8.93578
-0.929766 15.0114 -8.93578
-3.52234 14.6219 -8.93578
-6.00788 13.7881 -8.93578
-8.31089 12.5353 -8.93578
-10.3614 10.9017 -8.93578
-12.097 8.93688 -8.93578
-13.4651 6.70048 -8.93578
-14.4241 4.2605 -8.93577
6.59543 2.03082 -12.989
6.14258 3.14525 -12.989
5.50309 4.16411 -12.989
4.6964 5.05645 -12.989
3.747 5.79515 -12.989
2.68376 6.35777 -12.989
1.53897 6.72722 -12.989
0.347423 6.89225 -12.989
-0.854683 6.84788 -12.989
-2.03082 6.59543 -12.989
-3.14525 6.14258 -12.989
-4.16412 5.5031 -12.989
-5.05646 4.6964 -12.989
-5.79516 3.74701 -12.989
-6.35778 2.68376 -12.989
9.968 3.9684 -13.3403
9.12746 5.63903 -13.3403
8.00958 7.13833 -13.3403
6.64834 8.42073 -13.3403
5.08509 9.44727 -13.3404
3.36734 10.1868 -13.3404
1.54727 10.6167 -13.3404
-0.319817 10.7241 -13.3404
-2.17718 10.5057 -13.3404
-3.9684 9.968 -13.3404
-5.63904 9.12746 -13.3404
-7.13833 8.00959 -13.3404
-8.42074 6.64834 -13.3404
-9.44728 5.0851 -13.3404
-10.1868 3.36734 -13.3404
0 0 0
0 0 0
0 0 0
0 0 0
0 0 0
0 0 0
0 0 0
0 0 0
0 0 0
0 0 0
0 0 0
0 0 0
0 0 0
0 0 0
0 0 0
0 0 0
0 0 0
0 0 0
0 0 0
0 0 0
0 0 0
0 0 0
0 0 0
0 0 0
0 0 0
0 0 0
0 0 0
0 0 0
0 0 0
0 0 0
0 0 0
0 0 0
0 0 0
0 0 0
0 0 0
0 0 0
0 0 0
0 0 0
0 0 0
0 0 0
0 0 0
0 0 0
0 0 0
0 0 0
0 0 0
0 0 0
0 0 0
0 0 0
0 0 0
0 0 0
0 0 0
0 0 0
0 0 0
0 0 0
0 0 0
0 0 0
0 0 0
0 0 0
0 0 0
0 0 0
0 0 0
0 0 0
0 0 0
0 0 0
0 0 0
0 0 0
0 0 0
0 0 0
0 0 0
0 0 0
0 0 0
0 0 0
0 0 0
0 0 0
0 0 0
0 0 0
0 0 0
0 0 0
0 0 0
0 0 0
0 0 0
0 0 0
0 0 0
0 0 0
0 0 0
0 0 0
0 0 0
0 0 0
0 0 0
0 0 0
0 0 0
0 0 0
0 0 0
0 0 0
0 0 0
0 0 0
0 0 0
0 0 0
0 0 0
0 0 0
0 0 0
0 0 0
-19.646 -3.46413 0
-18.746 -6.823 0
-17.2764 -9.97456 0
-15.2819 -12.823 0
-12.823 -15.2819 0
-9.97456 -17.2764 0
-6.823 -18.746 0
-3.46413 -19.646 0
1.50606e-13 -19.9491 0
3.46413 -19.646 0
6.823 -18.746 0
9.97456 -17.2764 0
12.823 -15.2819 0
15.2819 -12.823 0
17.2764 -9.97456 0
18.746 -6.823 0
19.646 -3.46413 0
-19.646 -3.46413 0
-19.646 -3.46413 0
-19.646 -3.46413 0
-19.646 -3.46413 0
-19.646 -3.46413 0
-18.746 -6.823 0
-18.746 -6.823 0
-18.746 -6.823 0
-18.746 -6.823 0
-18.746 -6.823 0
-17.2764 -9.97456 0
-17.2764 -9.97456 0
-17.2764 -9.97456 0
-17.2764 -9.97456 0
-17.2764 -9.97456 0
-15.2819 -12.823 0
-15.2819 -12.823 0
-15.2819 -12.823 0
-15.2819 -12.823 0
-15.2819 -12.823 0
-12.823 -15.2819 0
-12.823 -15.2819 0
-12.823 -15.2819 0
-12.823 -15.2819 0
-12.823 -15.2819 0
-9.97456 -17.2764 0
-9.97456 -17.2764 0
-9.97456 -17.2764 0
-9.97456 -17.2764 0
-9.97456 -17.2764 0
-6.823 -18.746 0
-6.823 -18.746 0
-6.823 -18.746 0
-6.823 -18.746 0
-6.823 -18.746 0
-3.46413 -19.646 0
-3.46413 -19.646 0
-3.46413 -19.646 0
-3.46413 -19.646 0
-3.46413 -19.646 0
1.51141e-13 -19.9491 0
1.51141e-13 -19.9491 0
1.5056e-13 -19.9491 0
1.51141e-13 -19.9491 0
1.51141e-13 -19.9491 0
3.46413 -19.646 0
3.46413 -19.646 0
3.46413 -19.646 0
3.46413 -19.646 0
3.46413 -19.646 0
6.823 -18.746 0
6.823 -18.746 0
6.823 -18.746 0
6.823 -18.746 0
6.823 -18.746 0
9.97456 -17.2764 0
9.97456 -17.2764 0
9.97456 -17.2764 0
9.97456 -17.2764 0
9.97456 -17.2764 0
12.823 -15.2819 0
12.823 -15.2819 0
12.823 -15.2819 0
12.823 -15.2819 0
12.823 -15.2819 0
15.2819 -12.823 0
15.2819 -12.823 0
15.2819 -12.823 0
15.2819 -12.823 0
15.2819 -12.823 0
17.2764 -9.97456 0
17.2764 -9.97456 0
17.2764 -9.97456 0
17.2764 -9.97456 0
17.2764 -9.97456 0
18.746 -6.823 0
18.746 -6.823 0
18.746 -6.823 0
18.746 -6.823 0
18.746 -6.823 0
19.646 -3.46413 0
19.646 -3.46413 0
19.646 -3.46413 0
19.646 -3.46413 0
19.646 -3.46413 0
-3.81738 -1.30546 -12.2197
-3.53256 -1.94848 -12.2199
-3.1405 -2.53231 -12.2201
-2.65309 -3.03924 -12.2203
-2.08509 -3.45387 -12.2204
-1.45373 -3.76358 -12.2204
-0.778147 -3.95889 -12.2203
-0.0788865 -4.03385 -12.2202
0.622778 -3.98621 -12.2202
1.30551 -3.81745 -12.2203
1.9486 -3.53276 -12.2204
2.53252 -3.14079 -12.2205
3.03955 -2.65343 -12.2205
3.45424 -2.0854 -12.2204
3.76393 -1.45396 -12.2202
3.95918 -0.77828 -12.2199
4.03403 -0.0789502 -12.2197
-7.49414 -2.48288 -16.4113
7.89196 -0.230098 -16.4113
-11.2459 -3.16913 -15.0172
11.6522 -0.868416 -15.0172
-15.2042 -3.43942 -9.42235
15.464 -1.96822 -9.42237
-14.3758 -6.02733 -9.42248
-13.1108 -8.43211 -9.42266
-11.4474 -10.5807 -9.42282
-9.43622 -12.4079 -9.4229
-7.13832 -13.8581 -9.4229
-4.62349 -14.8872 -9.42283
-1.96814 -15.4638 -9.42278
0.747026 -15.5706 -9.42276
3.43949 -15.2043 -9.42282
6.02746 -14.376 -9.42292
8.43233 -13.111 -9.423
10.581 -11.4477 -9.42301
12.4083 -9.43653 -9.4229
13.8584 -7.13856 -9.42272
14.8874 -4.62364 -9.42252
-6.94893 -3.74647 -16.4115
-6.19272 -4.89624 -16.4118
-5.24845 -5.89731 -16.4121
-4.14476 -6.71926 -16.4122
-2.91512 -7.33707 -16.4122
-1.59684 -7.73189 -16.4121
-0.229983 -7.89169 -16.412
1.14388 -7.81163 -16.412
2.48298 -7.49424 -16.4121
3.74666 -6.94922 -16.4123
4.89657 -6.19315 -16.4124
5.89779 -5.24895 -16.4124
6.71981 -4.14523 -16.4122
7.3376 -2.91547 -16.4119
7.73231 -1.59705 -16.4116
-10.5245 -5.07378 -15.0174
-9.48351 -6.82429 -15.0177
-8.15444 -8.36751 -15.0179
-6.57766 -9.65655 -15.0181
-4.801 -10.6522 -15.0181
-2.8784 -11.3241 -15.018
-0.868295 -11.6519 -15.0179
1.16821 -11.6256 -15.0178
3.16923 -11.246 -15.0179
5.07398 -10.5248 -15.0181
6.82462 -9.48393 -15.0182
8.36798 -8.15493 -15.0182
9.65709 -6.57812 -15.0181
10.6527 -4.80135 -15.0178
11.3246 -2.87863 -15.0175
-3.54411 -0.921387 -9.80438
-3.33022 -1.5228 -9.80443
-3.01518 -2.07794 -9.8045
-2.60855 -2.56997 -9.80457
-2.12267 -2.98392 -9.80461
-1.57229 -3.30722 -9.80463
-0.974117 -3.53003 -9.80462
-0.346337 -3.64556 -9.80462
0.291971 -3.65032 -9.80463
0.921407 -3.54417 -9.80466
1.52285 -3.33034 -9.80468
2.07805 -3.01535 -9.8047
2.57012 -2.60873 -9.80468
2.98411 -2.12283 -9.80463
3.30741 -1.5724 -9.80454
3.53019 -0.974183 -9.80445
3.64566 -0.346364 -9.80439
-7.15127 -1.81915 -13.8096
7.34242 -0.736474 -13.8096
-10.9483 -2.45999 -13.1946
11.1296 -1.43295 -13.1946
-15.0637 -2.96048 -8.57669
15.1679 -2.37016 -8.57671
-14.3207 -5.53126 -8.57674
-13.1426 -7.93398 -8.57682
-11.5652 -10.0956 -8.57689
-9.63644 -11.9506 -8.57694
-7.41487 -13.4424 -8.57695
-4.96798 -14.5258 -8.57694
-2.37013 -15.1678 -8.57693
0.299745 -15.3489 -8.57693
2.96051 -15.0637 -8.57696
5.53132 -14.3208 -8.57699
7.93409 -13.1428 -8.57702
10.0958 -11.5654 -8.57701
11.9508 -9.63662 -8.57696
13.4426 -7.415 -8.57687
14.526 -4.96805 -8.57678
-6.72664 -3.03329 -13.8097
-6.09769 -4.15526 -13.8098
-5.28352 -5.15101 -13.8099
-4.30882 -5.99027 -13.81
-3.20319 -6.64754 -13.81
-2.0002 -7.10282 -13.81
-0.736426 -7.34226 -13.81
0.549733 -7.35859 -13.81
1.81919 -7.15134 -13.81
3.03338 -6.72682 -13.8101
4.15543 -6.09795 -13.8101
5.15125 -5.28379 -13.8101
5.99057 -4.30907 -13.81
6.64784 -3.20337 -13.8099
7.10307 -2.00031 -13.8097
-10.3547 -4.32374 -13.1947
-9.44655 -6.05611 -13.1948
-8.25142 -7.6045 -13.1949
-6.80559 -8.92186 -13.195
-5.15296 -9.96816 -13.195
-3.34374 -10.7116 -13.195
-1.4329 -11.1295 -13.195
0.521488 -11.2092 -13.195
2.46003 -10.9484 -13.195
4.32383 -10.3549 -13.1951
6.05628 -9.44681 -13.1951
7.60475 -8.2517 -13.1951
8.92217 -6.80584 -13.195
9.96847 -5.15315 -13.1949
10.7118 -3.34385 -13.1947
-3.35339 -0.776093 -8.20064
-3.16765 -1.3466 -8.20066
-2.88568 -1.8762 -8.20068
-2.51604 -2.34879 -8.20071
-2.06996 -2.75002 -8.20073
-1.56098 -3.06769 -8.20074
-1.00457 -3.29216 -8.20075
-0.417635 -3.4166 -8.20076
0.181997 -3.43723 -8.20077
0.776102 -3.35342 -8.20078
1.34663 -3.16772 -8.20078
1.87625 -2.88577 -8.20079
2.34887 -2.51614 -8.20077
2.75012 -2.07005 -8.20075
3.0678 -1.56105 -8.20071
3.29225 -1.00461 -8.20068
3.41666 -0.417649 -8.20065
-6.90889 -1.51735 -12.1309
7.0113 -0.937148 -12.1309
-10.7402 -2.16699 -11.9959
10.8338 -1.63708 -11.9959
-14.9389 -2.77796 -7.95755
14.9882 -2.499 -7.95756
-14.2296 -5.32987 -7.95756
-13.0879 -7.71983 -7.95759
-11.5485 -9.87523 -7.95761
-9.65822 -11.7306 -7.95763
-7.47451 -13.2295 -7.95764
-5.06367 -14.3265 -7.95765
-2.49898 -14.9881 -7.95767
0.141648 -15.1944 -7.95767
2.77798 -14.939 -7.95768
5.3299 -14.2296 -7.95769
7.71989 -13.088 -7.95769
9.87532 -11.5486 -7.95768
11.7307 -9.65832 -7.95765
13.2296 -7.47458 -7.95762
14.3266 -5.06372 -7.95758
-6.5404 -2.694 -12.1309
-5.97321 -3.78879 -12.1309
-5.22454 -4.76847 -12.131
-4.31714 -5.60327 -12.131
-3.27856 -6.26782 -12.131
-2.14036 -6.74193 -12.131
-0.937123 -7.0112 -12.131
0.294597 -7.06743 -12.1311
1.51737 -6.90892 -12.1311
2.69405 -6.54049 -12.1311
3.78888 -5.97334 -12.1311
4.7686 -5.22469 -12.1311
5.60343 -4.31727 -12.131
6.26799 -3.27866 -12.131
6.74208 -2.14042 -12.1309
-10.2007 -3.99907 -11.9959
-9.35128 -5.70964 -11.9959
-8.21774 -7.24673 -11.996
-6.83452 -8.56364 -11.996
-5.24364 -9.62036 -11.996
-3.49342 -10.3848 -11.996
-1.63705 -10.8337 -11.996
0.269065 -10.9534 -11.9961
2.16701 -10.7402 -11.9961
3.99912 -10.2008 -11.9961
5.70973 -9.35142 -11.9961
7.24687 -8.21789 -11.9961
8.56381 -6.83466 -11.996
9.62054 -5.24374 -11.996
10.3849 -3.49348 -11.9959
-3.30717 -0.531958 -7.97321
-3.16454 -1.09816 -7.97321
-2.92577 -1.63099 -7.97322
-2.5981 -2.11426 -7.97323
-2.19149 -2.53329 -7.97324
-1.71829 -2.87536 -7.97324
-1.19289 -3.13006 -7.97325
-0.631237 -3.28965 -7.97326
-0.0504047 -3.3493 -7.97326
0.531962 -3.30718 -7.97327
1.09817 -3.16457 -7.97327
1.63101 -2.92581 -7.97327
2.1143 -2.59814 -7.97327
2.53335 -2.19153 -7.97325
2.87541 -1.71832 -7.97324
3.13011 -1.19291 -7.97322
3.28969 -0.631245 -7.97321
-6.8163 -1.26679 -11.9277
6.83854 -1.14093 -11.9277
-10.6265 -2.03395 -12.0463
10.6813 -1.72319 -12.0463
-14.849 -2.79972 -8.23213
14.9111 -2.44778 -8.23214
-14.1372 -5.33568 -8.23213
-12.9959 -7.70952 -8.23214
-11.4597 -9.8491 -8.23215
-9.57533 -11.6894 -8.23216
-7.40001 -13.1746 -8.23216
-4.99985 -14.2594 -8.23217
-2.44777 -14.911 -8.23218
0.178694 -15.1096 -8.23218
2.79973 -14.849 -8.23219
5.3357 -14.1372 -8.23219
7.70955 -12.9959 -8.23219
9.84915 -11.4598 -8.23219
11.6895 -9.57538 -8.23218
13.1746 -7.40005 -8.23216
14.2595 -4.99987 -8.23215
-6.49275 -2.43117 -11.9277
-5.97193 -3.52169 -11.9277
-5.26967 -4.5052 -11.9277
-4.40729 -5.35182 -11.9277
-3.411 -6.03583 -11.9278
-2.31107 -6.53646 -11.9278
-1.14091 -6.83848 -11.9278
0.0639084 -6.93271 -11.9278
1.26679 -6.81631 -11.9278
2.43119 -6.49279 -11.9278
3.52173 -5.97199 -11.9278
4.50526 -5.26974 -11.9278
5.3519 -4.40735 -11.9278
6.03592 -3.41105 -11.9278
6.53654 -2.3111 -11.9277
-10.1118 -3.84832 -12.0463
-9.28996 -5.54575 -12.0463
-8.18581 -7.07467 -12.0463
-6.83294 -8.38864 -12.0463
-5.27246 -9.44773 -12.0463
-3.55178 -10.2198 -12.0463
-1.72318 -10.6813 -12.0463
0.157785 -10.8182 -12.0463
2.03396 -10.6265 -12.0463
3.84834 -10.1119 -12.0463
5.54579 -9.29002 -12.0463
7.07474 -8.18588 -12.0463
8.38873 -6.83301 -12.0463
9.44783 -5.27251 -12.0463
10.2198 -3.55181 -12.0463
-3.17732 -0.921981 -6.86812
-2.96894 -1.45971 -6.86812
-2.67036 -1.95308 -6.86812
-2.29064 -2.38711 -6.86812
-1.84132 -2.74861 -6.86813
-1.33606 -3.0266 -6.86813
-0.790195 -3.21262 -6.86813
-0.220325 -3.30103 -6.86813
0.35624 -3.28914 -6.86814
0.921983 -3.17732 -6.86814
1.45971 -2.96895 -6.86814
1.95309 -2.67037 -6.86814
2.38713 -2.29066 -6.86814
2.74863 -1.84134 -6.86814
3.02662 -1.33607 -6.86813
3.21264 -0.790202 -6.86813
3.30105 -0.220329 -6.86812
-6.71866 -1.40368 -10.6735
6.79358 -0.978893 -10.6735
-10.617 -1.82867 -10.9441
10.6022 -1.91285 -10.9441
-14.9161 -2.3527 -7.40968
14.8212 -2.89078 -7.40968
-14.2809 -4.9071 -7.40968
-13.2118 -7.31241 -7.40968
-11.7413 -9.49552 -7.40968
-9.91408 -11.3901 -7.40968
-7.78559 -12.9386 -7.40969
-5.42053 -14.094 -7.40969
-2.89078 -14.8212 -7.40969
-0.273191 -15.098 -7.40969
2.3527 -14.9161 -7.4097
4.90711 -14.2809 -7.4097
7.31242 -13.2119 -7.4097
9.49554 -11.7414 -7.4097
11.3901 -9.91409 -7.4097
12.9387 -7.7856 -7.40969
14.0941 -5.42054 -7.40968
-6.37284 -2.54903 -10.6735
-5.83338 -3.61694 -10.6735
-5.11668 -4.57494 -10.6735
-4.24451 -5.39394 -10.6736
-3.24338 -6.04904 -10.6736
-2.1437 -6.52035 -10.6736
-0.978888 -6.79355 -10.6736
0.215672 -6.86033 -10.6736
1.40368 -6.71866 -10.6736
2.54904 -6.37285 -10.6736
3.61695 -5.8334 -10.6736
4.57496 -5.1167 -10.6736
5.39397 -4.24454 -10.6736
6.04908 -3.2434 -10.6736
6.52039 -2.14371 -10.6736
-10.1382 -3.64451 -10.9441
-9.35129 -5.34962 -10.9441
-8.28027 -6.89217 -10.9441
-6.95766 -8.22532 -10.9441
-5.42364 -9.30854 -10.9441
-3.72484 -10.1089 -10.9441
-1.91285 -10.6022 -10.9441
-0.0427398 -10.7733 -10.9441
1.82867 -10.617 -10.9441
3.64452 -10.1382 -10.9441
5.34963 -9.35131 -10.9441
6.8922 -8.28029 -10.9441
8.22535 -6.95768 -10.9441
9.30858 -5.42366 -10.9441
10.109 -3.72485 -10.9441
-3.45415 0.299177 -8.24071
-3.45362 -0.305174 -8.24071
-3.34816 -0.900254 -8.24071
-3.14097 -1.46798 -8.24071
-2.83834 -1.9911 -8.24072
-2.44947 -2.45372 -8.24072
-1.98617 -2.84179 -8.24071
-1.46252 -3.14351 -8.24072
-0.89444 -3.34972 -8.24072
-0.299178 -3.45415 -8.24072
0.305173 -3.45362 -8.24072
0.900254 -3.34817 -8.24072
1.46798 -3.14097 -8.24072
1.9911 -2.83834 -8.24072
2.45373 -2.44947 -8.24072
2.8418 -1.98617 -8.24071
3.14352 -1.46252 -8.24071
-6.84788 -0.854684 -12.989
6.72723 -1.53897 -12.989
-10.5057 -2.17718 -13.3403
10.6167 -1.54727 -13.3403
-14.6219 -3.52234 -8.93577
14.9448 -1.69106 -8.93577
-13.7881 -6.00788 -8.93577
-12.5353 -8.31088 -8.93577
-10.9017 -10.3614 -8.93577
-8.93687 -12.097 -8.93578
-6.70048 -13.4651 -8.93577
-4.26049 -14.4241 -8.93577
-1.69105 -14.9448 -8.93578
0.929766 -15.0114 -8.93578
3.52234 -14.6219 -8.93578
6.00788 -13.7881 -8.93578
8.31089 -12.5353 -8.93578
10.3614 -10.9017 -8.93578
12.097 -8.93688 -8.93578
13.4651 -6.70048 -8.93578
14.4241 -4.2605 -8.93577
-6.59543 -2.03082 -12.989
-6.14258 -3.14525 -12.989
-5.50309 -4.16411 -12.989
-4.6964 -5.05645 -12.989
-3.747 -5.79515 -12.989
-2.68376 -6.35777 -12.989
-1.53897 -6.72721 -12.989
-0.347423 -6.89225 -12.989
0.854683 -6.84788 -12.989
2.03082 -6.59543 -12.989
3.14525 -6.14258 -12.989
4.16412 -5.5031 -12.989
5.05646 -4.6964 -12.989
5.79516 -3.74701 -12.989
6.35778 -2.68376 -12.989
-9.968 -3.9684 -13.3403
-9.12746 -5.63903 -13.3403
-8.00958 -7.13832 -13.3403
-6.64834 -8.42072 -13.3403
-5.08509 -9.44727 -13.3404
-3.36734 -10.1868 -13.3404
-1.54727 -10.6167 -13.3404
0.319817 -10.7241 -13.3404
2.17718 -10.5057 -13.3404
3.9684 -9.968 -13.3404
5.63903 -9.12746 -13.3404
7.13833 -8.00958 -13.3404
8.42074 -6.64834 -13.3404
9.44728 -5.0851 -13.3404
10.1868 -3.36734 -13.3404
LOOKUP_TABLE default
